ftb-00000	0	sha256:6e61982779a1c7b79cf291478d20b67a5c1cb8480c84f8b11e2f5c464c6f7a69	1
ftb-00000	0	sha256:a99ea5d4823fac28ed2e2920ecbec6026a941f86256e7f57557fad4bb99fd2d3	2
ftb-00001	0	sha256:bb7b66c982bac2edf9e882482c3be521332eefabc4013b088800e730c9a0bb92	2
ftb-00001	0	sha256:e525a446c9a93992e05d44703836a0236657d3420de374358e81dce1a67742c6	1
ftb-00002	0	sha256:844f0f0e1f8049ed9629562483456165a25f7586417e8ecea4625d312b5ca050	2
ftb-00002	0	sha256:ece88a0fa67981d727ade0e8df04eb80eff8816fe4d8de5e90d12c46861e89c5	1
ftb-00003	0	sha256:8adc46faef6ce1faa4bb31d118ec10f89685c209bd0795749423bb63235c89e4	1
ftb-00003	0	sha256:bfce33c167e3db678b82474db212f8c43bc2c2d20c0842bdb91cf7c6a8d042ed	2
ftb-00004	0	sha256:9f0496c4b701716d658a42b869b339f9c150c0a2096e5c9790886c046a7a63f0	2
ftb-00004	0	sha256:ef32cfdc2c1a0e177c251dfaed8034c61d62a9ee1571f924dcd6498f84e0a04c	1
ftb-00005	0	sha256:3cf262f4c1028bb29f061471591c23fc7bbb5f32ad087efdc6f564ccc2d7e028	2
ftb-00005	0	sha256:5527aadd9cbb47d837b38135207b772d5fbd288f4fea1a38352da86aa78d3afb	2
ftb-00005	0	sha256:676f76832be26d117b15ce41ea285c82a85f25e4176fe1c5c4194f30b5c3b64e	1
ftb-00005	0	sha256:d71c9a3cc206a8a364101db737492332d1b02ce4b4706bb8f09e52e82185abd1	1
ftb-00006	0	sha256:9301c82bfd66931fa3ca9fcce4bceca19f4b8e0054d803d7031131afb016d044	1
ftb-00006	0	sha256:c10527c6ed4cdc0fe29d2dcf0fcab739a61207271defe9d18c5f1f6fdcb12a7b	2
ftb-00007	0	sha256:043d7330401571d242ad61ba854d7a92e3b42844511a66ee4d99ed07495b63b5	2
ftb-00007	0	sha256:54619e2f138c55ebfa751916d0bba72be5b3f0bee9ae25e166f34056ffa645c0	1
ftb-00008	0	sha256:604867fbe0627147198c672844f0884eae352ff4eeee6bef29c8377376b1dc82	1
ftb-00008	0	sha256:f2a1dc0d09554f392f5b36284c761bbd72bb59da3da65d87574b0b9df8ef3672	2
ftb-00009	0	sha256:d0dc74be56a3bc3a2a854cbc0c526dcded2587a4aba2daf901f8a915a73929bc	1
ftb-00009	0	sha256:e15fd7ab6fbb4fcab7c87ae10c1de0d19b0d8a3c9b9892fc2cfbea99fc1bb86c	2
ftb-00010	0	sha256:5b9739e83a2da4cf5a6636c9972b54fad76ad2d7b6fe538460865c2aac9d8f93	2
ftb-00010	0	sha256:8fc18941ddf0810724eceeebb6c0b010cd1379f5ce60a9c97d256077cb5282c0	1
ftb-00011	0	sha256:12f168079cdd6d6d40613f3e88c16b1e83fb176c0effa8bfa641fa6c2f225810	1
ftb-00011	0	sha256:2e86fa3c3041c1d3d972522299f4d0c5cad8aac8e42230058c986c0c78ab9b86	2
ftb-00011	0	sha256:6d1283af28e783d79622cca615542edb1e42f4a848409899310525b3ead8001e	2
ftb-00011	0	sha256:9026f980e62fd7d37d5aa3450dfae558d555222309e44f0ec8d6875874d6727f	1
ftb-00012	0	sha256:20903a17fd9ff01dc9f7b6bca97e9a3812fb0f9c908474be78a746ff250d26f8	1
ftb-00012	0	sha256:6e870a32d627e61f9f5c2a761ebe26eb7e14ba9b3a7b9d7049c922542a47ea95	2
ftb-00013	0	sha256:a7ba69e1cf481ded4f64bf6977063f92cae088f8be7c2b2aa2dc746e1b074acc	1
ftb-00013	0	sha256:b58118717fde6ff6e4e4ac79e4f81ab6e6a63e411a90976be8ad0e6a54da3b82	2
ftb-00013	0	sha256:beb2e090a4672910dcfe6f36704f010be9a6ecc4ebb39895721eb64b5027bbaf	1
ftb-00013	0	sha256:ca451e01484e38a45eb9740385e51e77c9eb868e235d55c4aced302ff00516aa	2
ftb-00014	0	sha256:be5f7319b0ce88feec52fc5596c2b53cab59958ece7f6e3300db5e2a104c46a9	1
ftb-00014	0	sha256:d9e67ae3a5c0be85300198989d4071fc20ec73e8ab2fefa1333b25c9b37afdf7	2
ftb-00015	0	sha256:18cf094d2d7a72572c22f108b778e70a7a6d12564768ae3b05152d5125e411a7	1
ftb-00015	0	sha256:2a810b7b6e6394fed0fdff4211c27a72171951183147ca30ba3c0a4ee60531c2	2
ftb-00015	0	sha256:7e1850fb9f8b686a94a8ad4263358f81d39485b606c973491fc68729632273c1	1
ftb-00016	0	sha256:1df1e69a0c8bdf432830be116b05624c4cf1fe52e93e8edc33ff9891eb31cfd4	1
ftb-00016	0	sha256:a044a940c6934c0e3445d4bd0cfa16393e0485a39c2d4a37cbec29e6360d4b46	2
ftb-00016	0	sha256:cb4bd283b63f76c3565ff8c3294cd9ab8de74d4d183bbddfa01590d2e0458e5f	1
ftb-00016	0	sha256:d1a7883f76bcaa6fc9e864e299452fa9ca58a7e09eaf0d6cac345ae3b527aa14	2
ftb-00017	0	sha256:35ee514709df9b1496a2b3a4979f4d0ef84596e423e933ed726c71e111f20d14	2
ftb-00017	0	sha256:4dea233a40bd414eb7287ab7304980dbb3bd5508f8fc3ddaf7010091ff6595fa	1
ftb-00017	0	sha256:6c3a72e55073c7c65aad0d8a79dce8f78bd7da2a54999a0938357ff11099b724	2
ftb-00017	0	sha256:d6f2385056a8fe435a7b5e6fe391712aca2bb98a3742b1ba1f035cf4a698020f	1
ftb-00018	0	sha256:340ac7fb3ba254873c7b2730f5db59346891aac5629e3da3125be287e32732c3	2
ftb-00018	0	sha256:df26169e95aa874ef057e99f8387b17674e7aa331ff7a4379f63918db2fa2540	2
ftb-00018	0	sha256:fbb67b7009d10d20cb62a727ad29344af831c4dae9942bf0450b22429c174a51	1
ftb-00018	0	sha256:fbc399133a93f2c8524d1e230f498c465e2151d5ddd43e517f63ef70fb1122a1	1
ftb-00019	0	sha256:013fe3a1d07fe25c7575b331792daa8518cf85aaa021e30f7cccc28b41ed7a92	1
ftb-00019	0	sha256:569031aa48715707d5e02de7df9e5468798bd1ff34e946d41ea6017e18139490	2
ftb-00019	0	sha256:61582dbb699eba09c3ae6447c4aefa166f2fef4b8d0a61f0dd3e581efe7dc28c	2
ftb-00019	0	sha256:a7ba69e1cf481ded4f64bf6977063f92cae088f8be7c2b2aa2dc746e1b074acc	1
ftb-00020	0	sha256:52be12b65ffacc1c889b29a73a058cc8267287d8bda4fb9ea53f3b99dd637a81	2
ftb-00020	0	sha256:71dc4dee15628061864474874f29e51c2609a4348f6d6a587a8418d3febdf892	2
ftb-00020	0	sha256:b5c57d385fe16d1d16b35fccc40a314e021f8e1313a30bdae274c369cf2c7594	1
ftb-00020	0	sha256:c46d95f076f8f5ccc86a9cbc5a5d9782bda93aef3cb631f848ccd6e638bd7568	1
ftb-00021	0	sha256:501c6a63f2281f9ab10a906ec4af11c451a4d3978920837fdb122a1f4b107d45	1
ftb-00021	0	sha256:51b27670f1582f3f5433672a93ab17ad1fcb75f09f8b65a8f02874553fce0162	2
ftb-00021	0	sha256:d0dc74be56a3bc3a2a854cbc0c526dcded2587a4aba2daf901f8a915a73929bc	1
ftb-00021	0	sha256:daebe02eace7a3dcc5277de806c5706c09c8aae642175a79717219e33eec7c95	2
ftb-00022	0	sha256:0c126ade9cc69ca8810ecda03af20c20389d44917ed247ce33abdd0e40e11b53	2
ftb-00022	0	sha256:a7ba69e1cf481ded4f64bf6977063f92cae088f8be7c2b2aa2dc746e1b074acc	1
ftb-00023	0	sha256:059636c6daa312e9f14eb99e40d9823c57de0693b47e21199d5008a76a44c253	1
ftb-00023	0	sha256:760283067d5779aceeab8e6a51a85e92e2c28bd4306ddbae873337169b1daa4c	2
ftb-00024	0	sha256:100a277751a86d3ca5f508cb8d730ecad241c753756f9e02c987ffb618fef1a7	1
ftb-00024	0	sha256:f8b23983ee44aad0c1fcb163b21940d79a83f3741b850f9affce4138e0a0de0f	2
ftb-00025	0	sha256:138e9b6108f3d9628faac7e9d7994465d2d977f842d42a4e8937379a8cec5f21	1
ftb-00025	0	sha256:1843f3b954ac97b12ffe788e6298841bf6b2da193e3a7ee22c8397c363145a6a	2
ftb-00025	0	sha256:ad097e2ad4feb0642b2006c53d914c0292c2d2ee4c193e6b76713fcd7ec39c47	2
ftb-00025	0	sha256:b41ed0877d647e042fb7adec310b646bbb408fe42843c96324d8483c188237be	1
ftb-00026	0	sha256:1bda9e9ed1e428590d95e8af1f05213adebc6edc6eb6594f7164e306fadfaca3	2
ftb-00026	0	sha256:fd6d77b4c10be2e3d933099149d53bae7dac984d7736032ce3fdba5d7dec8259	1
ftb-00027	0	sha256:2696686bd43df3abaaef8fc62729a8f5616a33c7a0f420cd5b8c4fc802fb35b3	1
ftb-00027	0	sha256:40fd91b831696760635b58a3db7023502e56c5575f8e6ec90da41636e9fe79b2	2
ftb-00028	0	sha256:ea3f543a9cdb5ae892ff50ee14ca8e03aef5eb8d4e6bd809e1c0f0f4bd369e33	2
ftb-00028	0	sha256:fc0213c59e6f8b804e55b0c678d705bef1fd2e81dfa54814287bfc2d49bf7102	1
ftb-00029	0	sha256:08c1124199d2b934ec8b12bd43af08c3f3169e021b30dbf5a8299cfa389a6b12	1
ftb-00029	0	sha256:d8de18d576c72bffe10a9b0444d5018481831e52927ab21b21fffd8e27e44c67	2
ftb-00030	0	sha256:195eb6d1d94050efb417258a2d172af69cb500dd4d9da266bf1cb80185660526	2
ftb-00030	0	sha256:f75cc3608379b4570533fce72e3d3db8d1bc0dcec60b9e0ccf52d3dae4b46b1f	1
ftb-00031	0	sha256:1235eb96e3793fcf82842a52ce8369e07a9eac1fddd3927902b02e6a61bbbb20	2
ftb-00031	0	sha256:b61638d545c616a9a8c6adf15ece9c3bd06e11b25de0a36047aaf17d7b4f6657	1
ftb-00032	0	sha256:4f59249b69a020ac410b86fcb4e1e03a01f54e0930e541e354f58bcefd51c908	2
ftb-00032	0	sha256:a7ba69e1cf481ded4f64bf6977063f92cae088f8be7c2b2aa2dc746e1b074acc	1
ftb-00033	0	sha256:a51371a316573e9382e2b45782a30588cf93b1b83ddfcf153098c3348dbd582e	1
ftb-00033	0	sha256:cd1cf9b733cd8951cb0fa56b384cc597f14166df0a071637bc88c2f5c4ffef1a	2
ftb-00034	0	sha256:10d03a00a75b6e53cdc709582bc4043cddef01a352ee53bf7067c3cac82cca93	1
ftb-00034	0	sha256:5115987185d80f86892c0c639425c15b115d91073a2af05f4d213785113d7c35	2
ftb-00035	0	sha256:8f3cb9abab551b002207e359df1d67a59dd2049b24a8acd35ee8ab6427ac922a	2
ftb-00035	0	sha256:fef7578f0dfe07b7a76a6a53e69271e020df6dc24851650c15bf4f6066ee42e8	1
ftb-00036	0	sha256:5f3f2cd9512c360bb7796b7c567347b79de3b91d41d22c5821b801001398761e	2
ftb-00036	0	sha256:f888edf2e233c0db19de37cd1b11fdab94fe2e6488d36d90ea8923b784a206bf	1
ftb-00037	0	sha256:0cff6f8eb43e66026e376e1629dba92589f754a56b26ad4c969d6b228b07a50b	1
ftb-00037	0	sha256:f453b7d765d7444c2ccc2cfa8b4fd6a8c37681dd6ef7d755656aa34832a5c2f4	2
ftb-00038	0	sha256:5e8991e76a65dbfc198562679bfd36dbbf90c8dc2a7661cce17a65657f684b1b	2
ftb-00038	0	sha256:b2a6b038fa88f4da079000886765a195dc92850cecd96b0f8252f250d11c958d	1
ftb-00039	0	sha256:5dac414f4fe87c354eaeee8e823fb2127967015f30e7b769f05e9d72beef7cf5	1
ftb-00039	0	sha256:98e158bee33affd95e94bce1645e419da3fa947c676717d919f33451720eb524	2
ftb-00040	0	sha256:c02a48e5bd109f09e241c4a888858e84f959f2f9bb9eaa333ccaaec4d0c48adc	2
ftb-00040	0	sha256:fef7578f0dfe07b7a76a6a53e69271e020df6dc24851650c15bf4f6066ee42e8	1
ftb-00041	0	sha256:9f2a25036b304455b0dfcf2648f990f67f6b68b14a23da7f5a22e1f3b993afcd	2
ftb-00041	0	sha256:9f646cb8f5b5402a6afa6ab3af82143022fc49464267980827c33c03323ea3d0	1
ftb-00042	0	sha256:2ae706743374739d779306112c91aafbb061c8dd6ac4650ae2cc6bee6ead19be	1
ftb-00042	0	sha256:e3ed03a30810a95d23301640b9fb1ca67c91bc265d9a466f996f732a64164603	2
ftb-00043	0	sha256:dac544f1c0c0e556a094b5749c2b5a50227da9837fa2dd108846d4aae2d1208e	2
ftb-00043	0	sha256:e77e371ee734defef9c0d10aa2675efa1d46ee2e987e30717573f4cbde88a559	1
ftb-00044	0	sha256:3e1a289192301a7c659ec305657d0a340c558feb08cf68efac4fb8e2fc1649c1	1
ftb-00044	0	sha256:435738e01337424ede1af798ff8a53499014f252d5c8a784d18bed61a7ed1b79	2
ftb-00045	0	sha256:09fd0449dda9f8082521e97dad8a976346f3fe796e5d988c4b9fb77bd95dd7fa	2
ftb-00045	0	sha256:2cb355618eeab11d8394d8928e49cace55bae8603b5fca6695aef966c8dd2cff	1
ftb-00046	0	sha256:2d0b88450f40d84c65e8e485b93b97f3f2b1efcd698ebfd002b945a1397d8592	2
ftb-00046	0	sha256:5dac414f4fe87c354eaeee8e823fb2127967015f30e7b769f05e9d72beef7cf5	1
ftb-00047	0	sha256:4fd29b841353f5ffcf2fc01ba14d81918978e85235ad6c6c3f1ef9a6aba550cf	2
ftb-00047	0	sha256:ebdfa0bdf14fcd8b35f7f48901367dfdc23c772e2fe470cd7411648963e3368e	1
ftb-00048	0	sha256:85ad31c8492eb9ce5f3c5f4f5c7b492c42e615d4d488036b80291eed4b133d37	2
ftb-00048	0	sha256:fef7578f0dfe07b7a76a6a53e69271e020df6dc24851650c15bf4f6066ee42e8	1
ftb-00049	0	sha256:8c9a2bada2e35f6d020dfbf0ef64a0aa4e09189b98b5b52e354778d8e67fe38b	1
ftb-00049	0	sha256:ef183c173646446ece148e076ad45386a7633b1955edb82f6944b0e386b47a02	2
ftb-00050	0	sha256:08c1124199d2b934ec8b12bd43af08c3f3169e021b30dbf5a8299cfa389a6b12	1
ftb-00050	0	sha256:8cc73f6645f810c8b408fd84d174cda5d43fb05299f5da46336d0777b387666b	2
ftb-00051	0	sha256:5d5931966dc679ef7a957905c753f4bb78caf874fc07c8764b1cf0195ab08d45	2
ftb-00051	0	sha256:bf50edd0a0b34b2e91487e2402582ba2bfc728ad494bc5c7521cce38147d701a	1
ftb-00052	0	sha256:2ea9ffae51c09d9fcc7d5010d61df3d1bd073cebdef9f2411733ece118e2df04	1
ftb-00052	0	sha256:85deea0d324dedf7c28786a5127d1718d60b98eb3e3ead4d101746455199b892	2
ftb-00053	0	sha256:1784260a39a742d659605605509ea3ba4992d4044a63efb1212393ac1222edd9	1
ftb-00053	0	sha256:7f683b5a20b49cd60159d384babbc0fe15e64ff6be4c4fd8afb4ec7cb16b905e	2
ftb-00054	0	sha256:24a90e7da721fd76ff9af69cfce4cef259dddad6d17b7016f9dd505793502873	2
ftb-00054	0	sha256:566158aa11e5a81aaee665952af123dea3e9f4b967ba42638ca4c9dd441771aa	1
ftb-00055	0	sha256:1c283d35389307bd45f085bf243ad93c7c0bba7520358187cab3fd459d94f28e	1
ftb-00055	0	sha256:4474950da5ba8e5c59bd848a29be25ba2b91e93584fe79ec9a42221403aad23e	2
ftb-00055	0	sha256:ebdd3e8fbefe700d9d453eb2579c8ab99778c4bf83de58b2568e44758bd208e2	2
ftb-00055	0	sha256:fd547d90330628394e90ffc85e901a0dd88952fb12ecdb248092448277fd6aea	1
ftb-00056	0	sha256:8344babedda3079092428a31242745b4ded1581c5ddc04881e89b0b8be5f77c2	2
ftb-00056	0	sha256:fe7c288de8caaf2cc450b449a50db8beee3a5dc59af80ebe1cf6acf0470bb0d4	1
ftb-00057	0	sha256:3728278190fac6ffe0bc548e1c7b429a5ecb774e22944f79ec34672302a2e77f	2
ftb-00057	0	sha256:de05ff334adfef349682154f2ca68bf26dfddcf506fa9381bf055d2e1a7e74f0	1
ftb-00058	0	sha256:b1d9dd82bb8846fc6e8de10282e9e887132e8566a53dbf29bc13c3448e778a45	1
ftb-00058	0	sha256:bf9ab9b3de594f0b8f59f341372f87f17cc1c30ea8b8d979b26b07c8acf90f11	2
ftb-00059	0	sha256:9ceadf6f60895e22811e5fc3cf1db105d4fb8f876feab794babd1af52669ff90	2
ftb-00059	0	sha256:dfe085eba2c8ce95613683332efdb2b41dbef57084577aeddc935b625824ba8f	1
ftb-00060	0	sha256:56438fb3a9f630dd2e7a307df787d3bc9f8546622cc14959baf15d5ebf35d355	1
ftb-00060	0	sha256:a95ad8f5c0bf5c23bb0e98f06c9cee8d4cf95f75296e084260cfe012c922dbb0	2
ftb-00061	0	sha256:d5bd6e4cfed4efcded4b5ae300c4dca141557caded237b70eee6ef17c64a3519	2
ftb-00061	0	sha256:fbbacc1229f189fd70c7b7567ce535a6a10e0bde19c248e4dfdd6cbf9e137da2	1
ftb-00062	0	sha256:bbf40ceec0255310434552566e1559125719f4d5cc44dce5501370d9d8be1e23	2
ftb-00062	0	sha256:bee31d2fc7e765b3f39ab0c97ec74dd3c788947fec6439fb931567a8a4550959	1
ftb-00063	0	sha256:273575eed15d76d27ac7c14d43e528845d7a92db12ad37bd7358d50d52ef39fa	1
ftb-00063	0	sha256:b2081907bbee1907eb8ef080e4151e4299591b9516fa069f98ed6a735dc58bc0	2
ftb-00064	0	sha256:81eb804c3c095667896743625456490ae2da425fc823926f0b17fcdfbb2fcf93	2
ftb-00064	0	sha256:ae24aebe0f6e86b9dce311c39947acc1c264ced05883fd840bd5ee97b63bac94	1
ftb-00065	0	sha256:ca89aec2ec47a31274df4709553f5eb3091ebba1a86c232145049cfce1d428d9	2
ftb-00065	0	sha256:caa8dd6761668ce06aff67a7667b88f14344fe07732890dd70b27ae00b925f05	1
ftb-00066	0	sha256:5c52b05f18e2f1f4104636a5c0254814a292aeec563a3360f15c47bee2b2aeb3	2
ftb-00066	0	sha256:c602796e5b7b034e632f371953d491af152e366192bb22caad21bd01cd799988	1
ftb-00067	0	sha256:9c82849998ee4caf279c5982533a4c727dca06828644e459ce1c847b2de0cb55	2
ftb-00067	0	sha256:ddfceea7bc3fe99ce4da9791e578d63373ada91bd97c8cb02f093334e24196a8	1
ftb-00068	0	sha256:41d26023df755a16878375879b4d7fa6253cd6a1169da40ee0ea91731f900003	2
ftb-00068	0	sha256:69b3b0a2196c1e1ee3c10bfb08121f09dd7329a85975c5c1212d59a2c34e6761	1
ftb-00069	0	sha256:2e76532b0af322b2c2271f6bbce7d68da141b284c889c8e6d737e893ccbea52b	1
ftb-00069	0	sha256:9748c5209890ef79c395f04cef3e5e5bcf3369091419a05e3b0a5774eedc6235	2
ftb-00070	0	sha256:447e34063110000ea49fdf8cd72c1f9a6c56b3aec81a3aea64ef05acfc443966	1
ftb-00070	0	sha256:8c575732af9c89d2f0baa91a59cc2ba98ba7496729a3162c33cc3f0e90cd3253	2
ftb-00071	0	sha256:5cf7585de399360e9f56d8602ee56637d50871d23341f51dc3ed2ec0d2d105c9	2
ftb-00071	0	sha256:feef65d68553cf317b8786fc22a1a41f8c98eef9101a72318875c5ed3cb2c899	1
ftb-00072	0	sha256:2c2ddd75b4919af23221dc62f5149cd0528bd4722464cf534a710694b5b60e1d	1
ftb-00072	0	sha256:ac179b2d8ca605df5ccefc0f634639a3750c0446fd7a5729696c1278f1675d9a	2
ftb-00073	0	sha256:7bf5a1c2761904789692e93e0057d3acdd8280f9e7d2a64e899e52e80494b0aa	1
ftb-00073	0	sha256:ecd4134cfa4cecb2ff04593bf339e0a07bf13a8e30f44b54c92a3ccab2c71d3d	2
ftb-00074	0	sha256:a44d3b8f9e69c9ffe908c597f78ae34a9fafec8d3bcc11d135cfbc80c5d385bd	1
ftb-00074	0	sha256:dbf47e144710faaaa0a052a8573fde40f3391d2bba51f495c85ba3bcc7fe8ee0	2
ftb-00075	0	sha256:7605ef21b159463df1b976f14682985a6263ef44c8cba00bcf3cdaab393d6be3	2
ftb-00075	0	sha256:d34f91a34c0eb83504f21b28c64f89d24f24359549a8e1f57ae64b7866c2e611	1
ftb-00076	0	sha256:1f0a23d1dce173726f36d2daf1377b015b6ab29632cf79ef4fdf78afed54ba06	1
ftb-00076	0	sha256:e73ee1e5cace10ab053b1c98f54af8e4e93144a7696cddf416e2aead0793cc7f	2
ftb-00077	0	sha256:7086fbad8d8733aa6cea360b0d0057c2171ca120d6c6ee3ef4adc26bd235a620	2
ftb-00077	0	sha256:aa561407445aa643bb15811308d3216f30cfeb718d17a84c35ecec92a3d7e6c5	1
ftb-00078	0	sha256:0b9f07a997b8bdc7db3c6364ad4a0427e8c17690186a4e953349263e9f2cf023	2
ftb-00078	0	sha256:66bb5b6e015ee4e9656ce6d0849789dfa4b1f6794b7f83171a8809bf311425e7	1
ftb-00079	0	sha256:4d682879b43ad8546bf448886b567295477ad324705aaab33bc475120330335a	1
ftb-00079	0	sha256:8947701fd8d6d6474d7b01cb5d6d72cae8a98fa65e550a373c810a58c93d1df2	2
ftb-00080	0	sha256:34e59bee0ed79d137f4e16286c2161c1dffb8f74e611bffc55441101a5f0a5f6	2
ftb-00080	0	sha256:4b1d3925ab7979dbf854c15b99563091eeb6c342369c741761df3e7feef5c6e7	1
ftb-00081	0	sha256:e8c7827802c245b3067313ff9d8d3e6f80471201c14df64edbbeab74fb41a5ba	2
ftb-00081	0	sha256:f74f221c70555abf54b1c6d0cb165febe2361ceeee4a833da2ea21f28bb622f6	1
ftb-00082	0	sha256:200820cf107aaf861b5d1d90f6d416b24cee153a6c07ad26fffe57b8495dfc97	2
ftb-00082	0	sha256:9dfb9386a04d78753073fb63cbb1ea05680e602b8ea15d00fdafd34ab1b700ea	1
ftb-00083	0	sha256:16ec2f066eeff819ad5624f23a89d7165ba1a1fbfc4be06ff16cc73f8f8a76e3	2
ftb-00083	0	sha256:1fe12856d1436efa536d98f0fb1d391fbb30db281f8bc0c9bcc91695000b3a7b	1
ftb-00083	0	sha256:928a4484a6bd55ac24910d528e6360e9d506bd47909acd50c15afaffa7752047	1
ftb-00083	0	sha256:9bd62a58adfdfb59daed854fae16a4fa7b8965732e7723145d134c0758748a7a	2
ftb-00084	0	sha256:b9c11182f5f4e0d61a52d3ffb986f35eef628adf3105f71beb5e698ccb9c8b83	2
ftb-00084	0	sha256:c1bc4fe2939ba00e95bca835874b627678be0b8fdb1b8a263bc5afae042deee2	1
ftb-00085	0	sha256:276e5e7ca3bb89ff5132b58acec4c536484f5733c304d097bf3e411208111ed6	2
ftb-00085	0	sha256:2b499185623991577105e8d0af6f1d608b6c35ceefb4c1748bc126091c9fe062	1
ftb-00086	0	sha256:21c2aada99b1959db80c9b7486f6236191af51e6913380a8911414f08adf96ba	1
ftb-00086	0	sha256:e46eb4c35fe455c3422a376ff75e965a32db2705a4c8c53dce7dfebebf125c07	2
ftb-00087	0	sha256:4c635189d3c01bcd1611214c1a8e9447088b6161ae8be8871787a02ab7a7cb8f	2
ftb-00087	0	sha256:fb6563879098e77fe7714173a28fd4244ed4d7d22c60e7ece419f5aebd42391c	1
ftb-00088	0	sha256:07e6a45f685fde7c92ccc5e5cfa350a0ccd2c95c98c13e09369e2b869ef49367	2
ftb-00088	0	sha256:1067387c7e343b4fa2b8bf17fd04de7a9ab4dafd58c02c0b23c7f6e251e53ffc	1
ftb-00088	0	sha256:289a8516fe1820ded90e3d95c3ca3384ebf473ba2e0cfc68468e3ea71380e9ff	2
ftb-00088	0	sha256:8f606752b4dbaeb7a7d8593b4181ceb5ab2c528d8eef414b711e8c147a892e6c	1
ftb-00089	0	sha256:1e1766b3323e0a181344649e6d28fa4db88270d67990672c28697f5398d425b2	2
ftb-00089	0	sha256:7edbe23a41d9bab1ec267f74b24204757e4f1439e9875ab9e77fade7354cacbd	1
ftb-00090	0	sha256:2ded3f1520b91e257338f4bd0d3929524a9b4794416a91ad337113d02e2d62d4	1
ftb-00090	0	sha256:6b11963e3c2b9cdafa1d38ede6c85e803ec6864839f23843c35e7c5e8fbe4b66	2
ftb-00091	0	sha256:131ef315a9d1ad58a9f8517480b1f9276b3f8fbd4bbbf0b84de16e2153b2e7c9	2
ftb-00091	0	sha256:3b5ce140811dcc3384c5657f6090c8a0aca477750c0f43a275912b39a7fdad42	2
ftb-00091	0	sha256:6b2aa3363954494541acb026985ab4fafa09e2b822559bf36a2fddb4216de1ea	1
ftb-00091	0	sha256:931a01ce5a7c55b244704349467ffc97e554685496b629d05a7821629725db30	1
ftb-00092	0	sha256:8c0645efc61dfba380b8d66224332a35898a194aa46ce759ccec916bd9258b79	1
ftb-00092	0	sha256:c12fd7bd9d79c3346bbf79d46fc84acd1b3f08e4c219dd742d70d61ff8d6ca25	2
ftb-00093	0	sha256:60ffaf2da6a6d1c719e70c6482b897e25c0343fd82734ee9804aa6f3584dcf8e	1
ftb-00093	0	sha256:ee1c5e40fdff556ddc9060c34f3941b5825d5e93c4942350ab9d534d3e02a5dc	2
ftb-00094	0	sha256:1268c6f441419956b0718b1478bcd6b68c45ebf8ed31bc2c785118c9c8e45a7b	2
ftb-00094	0	sha256:fb6563879098e77fe7714173a28fd4244ed4d7d22c60e7ece419f5aebd42391c	1
ftb-00095	0	sha256:75d293c469c12d4de3b365b69d3805587499c1c37e49174a2dc6b73206503145	2
ftb-00095	0	sha256:f8b5409983ae6ea042a7ca163c54dde0dd8f4bec4d6ed8c72af08361b9e85f7f	1
ftb-00096	0	sha256:515d1dbdc453a9be12ffec8dcc31a720ce829ee63b311a1bd395fcb442be430e	2
ftb-00096	0	sha256:aeeb7f251ef7fa4c806dd21f934e762e2a477171a9982cdfd0709305b9ed315e	1
ftb-00097	0	sha256:2ccbda68f0737ba81d5a867cf2f462f13a6da09f3e90ef8ae2e74977359a36b7	2
ftb-00097	0	sha256:e41c7a708900ab9762cbe7f0fb9379fd9f77508d735fe99b946299d5bf196328	1
ftb-00098	0	sha256:160cdfa08a6f2ae0fbf9711486739b8fbf78cfd5524dd63c3a45324bd8fc43b7	2
ftb-00098	0	sha256:5c9686661aa46b057a7cbfc8b68fab560b184c1cb21b142c12a55847c4e9974c	1
ftb-00099	0	sha256:5ed32f2baf8b1a6891a9226d4d9872b5024d3337a563d68e15f7ee5d58dabe8d	1
ftb-00099	0	sha256:b5ddef7f46bce411f4d42f0c269cc7e6482849a5700631582454d7eb1528ed00	2
ftb-00100	0	sha256:5375282fa9e8920496516f29a54f887bb7aa8c68eff24710223063bc46f5f3a9	2
ftb-00100	0	sha256:ed59ebe62dc9651ce1273b35883840117591adeb35570b348f4621ec616b86f2	1
ftb-00101	0	sha256:47756838ece14117d252d951cc2787ae446fefb0243472acda4639f82151f2fc	2
ftb-00101	0	sha256:77bc6fc97f0c1113dfcc61c4985e20a5a1677040bfabbe236adee050a6f192d0	1
ftb-00102	0	sha256:54e595622a51d10a6162c2d6736c0bd7bf85cf522f6bc70d02c4a8e2697a8d5d	2
ftb-00102	0	sha256:ff4888bf82e647a41ef2d6cfa41017f5140e1300a149167bd08210f86da77fd0	1
ftb-00103	0	sha256:8b1cb3bb2d13cc15dd3c96af829b2fddce96d8ccbefac469b1fcee043b9dc1ff	2
ftb-00103	0	sha256:d4a2ba16f3b719e066a353ae3396bbaf9292b6c5b8ce96dcf17344e021560d2d	1
ftb-00104	0	sha256:337fe821dac61ef18fa3726378cf1b6a878933f0f2a1dff8ac4eb1aa791c56ff	1
ftb-00104	0	sha256:5aa86ea30f344f860a4e7d7b472f65fdf418eded4a0530d2d472c77b25d405a8	2
ftb-00105	0	sha256:4db897548052866648f23b857ba69230dabf64b99988d28c61a240b91106c00e	1
ftb-00105	0	sha256:f7ddb3a6ba4ad1ef3620d32417f76449dae2f8b1cdaee06cd968d4c9d7c963d4	2
ftb-00106	0	sha256:853e43c4c937f6f9da4ce1e9f9f99d652c462ddbad999119cf298c1da57c0b6c	1
ftb-00106	0	sha256:e023f86246ba9b82cae99be6441136eb2ef3b134da1fdf3ba2c18a4b90d54261	2
ftb-00107	0	sha256:93d6fb154d390cdbbedc21ddaaf2e007d4e969164504f98c11e99fdc557d9972	2
ftb-00107	0	sha256:d4a2ba16f3b719e066a353ae3396bbaf9292b6c5b8ce96dcf17344e021560d2d	1
ftb-00108	0	sha256:7be630efc18015d1e051faf645877a214d0dba98d48414f96c67c92d166cec6d	1
ftb-00108	0	sha256:eecd2bd84edcc2089934936a23bb1d66098d12bb7debd4b618876eec5d4228dc	2
ftb-00109	0	sha256:41de9e9f4542ad60dc39a14c606e11d91b53a8603122191f117fb99e5f679e23	2
ftb-00109	0	sha256:855bfb280e4cde570dcd5a26c9833bdd84d4187755464bd2258d347bb5f84c8d	1
ftb-00110	0	sha256:7be7aee782f51bdb04b0e2fbd37651b2236763e39b900a8f5f29a05afba4a547	1
ftb-00110	0	sha256:85f6c70a2d1aa4a427e02f841135a9bf6890e24fb297b4a66eaad067085eb90c	2
ftb-00111	0	sha256:9f1874bd6727e8450ffcf00a331491a586949ebcbb7c39399113e137e361a086	1
ftb-00111	0	sha256:ea139ab6d9bc1ae979df50e6c7c861e8d8054965d8ddf9508bfd2cbe6253f3a9	2
ftb-00112	0	sha256:2d801c6b59b82115ecc1bb4b27a228ee4ed08a4b52eaccb25014f95cff6f2108	2
ftb-00112	0	sha256:a6d09b23a25199164344ae5d72dd2db7212f63f6103c49c667a22ad5f276b561	1
ftb-00113	0	sha256:0b428cc2dafd7e6d4f620e02038213f655a221f408f63221ca8cef5703282da1	1
ftb-00113	0	sha256:2770195ea567ce2e4c12512e01e1b34b10e7f6e29e4752ccda959f2f74f0e3e8	2
ftb-00114	0	sha256:3f0f7267fa2609542c602b6bd89013b82f4c291c6be478dbd7ec4b8293565c39	1
ftb-00114	0	sha256:8ba551b435682a2ff3648f13be4fc297149c10a64c4265c5a714d52adce5fae1	2
ftb-00115	0	sha256:2d703ac62068dfcfbf6921e33d7b9ce1c122ef083654d6402046459bce2a8016	2
ftb-00115	0	sha256:cd3f8078bbc7e8c62e0387c6ea983f021763d376131654be4c5fc81d59ff3fbd	1
ftb-00116	0	sha256:38780db89b49d17485a2d091130c806defa23290bccf4ce601e6cf2775758ddf	1
ftb-00116	0	sha256:7113a4df4df7bc092e2ea7a04a2f91628fd9b625b13a255a2e7852c3aea1c0e7	2
ftb-00117	0	sha256:2b180b795087d94877c86bfdc41642d9b6a867fd7083ba2dfaead9dfa4b96c95	1
ftb-00117	0	sha256:adccb50089df5483e6057613d11288f63559247626c6f4b1368a2448abf56282	2
ftb-00118	0	sha256:3b4f7a39f9f257b31e607855e230ba0bea643b204941bf5ec877fa6ff02cfc7d	2
ftb-00118	0	sha256:f1e1918655c18715f289b9d02f6c84c52dee45df054189189752b956ec3d474a	1
ftb-00119	0	sha256:86cf38be3e8b1ceec532b510d846164222d75860ccff1c722c4db957a3fd3dc3	1
ftb-00119	0	sha256:b56e6201806b89ff1389725878042cc0d6dbf9af5dc0e01300e286e87c3a7e03	2
ftb-00120	0	sha256:2c733f432eafa8a330a45e5bfbbab9b9ddb2d4cbcac50c8fbfa0d55ac9aa3def	2
ftb-00120	0	sha256:aae943983a68e5df4adb4843b55e55e932a83aa59faf8715166c706a351da67f	1
ftb-00121	0	sha256:38b6cff2c8c3b1dd2fa7e2c400fabda1cd1b62997f7c0accd331f52ab0638a3e	2
ftb-00121	0	sha256:a6d09b23a25199164344ae5d72dd2db7212f63f6103c49c667a22ad5f276b561	1
ftb-00122	0	sha256:d4bd5cdac7f9c593eb7cc612d8ffcecebd3dd067a6c0a455041ebb79101afbb0	1
ftb-00122	0	sha256:eebbb32b021f86a408a1deff2c3f88b100629dc818e517554f052144fe1f5529	2
ftb-00123	0	sha256:0145166d3bab17442fc9766d8948268ed92da9240caef9198d045e171e1aad73	2
ftb-00123	0	sha256:7b8faa5902f8e4c5bc7a6cacef722afc20d9fcb000e817629aaf15c9b8a62751	1
ftb-00124	0	sha256:7e8f456b067dbb6bf162786f898d4070f7d9ae4751a3e0273c062e74a70a60f1	1
ftb-00124	0	sha256:d16dea2df12ad71bce9782effef0845deeb00a69105e88aa2349d87db07fe81d	2
ftb-00125	0	sha256:7a9da747586f163ac3ec1d2f5f06c01c3c25a9ffe6bf515d10e1235feff4b7a2	2
ftb-00125	0	sha256:eb94f48ab8e680ee1ccc7f54ddc3089a4c476ed3d2c611b37f8bfc816610accd	1
ftb-00126	0	sha256:83fb08f6d0e4a0925fc76793fa7def01cd84ce9c8c9aa21f12c98102015d11a0	2
ftb-00126	0	sha256:eb94f48ab8e680ee1ccc7f54ddc3089a4c476ed3d2c611b37f8bfc816610accd	1
ftb-00127	0	sha256:76d4060e69f8e5c2eddb20b45bf50f6361eb1c606eb7bbc79bb00c7ba27531d2	2
ftb-00127	0	sha256:f175dde4c77bb6c23f199159f045bf24b05940bb210c8add477ec8995c435525	1
ftb-00128	0	sha256:c0e0dcb3c5265e9d30dedaec51e74afa04d8b5033d3fcf0f75a213ed1201dc68	2
ftb-00128	0	sha256:dd8a358f9d4374e6307e1e3254d100d704249c31ceb8d0692cf8e26323161dac	1
ftb-00129	0	sha256:32ea8bd6d5f3c5e6f397df00b363624c25ced922f358f93c389cfd31d625595d	1
ftb-00129	0	sha256:ba77885b687460853d4a0eb657949295dbb76c387dcbf2d7b4eceded9ef2ad9f	2
ftb-00130	0	sha256:0d528ac0d8237755389b3de5a5f4d829a7a1b54a07e4bc6991513c66f9f278db	2
ftb-00130	0	sha256:89eb1df2a37d05425c1dfe8d444e02e77337c1c56c97ee6997bdc58852d111b7	1
ftb-00131	0	sha256:a348f45a0ba38b30acb90e8d2e8b2a29e929ace24c0d92517e0554109d4322b8	1
ftb-00131	0	sha256:c81b6bff5d2e4e7d55a898eef3ec0baa3fc6f8d7edcedf86f926989f467b275f	2
ftb-00132	0	sha256:1615540fed37e57f06c8f879444d1449a5537df76a1e7d226c9e287eeca9e801	2
ftb-00132	0	sha256:d9f16a5d18e8e78ed66640f15cff945ceb238cde02e2391cf4a5655cb88dccb9	1
ftb-00133	0	sha256:32e9d58350cbbd16a040b1036eb8597b840fa88e41ce401d9b7f81152900dd14	2
ftb-00133	0	sha256:cea5cc52785a67deb15a154504d98ede8e2cfd7f58b3782e207dfc0b5030b465	2
ftb-00133	0	sha256:d7efb3b4d271b8b435871d98ead2ad5a0e01bb7948b36053a3c47ea1e8bb2321	1
ftb-00133	0	sha256:d9e9ad75e0dc9f62598cb66552f0900fad4928d05f0a7e8e2ff86d5f52f41b26	1
ftb-00135	0	sha256:0f30549423970c61b557b8c2c160def427cb42d48f4be2bc03a26ad306222baf	2
ftb-00135	0	sha256:21b1457aa2d0572d3c3e31bb095bde46c46d58f3341bc2384b7a97cab3a98327	1
ftb-00135	0	sha256:29912345312c7572c388b2d3ff52ea2fe0d6b7ef938e3387063919fccb6443ba	1
ftb-00135	0	sha256:838dafd660cfd866bb6b7938dbad00b62dda3e155b74dcf13fe36da3db3fd594	2
ftb-00137	0	sha256:0f3e5c5f582f14219334c08e54cc9aa0c31d70c853c8461c8ff977ec5a563be4	2
ftb-00137	0	sha256:41728854fb5786b8b02d1f99d54f0e2a34eea3940f249298b16c47ddb72b52aa	1
ftb-00137	0	sha256:4d2577e092e92641bff139455655be3b7263f4bc4dea1218500968d4f8322a47	1
ftb-00137	0	sha256:d458ee946c314e45b251ec639423e5d6e28d9d7fa7ae4b6b5c3d874289eba3dc	2
ftb-00138	0	sha256:4ff616cde88c5fbbe98c37f6553f834f35d6d94cd8368095e1f35b1bb368dd64	1
ftb-00138	0	sha256:e458a579f1a6a848e7a2b97a519c1bea076feec0d12ea82c4bbde04e67d8970e	2
ftb-00139	0	sha256:3a02b05aa10e5498b88f9aeb622b90d220ecc7aa10ecf29bdbd159bf73ab6336	2
ftb-00139	0	sha256:74a116ffdc67881e531bc223521df23416bde121fc26fa75e9a117862978f5c6	1
ftb-00140	0	sha256:0061e4781855e534437338d80ee47f843fc48af5b5a7579e34383a00e10dccf0	2
ftb-00140	0	sha256:e2cc058d59f84e0d98013e4f136aca53dd95b0d1f5c25e1b3cf21694a1ad4f15	1
ftb-00141	0	sha256:32cd81ff2c0297b8d3b9cf9d6d86628e1ec13cfc79b4d131dbcd0d81d4a43fb0	1
ftb-00141	0	sha256:6bb4cf6da065e97d1a210454e618a8127445ec60dbfd4641e150c9a30f8d6c0d	2
ftb-00142	0	sha256:01d1750c0277d48538bbc04ed49f4fecc20789a7afc39077ef4a195212c91260	2
ftb-00142	0	sha256:1184247ac7f7e2fce9dbe562830fda17c5b3be72ce3c1943e4667357d434ee9a	1
ftb-00143	0	sha256:7e3e96f2a6b7f1aa65c69471a8cc6802ade6435ba52188ee16adfa670a89eeab	2
ftb-00143	0	sha256:e8c16e4b0c036f0659613883dc431062f3c5e125637cbe1c2b0af63c6c2eb7a8	1
ftb-00144	0	sha256:1690b0db8d91b35eae92fa71d689351b36d1a3d9fbb2aa0bab0f190a9af4fd35	2
ftb-00144	0	sha256:b876ca974e329dfe68aab5e09330bd40422b96c22ca39fe1fa9250b22014ddae	1
ftb-00145	0	sha256:0a52cfbc202a458d6701aba2e30ff97b64e41ef11992dc7253b7c14c3eaa1d35	2
ftb-00145	0	sha256:b0808925cdb7e738266c9cd2bda029f55a961bfd2d0e5eaac6b44ebde9f1dae2	1
ftb-00146	0	sha256:1065b121ccb68844c9c2ae078a28d7d87ef443f944a7cb696e2187e505b5c96f	1
ftb-00146	0	sha256:f740da0f445e15495a082a7d10346090c10cbe23668ad5ea544660c900d5c42d	2
ftb-00147	0	sha256:8e72e0cf44c9af44ddce1166cc31e07b2d475d093db87d15e7344aa02e1dacd6	1
ftb-00147	0	sha256:8f6fbbae67dc8d8d6027544905bd887afb73bb185b31434ac481255bab9c5f27	2
ftb-00148	0	sha256:1065b121ccb68844c9c2ae078a28d7d87ef443f944a7cb696e2187e505b5c96f	1
ftb-00148	0	sha256:e235a4a1e2161a62971498936be0dfb977ec2f802b66c3adff05127be210a386	2
ftb-00149	0	sha256:a8dfd0b06364dd151ca440c5a0e70050063414bb36569cf7b26d6cc210af89f7	2
ftb-00149	0	sha256:b876ca974e329dfe68aab5e09330bd40422b96c22ca39fe1fa9250b22014ddae	1
ftb-00150	0	sha256:513b14ce8d54fce07169bdd8c32d761ea9c9c1dd126f9f095d148650a511b6a8	2
ftb-00150	0	sha256:53f84f4b1c817e79e709d2a250785623a3eef9184355f992b1cf6114917cb04d	1
ftb-00151	0	sha256:b92720d0555273ef297f8a899f57735a689faa39388813ad92d675418a5744c4	1
ftb-00151	0	sha256:c87966230b52dac4cd5f9620e018abeae0c4e7e605becbcb1ff35dc341505df1	2
ftb-00152	0	sha256:51bd1c3cb946fbd239529d611910d1759dc93b59753e9a81d1f7a4d4eef8890f	1
ftb-00152	0	sha256:835594f68741e587299a12774026a2c9e2ec7634fbf631523f27dec61d2596b2	2
ftb-00153	0	sha256:ad17c1dde021444caf1aa79c1b57f6c51ad51b1f9b623bd557fb55761d7af9aa	1
ftb-00153	0	sha256:f8cc4ed8b67c4c5fa9a7728b01636a2c07d81244da55776880662424d308aa2c	2
ftb-00154	0	sha256:39f61c704d31bce42823a0d4dbb4fde91eb17eed8f087d215b89a60c3ae048c5	1
ftb-00154	0	sha256:d4aeaddf9524ad8f2463b58406cd999b3b9ce5a6064b14d1232056da4513e61b	2
ftb-00155	0	sha256:2ec2fa788e1130a9194121587f18890341a0af76c38f6c6998ff790a3900b295	1
ftb-00155	0	sha256:719a4af87d5803ffe1f68fff4ae43470bb9d0a9ab5383bb5c51902c6ba13075f	2
ftb-00156	0	sha256:53f84f4b1c817e79e709d2a250785623a3eef9184355f992b1cf6114917cb04d	1
ftb-00156	0	sha256:53f9eec41d7fbf76925fe695b28ec1f8b6abff757190e2b72c506c18d909967d	2
ftb-00157	0	sha256:12b9a758d2084f64985bd5cd17d9953d1aec40ceb0eff139c6c042d49c61e1d0	2
ftb-00157	0	sha256:e8c16e4b0c036f0659613883dc431062f3c5e125637cbe1c2b0af63c6c2eb7a8	1
ftb-00158	0	sha256:23bdff1e2a42029168abb6dd4946ce56e7ae723da18afaf1c030a3161c89cf76	1
ftb-00158	0	sha256:5a5b37330bbadfb188181942d42d185218d8767e371677e0ef4426c48488053f	2
ftb-00159	0	sha256:1a9cdadafd558267a51cd6ad371ae43933b6de0b45bbfd5bd15f9c668e382c82	1
ftb-00159	0	sha256:82b09f3fabfb0d0537c1dfc9d1473904dd51fbbae3361a36a9d1c1703451aaa7	2
ftb-00160	0	sha256:65269ef0a9d1667d8b0a9a5c4da652008d225afdb356267a31e2fe80889c9ed9	1
ftb-00160	0	sha256:ce06e5e5a20eef311130b289a8f93bdc9596d89bef7b88f9b36eef81d6e7707b	2
ftb-00161	0	sha256:00c2eacb5bf6748654004b911decb66ed64c75fa1c141baf114686edfa20fc2f	2
ftb-00161	0	sha256:8e72e0cf44c9af44ddce1166cc31e07b2d475d093db87d15e7344aa02e1dacd6	1
ftb-00162	0	sha256:1065b121ccb68844c9c2ae078a28d7d87ef443f944a7cb696e2187e505b5c96f	1
ftb-00162	0	sha256:49666f16ed676d9f194c76af7251b1e5065e50fadf6f65e4a6f16009c4125bfa	2
ftb-00163	0	sha256:309fc2e600e9fc627b4994955345be0c5230dfa0043592e9fd43c5e33beb7713	2
ftb-00163	0	sha256:8e10ac52f16680178180f6f8abe537be73ed9541d5231d6db139cc921b378e00	1
ftb-00164	0	sha256:84577f56914475460bf9057bc3ca995eb88840d5d6d83b0a43e2b7dd9fd164fe	1
ftb-00164	0	sha256:8bdbf3a9fc156890d4d55d89b4bc837359d536dffab707f644ef699e87beb800	2
ftb-00165	0	sha256:1c8816437c5f52db4cba5d5ae6e6496d7c2f1da170df291a2fac859b8a3ddf46	2
ftb-00165	0	sha256:cbf4a83ea5167b96123ee73a06cdb79614c34ebf263c4f2e0ccc3d232330c8de	1
ftb-00166	0	sha256:89bc0f93666bfb56b8956eda5957f0fc302b99183d01e08b8ac98e8561980915	2
ftb-00166	0	sha256:b876ca974e329dfe68aab5e09330bd40422b96c22ca39fe1fa9250b22014ddae	1
ftb-00167	0	sha256:6d0eabd4f4a8d6ca31a0f70fa88463eaf5a6a32359d3400fce46ff77409efe62	1
ftb-00167	0	sha256:c5372197d7b16588bd1d4a30ee2877dcdef83f1d68694d3e8514317c49e81ad2	2
ftb-00168	0	sha256:2c8734b1653427c140deda2a40d9b622f7aef4792117ff7e28377342129880b8	1
ftb-00168	0	sha256:83dd567ba20d6a22e354173bf58180ec7a88f5e5d7ee2df141cf9cab825f420f	2
ftb-00169	0	sha256:bc7868607113e79cc6d22ec89e694f9c9bb46a567388e5859b7a5dd999d4321e	2
ftb-00169	0	sha256:f44da9077d538924fafbbb0e5b3d876b3ed68b9e24ed733abd1a8443a6098b25	1
ftb-00170	0	sha256:729a93309eeb4ae2746f5ba2c0595cc40537913e429b1e4fd6171c4b4d5932bd	1
ftb-00170	0	sha256:e7d24b0bb5bcefe816456eec29853a18d1c7903f085a1ef5c4bf03c007c5a94c	2
ftb-00171	0	sha256:16c3575ecf720206ce03d36b411b1714535d6d87a9b6966d63a31c0bfbf60641	2
ftb-00171	0	sha256:729a93309eeb4ae2746f5ba2c0595cc40537913e429b1e4fd6171c4b4d5932bd	1
ftb-00172	0	sha256:386522621be4ae8ce97f1f656b6ea43553cf915374a90e500242e3911e6af8a6	1
ftb-00172	0	sha256:6f4c49b5b91dcae87ce077bf2d1e01a0d6d1b4f29ba0f8c5c0d0e7f9fa4b445f	2
ftb-00173	0	sha256:1924f8e849ba1d8608deea0bf3be91ae9d82ba31525df2a521d98f38a333cabd	2
ftb-00173	0	sha256:a216f5275b21fc12abb2bc9e9267d59dd6725df80b4d22d2951361d020713b22	1
ftb-00174	0	sha256:39f61c704d31bce42823a0d4dbb4fde91eb17eed8f087d215b89a60c3ae048c5	1
ftb-00174	0	sha256:403799d291d9acd0ab2fca7e7b53c68cb5f1cec72a9dfeeab99922ef4bf6c1c8	2
ftb-00175	0	sha256:2bb0f81f44f8d74053ba20516c15d147bd008ddedee20c4aab47583a45c15186	2
ftb-00175	0	sha256:8e72e0cf44c9af44ddce1166cc31e07b2d475d093db87d15e7344aa02e1dacd6	1
ftb-00176	0	sha256:58134ebc3307324571b977804830059a3c43ffb36a5fffa3076947ddf62ae14d	2
ftb-00176	0	sha256:9cdf773d2318af4c1e080d92a8f2c02f96ede6d3bb10a8df8408311fccc3f360	1
ftb-00177	0	sha256:729a93309eeb4ae2746f5ba2c0595cc40537913e429b1e4fd6171c4b4d5932bd	1
ftb-00177	0	sha256:89bba7e075f865f57484c04b3f83a3b9b595f2213179c8f1d99c202c9d781bf2	2
ftb-00178	0	sha256:2a53800e20c9dc0989bcc1b1e77a9e21daa47e3e23f0590ed8832823d9cf7d73	2
ftb-00178	0	sha256:9cdf773d2318af4c1e080d92a8f2c02f96ede6d3bb10a8df8408311fccc3f360	1
ftb-00179	0	sha256:32cd81ff2c0297b8d3b9cf9d6d86628e1ec13cfc79b4d131dbcd0d81d4a43fb0	1
ftb-00179	0	sha256:60a2f9f424ed0d1c469355814398bf6f650fb56cfdb08e0980316042c14bbabc	2
ftb-00180	0	sha256:609bb4f4f20a4f1ca5a63ddf52fd00fd3a0c1bd9096364bbc5c1b51a3c9e45d3	1
ftb-00180	0	sha256:b2ea36e7232900fcd2e79fb1864d892047f5b646cfad1904633bd642906d1584	2
ftb-00181	0	sha256:727bb7ae77a9dc66712b718a3e10ace5986356816421643c2faeb8a3706eb08a	1
ftb-00181	0	sha256:d114f8136b18f2c57b8425cf58c86b470dc84437786f50330cdad161bbc7e3e7	2
ftb-00182	0	sha256:727bb7ae77a9dc66712b718a3e10ace5986356816421643c2faeb8a3706eb08a	1
ftb-00182	0	sha256:d700013c385b2981f519d3862afcb2c95613fdddd2cabaad94bf0c668f1749ec	2
ftb-00183	0	sha256:8e72e0cf44c9af44ddce1166cc31e07b2d475d093db87d15e7344aa02e1dacd6	1
ftb-00183	0	sha256:cfa28e4a7c012980e8f153198a91accb2a6b281a9c266e8ad69bfb5f2c949556	2
ftb-00184	0	sha256:727bb7ae77a9dc66712b718a3e10ace5986356816421643c2faeb8a3706eb08a	1
ftb-00184	0	sha256:fa458e2eecb8984367639b317c8c8ccce4504a248916e58f9c5955cc78fc90a6	2
ftb-00185	0	sha256:0c6b2cfcbaa62337ec1fa050208f6fee259dd99e80f044bfd8be0cc221d65f12	2
ftb-00185	0	sha256:9cdf773d2318af4c1e080d92a8f2c02f96ede6d3bb10a8df8408311fccc3f360	1
ftb-00186	0	sha256:14459f8629be9dc89bc6630497f92324e7e32afbe4ff2fe22ad8a19dab0760e3	2
ftb-00186	0	sha256:62c72d37a283f5a1f72392aeb8f8afb7399588d89693d556dbd91a3c0c152d36	1
ftb-00187	0	sha256:87c41a8b1b3bf8ca41acafc5d92184d127a338c1f6f70c5d3ef9604154739d31	1
ftb-00187	0	sha256:de63598b8a714fca4797949d2af4e1f897d0e0887b099cfc4c97ff69bc227886	2
ftb-00188	0	sha256:244ed1bb138678b66ccaccca217c0684bc77fa987d04427185e26173b53afec6	2
ftb-00188	0	sha256:de872b6dfbd50b1c525a8058265b1e0477455d9057085db7cb4541679c705bd5	1
ftb-00189	0	sha256:1f0fdd9a4627186294cfce60a18ad91a50447a1cf40eea038dc8e5ac17a2b652	2
ftb-00189	0	sha256:31e012810d436b10f467d9ac7fa259b79e259b7d167ab795008bf7ede87ba70c	1
ftb-00190	0	sha256:42359e6da829b5925b6ba00a0913bc8c58f543cb71e712d810057438efdd607a	2
ftb-00190	0	sha256:6f6ae4bea1aa02267fccea14455a169a7d1495042a2b3d666a2121d4799cc8cd	1
ftb-00191	0	sha256:9af5d9fd119015d564897990f237999f231004e314503d766b3e57cf5f5ec772	1
ftb-00191	0	sha256:a956a411d0ccf636d52520ec9fc2d6df0f049207492f4afd995eecb97c76183e	2
ftb-00192	0	sha256:187d23fdab540b20e41273cb9ee777a7238c567b68b0a8806ff6b83beb89a83e	2
ftb-00192	0	sha256:27045d21165185331fc1efdc6c935a6297897ceec0f2686232725582ec42c157	1
ftb-00193	0	sha256:aec5cd1ce816b8422cda94f279d149b44e1ceefedfebcc9c42aad897528ea903	2
ftb-00193	0	sha256:df111e31fa777a9f2e0191cd00e946f34aa93e46025ef519d54033efdf86976a	1
ftb-00194	0	sha256:58bc59a087c48e9dfaf9fd17b57d117d0b26ff673430fc15a7944fa5c4b3510d	1
ftb-00194	0	sha256:e3145ad6d7c3eddc1a87bb897544555e426f1e5f1ca68ffe9859d2d56ec1c74a	2
ftb-00195	0	sha256:02864446049c672606da24266541f942b9a3de66f71df2a239d0452b3c278c41	1
ftb-00195	0	sha256:bcc962cdcc46e517a34dd91b83bc515940f03b6a905df1d87dd195694789696f	2
ftb-00196	0	sha256:3cf16e6ee7c408e316c50f9ae73d1a895524a940a2931db5380a5fcb8d2a8b2d	2
ftb-00196	0	sha256:cc1d0971c43d4454d1e4c62e37505a82659f67fd909c7d924fe234f2f865d846	1
ftb-00197	0	sha256:7ce435a3e0e9a5eee2a0c7f1e1d9fddcfcb6dad9cd64a506d14e5745f6f7c64f	2
ftb-00197	0	sha256:c620082b2384fae3893445b74f03c6de768c05e704b5d84364da49ff50f747ad	1
ftb-00198	0	sha256:41728854fb5786b8b02d1f99d54f0e2a34eea3940f249298b16c47ddb72b52aa	1
ftb-00198	0	sha256:8a5a5a3594f96a376e3eef337348b972e1d5da09bd7a3bb03360a04a2a6bdb1c	2
ftb-00199	0	sha256:2286305ad822336798b7a6ccb82b00e6fbe0f613004343c0fe6753531306b0a5	1
ftb-00199	0	sha256:e8e49c2845fc2289a65f1f246d4a3d06d12c54f8e26e75477844c31b6247e5ba	2
ftb-00200	0	sha256:8e10ac52f16680178180f6f8abe537be73ed9541d5231d6db139cc921b378e00	1
ftb-00200	0	sha256:962dcc7afc4d173c542734f122315ed0a08bb33a0d2650f764ea823ea3482de5	2
ftb-00201	0	sha256:b876ca974e329dfe68aab5e09330bd40422b96c22ca39fe1fa9250b22014ddae	1
ftb-00201	0	sha256:d92f13ababcada7ab06230a5ed67c52a2b462afe8493813577aeb7c8c01b89b6	2
ftb-00202	0	sha256:1f8fec12a3dcc7e884177197307d2f88e8b990b26db8653f4e3843c5e8809e43	1
ftb-00202	0	sha256:cf7662207ca14d92253cff1f545e95859397cbafde7bc06509d97e733a254344	2
ftb-00203	0	sha256:729a93309eeb4ae2746f5ba2c0595cc40537913e429b1e4fd6171c4b4d5932bd	1
ftb-00203	0	sha256:86e1943597238acdb081ceab40ab67a3faf7b0eddac78de61e252963036e65dc	2
ftb-00204	0	sha256:058dfa07265010b2bebc66f19f9a5207944413314c1280847bbe5c6cd6e1b33e	2
ftb-00204	0	sha256:729a93309eeb4ae2746f5ba2c0595cc40537913e429b1e4fd6171c4b4d5932bd	1
ftb-00205	0	sha256:6370d2c6d84357ad875fc1492ab974cffe5232b115ab79ad1e8a349cc145666a	1
ftb-00205	0	sha256:ab3c5a4998480256fac077fa92f12c6dc4917f2087c71a2f673062b9c8eb5dbb	2
ftb-00206	0	sha256:460d7cbaae92b0a798c58721e90aecea06ba406d3867dfeb1c51174698e0e8b0	1
ftb-00206	0	sha256:68434cc2ca15fd921a7d0b46c3802da8031eeb360b5e993cbccf63d5afafb2cf	2
ftb-00207	0	sha256:1065b121ccb68844c9c2ae078a28d7d87ef443f944a7cb696e2187e505b5c96f	1
ftb-00207	0	sha256:7a1d32c899bcfe1106680136658f3ac9d2ceca6a3130028020e9f82ec0a75fcf	2
ftb-00208	0	sha256:1fda4bda2dc24a54b103a740597f94a46190f8e54db34cadcaa573abfb1f86af	1
ftb-00208	0	sha256:6b7d280ddc945d6755edc96f260f2ba7977c6e79431482968a1df8faa40299e3	2
ftb-00209	0	sha256:4c5b866f852815e8c6d37f5d6264604d00eea4452995fa9d7421799be127ae15	1
ftb-00209	0	sha256:ddf2cc50d4d6c1d37bcc0247b96481bdcc903093854f6aafd2380a4aae40c9d2	2
ftb-00210	0	sha256:41728854fb5786b8b02d1f99d54f0e2a34eea3940f249298b16c47ddb72b52aa	1
ftb-00210	0	sha256:ded7c8424e6e0756c4f5336dedc89b966fb73aadbc4214905f8999a54ee84388	2
ftb-00211	0	sha256:3b3d48db38d5de5a3a42b71e2cef30cce3f94ec5c2a29016e52e17d61ea92be4	2
ftb-00211	0	sha256:f1f0ec12028770e38b56c6cae88bd0021b4bb9295986b412e310dba3ffdef3fa	1
ftb-00212	0	sha256:25c73fb37367ed4a28422c1a23b9a49f3ebd47c745797d48c444f4d8f62703aa	1
ftb-00212	0	sha256:3234b693358cdacd5aa6451ffe0b2ecfd99c4df2b57af75d05db4ae297017b1c	2
ftb-00213	0	sha256:16c2c05d70b9b5f0086ec0423406e55ad36e3e282832b0362ea868fd4c7793a1	2
ftb-00213	0	sha256:9e21f4963dea08557f32a4c2d5205b86e137f059fc16c0ff2b6002fcca885763	1
ftb-00214	0	sha256:34fe60a75e6daebf8ab04eaee204b1245fbf1497df8c95bef71fe32839626ffc	2
ftb-00214	0	sha256:fcafa931580eaa461f00414d4127f9fbbcf03eab89c7d86d06552e1a1bce29db	1
ftb-00215	0	sha256:b876ca974e329dfe68aab5e09330bd40422b96c22ca39fe1fa9250b22014ddae	1
ftb-00215	0	sha256:f021d4e6f72e731599c6c071d780f4d69c8beefe22e2e4af14c2cdcfad49a06e	2
ftb-00216	0	sha256:765857994ed6faf3e227bd1e14033522636192310b4e4e7a7a2546e450122113	2
ftb-00216	0	sha256:8d68c038346a6347ae3c3c9d6180231340fcd3ec1e672d8853bbdd7ea4685489	1
ftb-00217	0	sha256:120438aa6fccec9fb085573e215ead6cb5ea438b54767413b6776acd87b77631	1
ftb-00217	0	sha256:5aee59ebe71ad09ea660c654bcf86b3a3c1929754d2d0d99f22ac03ae6307db8	2
ftb-00218	0	sha256:4b44829df109772869b4265083388425d5525ec7b85c48ee6c08112ed3d4159c	2
ftb-00218	0	sha256:ab88e249ba971eda8f862a4276046a56acae041f7a36f699d9eff244c871219f	1
ftb-00219	0	sha256:4459e09ce34dede73a90e67fba7fe967992badd1845f931de35281b2dda69296	2
ftb-00219	0	sha256:cb0deecfd0cb88fb3ff573f334552645a9bb74747e820103dfecb46aab1472c4	1
ftb-00220	0	sha256:281d1b5f2b26e8103f8e85b146297410f1b6e6c9d4c15ad5dd480e1c410adca2	2
ftb-00220	0	sha256:cb0deecfd0cb88fb3ff573f334552645a9bb74747e820103dfecb46aab1472c4	1
ftb-00222	0	sha256:6fc8f967fd9d63e55fb65b6d38a7313a7e9d751fdc71700d0f0628ce058eab67	1
ftb-00222	0	sha256:bfe26e95f1152c71480648a9534f119cf800850bb2d27497b9350e78bd9afa4e	2
ftb-00223	0	sha256:0550b7c9fdab7b964804cc1e4e6e2ecb93774f9348b8ca635fd03f10d704c7d9	2
ftb-00223	0	sha256:5d2defd0f260fcf06b72fec5b839599ac8cd285e2c20d16f1b9ca45ef269243b	1
ftb-00224	0	sha256:1f59e38e96151b6331aec18f4b1fc9dac0380b50bbcf29493dfae7993b00c6e9	2
ftb-00224	0	sha256:da395fc6178c10a4f071c9a3c9e9a851bc43acc8b4726bf8a5a4ad3365f319d5	1
ftb-00225	0	sha256:2ea7ae6fa9b755543ba727dfdc0d57a5f77abf211e2edcd7fffd0b7a2934c9db	2
ftb-00225	0	sha256:6d1af7b978dda71ba15f3027c66fdde1f636758eaf790edcb974207353fcad91	1
ftb-00226	0	sha256:1685964d7ebea23e6e665d6536f57b8156d3176be4f3dcb3e7bfe8a7dd09ee5d	2
ftb-00226	0	sha256:26744571e8bac351ba552b3f942684a483089bdabd30ea2d9ca3c6f4e0c45dbc	1
ftb-00227	0	sha256:38206f85c48758e8fb9334e1dc397f8f60a0aa98baa61d06f1c6b16edb2e674e	1
ftb-00227	0	sha256:f9387a8b41ebdf462c55000b56cff71190844fdf9106a992cd9c56ed467d917f	2
ftb-00228	0	sha256:5dfa2210a5b864e146feab1936859ed50e75dbf170d362775fcf7e6fa603d95e	2
ftb-00228	0	sha256:d5d421192dcf53ca76314f8922b21309e2022d8f5d8e869d2ffb98739609c14c	1
ftb-00229	0	sha256:0652bf5aba74618c44edfb36cd29ff47b61d997ec956863367a751342a2ff45e	2
ftb-00229	0	sha256:b1806fa8a4dd19ebbd59759bfe52b947a2012084953a3c40caed87ad29d4314e	1
ftb-00230	0	sha256:299c5a0ea628cdc500ce7d73aae92894b4fd8840bb8e2554754c3695195528b3	2
ftb-00230	0	sha256:8757c83fbe04b73a6d61475a50551587d6d5d616cc472dbdcca771fcd095fca8	1
ftb-00231	0	sha256:96012160c0c1c74f70a4c47bc29ef5dd7ced8daef96a05a284a3d0055353ba0a	1
ftb-00231	0	sha256:cba94234d744766bbd19dd7b8e9a0349fce7610b02c7cc0b860966c19da49c61	2
ftb-00232	0	sha256:9e1bea48393670c9149092f234d8190b2c5c26358d23ec772286114c8a0e2ec8	1
ftb-00232	0	sha256:d8e5c90bf8c17a5fb1d5ee9fd7cdaa9e8316878854eae70814383cc0a4b9b13d	2
ftb-00233	0	sha256:11fe4b98a8fccf4ef9c2a4ec371b95b3d2f776ae05acfe499398fc5c64e45df3	1
ftb-00233	0	sha256:d4daeb95397f5e25b9f2ab5612ba7eb38aeb0ac05225e070ce474ab8c6ea8eea	2
ftb-00234	0	sha256:c13490a63bd36cab1b5b72c4a7b435bfe0bfe4246f97d7be3eb8706bf2623e09	1
ftb-00234	0	sha256:d10da2764515312ca817f9f098a5f9c3fa96e801209512a7b10e3d680618909c	2
ftb-00235	0	sha256:3b81f43aba8f025b814bcbeb6b81ea5066c23f581909563b78fdfd67333f29de	1
ftb-00235	0	sha256:c6be2f18eb2612c4511c0c045c5b9764d8624a3bba472b6664cff88f4ba90f76	2
ftb-00235	0	sha256:f1dc50de2461555aee56518f99209b839edd5afcda887bd3887661234f0887a8	2
ftb-00235	0	sha256:ff4babf6549155b33ddc4b60ed94acf6790d02feca42a688d9bfeabbd6fc4eec	1
ftb-00236	0	sha256:0ef5f58db94df3f251932d6d329b5905f4af0f759c2dfceed315db5d20e456dc	2
ftb-00236	0	sha256:f51fd3052ac014c651c6088eddaa153b228ba4c278962c623bc247191f28e411	1
ftb-00237	0	sha256:34a6f543299127a1044fca042f82cc9ab82c09c9940a3088a19f314f6fbe879c	2
ftb-00237	0	sha256:66a2edab7179e1f1da40589f80b1d10e44bf32dab9e76395671146975828a7b9	1
ftb-00238	0	sha256:329d4f916b9c2ac8965ce5e0bd61f4068e00d3e2964f8055d3d74115a05c9eb7	1
ftb-00238	0	sha256:5709d1e901ee065845c03d4133a5c8fb6acb2b44fb971f661dcf951ec3c5f4fc	2
ftb-00239	0	sha256:03b314330375728ab518e570194f97cf4d233cd9afcf92f38ca78d66c546886f	2
ftb-00239	0	sha256:0c00a5cefcac01029e6330dcf6eb3a746de8656a8d718d09436ef6d07ecfbafa	1
ftb-00240	0	sha256:474e4e3b3a3a5878730ae4fbd78600d5b7e47cffef632bc72162c39ce4bbed92	1
ftb-00240	0	sha256:ad9b6a22cd1d32fa954a3f61e65d0173a5da579525424e04884ac4b9a6ca46b5	2
ftb-00241	0	sha256:b5db41c99f1d5efc3a9109f48e4edf6f0f2fdf52e6ddcd45087aacdd74905be4	2
ftb-00241	0	sha256:bad1bee11a18935a95aef581542c1fb0ab0cbd13848ae6d7d0c1d9515900b6a3	1
ftb-00242	0	sha256:0ec599dd2f7d5d69bf8c3b2baec5fccc7312280386980e6a56bb1fac7648c4ec	2
ftb-00242	0	sha256:f56a85e964fb389b39b61049935566b9f28d2d9b67a26cf098b84cb511f9d196	1
ftb-00243	0	sha256:19146c34dfe248c7cfb7142e0249f75d64809d199674408b0c7675b38b5ef6f8	1
ftb-00243	0	sha256:7f242c744ac994073d01dfe8033350b3dc92f25e9deff1e90d069c9991afc6f3	2
ftb-00244	0	sha256:71f7bf23769c3ff548ff4ab54bf61324b5bb96644e9b60e3f273baeeec3ab684	1
ftb-00244	0	sha256:905b7a75d13f19f58560dc553e567abdf934f4bb3d986d0f4e3927cd66b5fb6a	2
ftb-00245	0	sha256:b7410e1ae6bd5442722c472f8bbad4747f4096b1a0621d5e1f6d9cfecd9b3d66	2
ftb-00245	0	sha256:b7c309d1eed481d8fe9c5a0d1f742c241f3984663d132102ff1ff49522ccd9ec	1
ftb-00246	0	sha256:3b0ee63a90afd8a60f91043fa7444493b508e51dff690f8c4996abcef123e164	1
ftb-00246	0	sha256:a8aec562b7b2d2ff07d258e087c456a620f66c3a8ca1fc767945089a13b783c2	2
ftb-00247	0	sha256:071ba577c40734debfc8373eb5185e6c0ec5c001bae946052e16436689549d91	2
ftb-00247	0	sha256:e952bc72d8651e3ce4b7e76df6426f791eaccd2e6449022ca536e0e538063a7f	1
ftb-00248	0	sha256:030a6da2980f3d43083215a6b6cc7a719c774141e077e7e822c99265ca5f7357	1
ftb-00248	0	sha256:6e5ce828a0d552f3e64af8c8d370c8f175e9257d20bc4bd9cd553209a57c0fb5	2
ftb-00249	0	sha256:1187cb6fd9da882ac9fcd10b57f6d8ffe9c6d52b21e2e3c71cf41089b586ffe7	1
ftb-00249	0	sha256:e20bd2e167e6501add5f059bf2c883b499cacc2e8b9b6e9d6831113c3faafd27	2
ftb-00250	0	sha256:c8064a5f4d39b0e7176f426df6bffbc8c54ba8081da0c014c7bf9c0ecc5171b9	1
ftb-00250	0	sha256:f25dcfdc2717ef35d4895a5c68e81d610af823fc6373742010844dbacc28dee9	2
ftb-00251	0	sha256:9762bb68e23104e1fe21fd35bf7b88435eb4cb0f1213a3e7dbec0715ef61afef	2
ftb-00251	0	sha256:c0dd723c78bef8f7b02d08090c5b54c3b38b21e5ceb6dbb3350b37638b705490	1
ftb-00252	0	sha256:92531e5eb53388383e49f51b1dee096d8f876116db8e41576ccd46561cc17d64	1
ftb-00252	0	sha256:f667585b598cf88d6898e51639b6941939f38c8f3ea897556b49a81f183ba974	2
ftb-00253	0	sha256:5db5428abeb596732fda2b0a604d1d68b549f06aa56053ec08205f90f6955322	1
ftb-00253	0	sha256:e3219e28f1ec9a4129a9bc075e99ca4245ff02129be8f087a50de402655c69c0	2
ftb-00254	0	sha256:23d76a9c614415ab6e459b7372cf396d7d5a0a510ce0459fb79732386bd93cfd	1
ftb-00254	0	sha256:58b3bbe063f33748ee75d2dc9b0b67566f1b6b9e6ea6f38ff1166883c55471d6	2
ftb-00255	0	sha256:5d2defd0f260fcf06b72fec5b839599ac8cd285e2c20d16f1b9ca45ef269243b	1
ftb-00255	0	sha256:d97edcacb2fa1c66d3ee105af3c8cff1ad480dc9f8faf10d0d2077922c5bd448	2
ftb-00256	0	sha256:1685964d7ebea23e6e665d6536f57b8156d3176be4f3dcb3e7bfe8a7dd09ee5d	2
ftb-00256	0	sha256:26744571e8bac351ba552b3f942684a483089bdabd30ea2d9ca3c6f4e0c45dbc	1
ftb-00257	0	sha256:68e6747d1481636c1ff2c78332d03ad8bc73c6e5cf0207ff4ddd38d37487260d	1
ftb-00257	0	sha256:c571720d85b8194ce2a12f64a9a408503843ad6133590407a0b4cbc55bc769a5	2
ftb-00258	0	sha256:bca360531f8cb145ee8b647126035b8cc73372893c2fd39d852b1564b7521552	2
ftb-00258	0	sha256:e45d81cf8e62d23c73ea82c93ddcb53e8688a5f0d7d40fd3b5f36dbb9ddae3f0	1
ftb-00259	0	sha256:16e931fc6994777d87bcbaebb06532322387037de8fde838096dba2a26239d88	1
ftb-00259	0	sha256:5f3b6d070cc0d13cae21cbc538c9efccb453690a6e1c33fc282deb37f53ee2bf	2
ftb-00260	0	sha256:5f681e9a133960010a2a56dcc69cd82eec3ae9e52771696a9e139911d3bfa54c	1
ftb-00260	0	sha256:76a2a3820ccae3ef216d366e53e42e6c7c9427fe543e8a8ad0e1afa4bd6d3c0c	2
ftb-00261	0	sha256:5d9f746488c090257ea61d7399ad216cf38f39546c6c8df7d045db662444aa37	1
ftb-00261	0	sha256:dc325a6e0e9d9b5085775f53eee52520a7b673a409010194efafb21ebab1a0dc	2
ftb-00262	0	sha256:76427a3deb90b7409b037234518dd70afb022a326849d438d3b5a1df6adb9f95	1
ftb-00262	0	sha256:c30234ac73f363a577778b69ddf66fa91e6294dd4b69a6773fe61f2faedb72ce	2
ftb-00263	0	sha256:05830aa21c70b1ed6c0cc7a34359098b618cd25383faa217873d0dba4700f67b	2
ftb-00263	0	sha256:586a93be21e686683be3900ba098177d4e50fe1afa4fc8b1fb80cc7852134d74	1
ftb-00264	0	sha256:998f702c8f441b8136d7d45090ad886722852ff93f661ecb9817268a8b9ee086	1
ftb-00264	0	sha256:fb8f905168081bcd1952018a9e19d282d3ce1ce73b9b6a93d631133a06920299	2
ftb-00265	0	sha256:17fd285d4216feacfa3d6017c1101258d0ce625780ba4625b5a08676e46c2e96	1
ftb-00265	0	sha256:2c7b7bd5d953a238f0a67cb25572864720a8d959bcb5225d717c14d263304182	2
ftb-00265	0	sha256:94d5e19af2851b8b3fbb682757810a5ab30f9905cff93a08d5a48e3aee336900	2
ftb-00265	0	sha256:a8811da259a91bf8e3653b1f21d2979751e286823dd225fb497dd73898b46447	1
ftb-00266	0	sha256:9e8a407b69356e8785a1b9c43151c97118e997cf0fc6595441adb534904d87b4	1
ftb-00266	0	sha256:e9ffdb901e99705cb462d4d28e2384bac541dd38f629b7a192186902a17c0014	2
ftb-00268	0	sha256:4102f5226b8b1d6c1960687ae5676edbd2c6efe11f63569d34cc2c5a9128afe3	1
ftb-00268	0	sha256:a20a4bd943403c5b02de75106c9c1ecee8b9e1474c95218dc6f9d21a9aa81a00	2
ftb-00269	0	sha256:87638dbe634d0859668bae1182ad6dbe6ed399238c717a39a4018794e9bd2519	1
ftb-00269	0	sha256:f578fb3536c57ddd6991e6921a586b105d6c860f55ca4bb2db83509d65654e11	2
ftb-00278	0	sha256:12bd7e1a20729ae9b57b813cda418386caaf31826de3eb6df19f220285c1d46f	2
ftb-00278	0	sha256:ef0dce54b00eb0558995ce4e64ff521e0cbd069fddc8be87fc2da73960b5c730	1
ftb-00279	0	sha256:63963e14d856672499ad048a69abc198a06cc3e23f1d5db1340deaaca18503f0	1
ftb-00279	0	sha256:89ee088b0838073949c96d171d0b10c3a61183b7f83c545b9dae000ac75b25aa	2
ftb-00280	0	sha256:4d7b8c00acca5d66e0ae7aaa98c3f97b2f226a42af59ab2f992ab464e3a7a97a	2
ftb-00280	0	sha256:b8920a983ce2dcfe34c329a28fc6df8a944e582de258d84d28bc1e2ce00503eb	1
ftb-00281	0	sha256:203b9982f2abab4ab756792fbf720f819a03984da3575625c8fba5aec55d1898	2
ftb-00281	0	sha256:92d7bded1a435b5ccb8de0e9a250cfd8439573fc1f4159413907dce6f4353a92	1
ftb-00283	0	sha256:1bda9e9ed1e428590d95e8af1f05213adebc6edc6eb6594f7164e306fadfaca3	2
ftb-00283	0	sha256:61305b3fd35b58bec6adbdbbfe51911139458d7a8729293538561dee6ded982f	1
ftb-00284	0	sha256:4ccd89709ba40bb542642850c5b921698c7a180b7bec084ff8a5ce3ff79b4968	2
ftb-00284	0	sha256:6c7fa64e62e38a0388a148f879205f5699833ef6e4d61887c90b9b6a6598da05	1
ftb-00285	0	sha256:05a69319208d5f41f9cb56a7b47934140b597f7afd33004bf7c56ad413e097a5	2
ftb-00285	0	sha256:3c99f879db85cdc93f6eb8f5a18dcdad33b3c6a42013bc062d06010ff9ca8147	1
ftb-00286	0	sha256:5fe2ef1b537f6fbe394426ccfacb9aa91d4f1ee11193dcce1fa94c748c411c28	2
ftb-00286	0	sha256:6f77d57c1e13e8ae19cabecc6d534d6cb54741478a7d252e88695d2c8c9eb4f0	1
ftb-00287	0	sha256:4379d960dcdf5f49cb818d67f1808eb792ddf05bf0ff3115ca4ebcd7f32b7567	2
ftb-00287	0	sha256:9a9bd5cf17ce4c4bf24191a33746025edf02109ecc5fbacd0fb0524f1606419a	1
ftb-00288	0	sha256:1ccc849aa7fd8ceaba4ca9a4bcb3da9c6821895a1ba82d85aa0dcd673b37201a	1
ftb-00288	0	sha256:347b0ff907b16a240f2125d277115a2a8619681ba8edc3cbc6c9bb39ae8f4496	2
ftb-00289	0	sha256:98526cfc359716af1a26df0a75d29715be2c596748bf06ea50939a93786ad4ea	1
ftb-00289	0	sha256:a45ba08aea0d7a5faa1a013ee8da79531a7ff424f9bb4f6efec4c1e4d7bd1fef	2
ftb-00290	0	sha256:58c7220c3615cc2acfe9781245ac446d28712428fdf007a2af556122f786f609	1
ftb-00290	0	sha256:c027c3d27ee07d4e7b4f2872421c1b5891e758349412b98f05b50a2f84f75554	2
ftb-00291	0	sha256:a9a23bfa070e51516f8ad57e8aa0858e19b1be0dd1984231d4bd9021e93946a5	1
ftb-00291	0	sha256:b2460de08d856f617d255785f54a1aab0865311983ab30ed8803b2cb2ee30cf2	2
ftb-00292	0	sha256:6411e0d47eed471a23185c003097f7f708a6522d6c5336d0913d6d7b0a5813b6	2
ftb-00292	0	sha256:98b65640e6ce9ee1163fe59f7368c82fc16759daa8d17874ced705c056d687e3	1
ftb-00293	0	sha256:33700393c4167a23931a29589bed33641d82ba15269d8aee922448eda590ed16	2
ftb-00293	0	sha256:8a9cfbbf350631ea8a765e6b3b1b18c2a6204ba7044e462c76560c61cd343820	1
ftb-00294	0	sha256:a9a23bfa070e51516f8ad57e8aa0858e19b1be0dd1984231d4bd9021e93946a5	1
ftb-00294	0	sha256:aec83616456d344d443adc2fa40fe074bd6b81724e0a38738227669cef4368a7	2
ftb-00295	0	sha256:71fc1ca4696e329c8690ca36f2c21b3240ca0aa4452e2815484ca934753cbc9e	2
ftb-00295	0	sha256:933632940677079c70e78a81f38501802c653cbf3d8dfe4e2741c9aa282c0428	1
ftb-00296	0	sha256:1724f0086914a547e562984bc0f1c740185f625eb575f7faa865eb3478f288da	1
ftb-00296	0	sha256:fa8959446eaeaa7482f11168c5a58318acca5d578a077a82003c3d75815831ee	2
ftb-00297	0	sha256:4e7936c39683d9d3a64bac28d8301c73eed2fe87160ced86a516d2bbd3617336	2
ftb-00297	0	sha256:bde20f1a3105ce7972a640680c2715bf9bc0a680708cd5c2137ac4592de7a6cb	1
ftb-00298	0	sha256:483f4d246ef1914e25d2c5687b0d74817c87e775da69502c97df0366d4c72794	2
ftb-00298	0	sha256:929f2a1fa052d5e39abb4ebb8e0cab4f1fb0b78b90a6b92449125cf5ee4668ac	1
ftb-00299	0	sha256:62d328ffafa534f430a6aa566d87faea74cb5b140052f9530bd7ce588be6dcdf	1
ftb-00299	0	sha256:ef5a596f4c7af497b98427305981a21e5e833885e6b64ea797d5b5a7aed3a134	2
ftb-00300	0	sha256:63d381702f73e3a6973eb6f8f589f1d8ce9a6395f2e4f2d076d9d292683808bd	2
ftb-00300	0	sha256:b1a27be34189894d14538ffcc00ebcd5158592011caaf1eca206b14ffe05ad15	1
ftb-00301	0	sha256:b6ea716955c9a26c364a7280d40ecbfc82321cb4dc4d2b28e20e715be6dcdb86	2
ftb-00301	0	sha256:bae5211f064014450cf7d8b094771bc39364827d6bcfad4967393c49771a6425	1
ftb-00302	0	sha256:28d6e101dcbcd9635a0c8cd5e1ccea9b6ec606abe5c354e3d470619638202101	1
ftb-00302	0	sha256:cce09c5f221c6bed59378b446814b4496747a0c663f534423eb9d6a844372fbe	2
ftb-00303	0	sha256:5a7d78d489eb23f5d6296103beb4b885db0d359769820cc0037adb7831a87a1f	1
ftb-00303	0	sha256:eb2706bbca30c53e2f5ba3e560db34ecd0bed87c4723cae69415ec24901735f4	2
ftb-00304	0	sha256:5010b0f7e48b7ccc0917c2db7729dc1ab79209f331457c65b54cb641fe5b7b27	2
ftb-00304	0	sha256:77fbf48868b09167decb669898b39bb7a7cd0f0b53d248baef706fce51a43894	1
ftb-00305	0	sha256:3c7bf894ac90b9b902e6d7572ee4d1a0940200494085de8e7f0ceb347d861c35	1
ftb-00305	0	sha256:9ed75964c7122a822c91c6a8241e12c2cc36db76b1b61837ac088ae6382d32fa	2
ftb-00306	0	sha256:bd6e34d2efc8c555c7fe35d9237e5d079e6558ab9429ba26c49fcb13b66dc424	2
ftb-00306	0	sha256:e277efad1acba0108b3ef08d1806274c0b2c62238e9d86a2d3f612f22327064e	1
ftb-00307	0	sha256:1ccc849aa7fd8ceaba4ca9a4bcb3da9c6821895a1ba82d85aa0dcd673b37201a	1
ftb-00307	0	sha256:5f7f9c0f14f343c7ea3fd0822658a2901c6094ae33a7033dac542080fea69410	2
ftb-00308	0	sha256:04a7f744a8f897af71f3d3a70f71af9f150b5230120f5daede9c1b2dab0ee8f8	2
ftb-00308	0	sha256:29702ee43462be42134b7d7ef7b70d8ab8055882d35d5c36d07f0d07667cbf98	1
ftb-00309	0	sha256:78eb8af8945ec0f79a5586994e47347906ba7bb2d67006c8cba1565a862e4839	2
ftb-00309	0	sha256:c0dd723c78bef8f7b02d08090c5b54c3b38b21e5ceb6dbb3350b37638b705490	1
ftb-00310	0	sha256:2e2e0b5c2ec717bac627c2132457714102f68afb1b51d2f2724c9c88e7e7cebb	2
ftb-00310	0	sha256:acb95188fd3adc4c3a55e904035cbad61d93953f77810c13161d2dd1090dbab4	1
ftb-00311	0	sha256:23d53d52a11167eaf5fc7b1bf8e7d831d975979bf436af3d297009d667947e29	1
ftb-00311	0	sha256:8e7fef1b2b3f03cf85719d67d16e8d26c7741433b1c7cf7d053d3086445ca52c	2
ftb-00312	0	sha256:5ae83c048740ac682f5d3a5283b48cbe7a739871f25436ea141408772720f161	2
ftb-00312	0	sha256:942c93893159b64d3dc67c0b3294e8a84e8d8dadf4d751f88a388b87ae75b2b8	1
ftb-00313	0	sha256:10d1a887a701ef00801910a1b3d9d00cc99f39cb194c695b51e68e1f878e217b	1
ftb-00313	0	sha256:1c0ae55197271d90029a346d3ef93e9cd3f62357a4daf88189d8bf94d5fbb8b4	2
ftb-00313	0	sha256:5ad5f16365a1df47db9ce885be1938420d75a4f240c5d11b7543b1a831b15a0a	2
ftb-00314	0	sha256:1b855b47a02587006213b1c73e8ad45674701b50ae1daa3a173e91f912e24ca8	1
ftb-00314	0	sha256:cb9986280fbb3a0947c3e1f247e671a90a1af6f33ffa154ae3e3f8b1a13d3e4e	2
ftb-00315	0	sha256:a2f5986b4729a206a45df2b167e5d89d4fe90e588b6f47f4379d09282d269ee1	2
ftb-00315	0	sha256:a7a7dadacb28ef880282a813d947ac366dff64973b89cd66028f2b174089598c	1
ftb-00316	0	sha256:95506c717ed48c0d5c502bee9ad82f7ce63b98cdc23b5cec32b00ed55bff7378	2
ftb-00316	0	sha256:c955fd427d318bc981bd2cac1b5760b6c90e91ef25b52aa178efd9988eda200e	1
ftb-00317	0	sha256:94360e18cd8f14c4d1bd57e3c5a2618bf9ad76990ce05093a47ec31908980987	2
ftb-00317	0	sha256:a7a7dadacb28ef880282a813d947ac366dff64973b89cd66028f2b174089598c	1
ftb-00318	0	sha256:33ce4552876deed512a3f96432474bd1485cee03a018e7830d0d176b8799b75e	2
ftb-00318	0	sha256:ca1aeaa764561747c1852279b5010f39026c3e39deba2a991ca974aabcd1c342	1
ftb-00319	0	sha256:5194a68e9921b3367572c3733a7b567355758ba5129b7966844c3bf5cb152c9d	1
ftb-00319	0	sha256:d1d37c170564838d67945738bd32e7f8559e4441fd4c7999be4a337c895566c9	2
ftb-00320	0	sha256:7df89a34fa58c86310cee8be679a9347580d08b006f1294a4c203471b6be253f	1
ftb-00320	0	sha256:dcb0f94978023abd4ccfc17d9bd0e8c7441ce3e9d4ce2e17a882ccfde3ab35c6	2
ftb-00321	0	sha256:6d1f55f30e8fc28365c69fae0d1b0242c546173ecd184cd1bc7c355c72007dc1	2
ftb-00321	0	sha256:f19a2181be081ce1b96b5c2cc327a9ab86df4198b8f6f8611e3fc27067dc22e1	1
ftb-00322	0	sha256:00a115df65ae3df30fc50eb5f004f9a4963fbfdb96aa3b57bd6fe7b7e0b22b51	2
ftb-00322	0	sha256:6cc18ac178a2a3fa3e3cdb6393d96144bde0cee3c33176875fc555ca2ca75dda	1
ftb-00323	0	sha256:1e01524c04cfd02117dc719ebcc9fbaeffb0171166d1e22a84bf5adcc031b1d2	2
ftb-00323	0	sha256:6cc18ac178a2a3fa3e3cdb6393d96144bde0cee3c33176875fc555ca2ca75dda	1
ftb-00323	0	sha256:b79f8b3c61df6ee76e3d42517dc86e6e06c10da3c00161da2d2c50ae335b84dc	2
ftb-00324	0	sha256:c2abe885d07ce31d80773912215e4106e5822c817fc8133225cabef69faaf84b	2
ftb-00324	0	sha256:eb58bc1e59f9d5e1ffb53a2653b568bfec64c216dec91b3f04285c977cc4a0f5	1
ftb-00325	0	sha256:4ad3538dde56a2d7bd20710e18b8744d322e07820178eafeb57410ce31a37397	1
ftb-00325	0	sha256:4e3d676f2c42abbf35d7221c0d22d6b3288c1c8e37203c5155bcbdc1ec7b347b	2
ftb-00326	0	sha256:cfb5cc152833c012c9dc06668bb81a067b08d413f7ec04faf640d21c00ba618e	2
ftb-00326	0	sha256:df7a278a5187e580757620b73df1d4f785ba67c0508245be75448194d78fdb58	1
ftb-00327	0	sha256:cb00c611fdee2623ff24dc05369aa6c47ff14e4a37153796fc51aabd2e228abf	1
ftb-00327	0	sha256:e2dab5bef1ca8e609891cda3fb5c9cfa886ba8acac532f589e2874fdb8666985	2
ftb-00328	0	sha256:b448e18f34b6119796ecc97e17f9639b67488f923f29e014c1f1aafca73f4852	1
ftb-00328	0	sha256:d72021eca60534a1853e43293226f5ac40471d9a3742d2e0785084b81ec28ea5	2
ftb-00329	0	sha256:48d9d8343cf020089c11ce3b8266d9fee22c1ae49658a186f0ff689d13a34d80	2
ftb-00329	0	sha256:6308f6960ae76730dbff94685ef6d5adcafed3d2c8482625a0438cfb332bdf7d	1
ftb-00330	0	sha256:0c2cb848df42ee2e8777fc163c28d90b3fef541119646c60b24e0fb1620cfb31	2
ftb-00330	0	sha256:3e4abfd63120226ea66a53f57815e10748f9d47ce7575dae1bda2694731287de	1
ftb-00331	0	sha256:6eda7b410e2df527de267f3039160546d5d3381ec3786454410987e2e2a5a843	1
ftb-00331	0	sha256:97b48d0591325c1ad0206b79133c5d89557997d35f3a26472b9543da0cbb4769	2
ftb-00332	0	sha256:870519cba32f7996b4210ff6b6da13aa4553f02fb1c022869ea3d0736dd1147a	2
ftb-00332	0	sha256:e6fdc31d1eec6552e4ce802b313c5abae94634a004802780303849a1439572f1	1
ftb-00333	0	sha256:f9317e1a7be3ef8636bce1bc85bd2d2e4419c2354f1196f404e6e3d19b57019a	2
ftb-00333	0	sha256:fcb3b0ddbe34f281aaf1e9b54df09c83fcdb1924e039b643a881678c46feb983	1
ftb-00334	0	sha256:1cde2dd97af580176dd2d0dd1756776f0638940fef3bbdeb95aa0b352516a514	2
ftb-00334	0	sha256:4d98beeb6f7ddc476eb1ebc246c1e14060c2ade8468d3e6665bf58d14d178edb	1
ftb-00335	0	sha256:1b28495be9c65e61a19de6661d1391bbbdc04289302503dd7c3b6b2efd487cf6	1
ftb-00335	0	sha256:6d82d825c69a1b7b0ec287ed27509395a4426dbadaea54bd40b7009621a74cdf	2
ftb-00336	0	sha256:1de542e846e4e356d486e0811e01fc3ddebd982a7e487e7d065fc6cc3440650e	1
ftb-00336	0	sha256:593f77bb96574a45979c26cb8a5d9f3201bee3debe3c83c843d813a7c13908eb	2
ftb-00337	0	sha256:14a062b6e74b7954695bc4206567c104d9759a5bdeb361ffd359b45bce031b37	2
ftb-00337	0	sha256:7b330ebf8eceb1423e3fbd28dc20ce9d3b093579a89f0845961a58a03b493e80	1
ftb-00338	0	sha256:1052e08f611c18060a254894180814ce117898343b628ad7dec9a91f465e8261	1
ftb-00338	0	sha256:c66f50df01460d14b8fc75a05631b96a5fecd206228d4f4f8630b820f70230ad	2
ftb-00339	0	sha256:01195e2e98c975f8fab6bd0cb2def72404faafefde4d1f430d7aa8826a582618	1
ftb-00339	0	sha256:2bd0de0f703072a93859747002cd216e1af03e0b7201cb8ae77355ee87745f4d	2
ftb-00340	0	sha256:603882fd4b1b94c7656daaa2cfbac3f3f0ebb0ece21ad967f952a2570c86ab6e	2
ftb-00340	0	sha256:beb2e090a4672910dcfe6f36704f010be9a6ecc4ebb39895721eb64b5027bbaf	1
ftb-00341	0	sha256:beb2e090a4672910dcfe6f36704f010be9a6ecc4ebb39895721eb64b5027bbaf	1
ftb-00341	0	sha256:c4e2948a3f48a3aec4520be487d5356d790625260041aae1c15f9cdc589667b8	2
ftb-00342	0	sha256:1e8521c4aca6f63f766ea3ffe6816602d0ed88d0f6a3cdd8466cee63a94fe4af	2
ftb-00342	0	sha256:79c0c33fd885133888b3b11479da0fcba480cf4f5a25a1ace8475d702c05aafd	1
ftb-00343	0	sha256:434d30020977a0956dc6fe7ebe966717342f53a0b5edd5d8075c7c9ce3f5558f	1
ftb-00343	0	sha256:8549fa38fae3688fbeeee0c0e12b6cb94140c43becbb5c45df47b0db6d538daa	2
ftb-00344	0	sha256:234dc2f7ae80ac2a7f2972e8c0377369305135b848d704d7ed53558a79792efd	2
ftb-00344	0	sha256:6a0e24303eb89913f2198da12da2c9a70859ada683c2b5660de8e916d4cdf264	1
ftb-00344	0	sha256:beb2e090a4672910dcfe6f36704f010be9a6ecc4ebb39895721eb64b5027bbaf	1
ftb-00344	0	sha256:c1a70d8a13cfd493eea76f273bf27074ce7199e62d89ef381d396f6c1847ed7d	2
ftb-00345	0	sha256:a93efe3bde121f1c1fecb4d3ece128d5974cd3a37d79aee9b2a992f193d66938	1
ftb-00345	0	sha256:dbef34717b0075d07e9a905107e8c37f81b4ca7b6a686bb31a4e4f2f6f264a17	2
ftb-00346	0	sha256:6ffccc324ec7e767ae700f5acc3e4299f5b31377461f3691f84cf107bb59e11c	2
ftb-00346	0	sha256:d2872beac78e590ee4f93eecf3c1f70e05691b74bafd277334537dce7f3f713e	1
ftb-00347	0	sha256:1a04eb6ccf2313c0ad21873ac5f2fe6eab724bda278c809a65a3663730bbd60e	2
ftb-00347	0	sha256:fc10fcd72d38e7f416c6b2f2d1d26bf76dc821d3eb47a57c1155521d19292c01	1
ftb-00348	0	sha256:3c9013d1b649b65e79e468e45348f071ebec80adf5b21c25af059c9d1a51df42	2
ftb-00348	0	sha256:c8716c6b3840972285971cfcbea4e9e2936c19513b3396043b6197e16b8224fb	1
ftb-00349	0	sha256:cb70943e6514e23cfa6139a3f4d96ce52adbae7bb8d6c7b129fc8714e1777437	2
ftb-00349	0	sha256:e047ce35f7b3232ecf6d263b386a09fa8ea094019c8cb43c48e168b8b11fe00e	1
ftb-00350	0	sha256:795448fef38245669b5240f3c06c20fd326d8b893d145f9e0a9e632416615936	2
ftb-00350	0	sha256:ee60f37339912c760363f3bd95ab10e9b7c958b824bb9ba20318f2fc429e7315	1
ftb-00351	0	sha256:11caadd3a4959a08abde1611ff6c2216dc7a04385595362a2049015667ecbb3f	2
ftb-00351	0	sha256:49ff62c155279f112c0ee18f063f544cbbf2065a9943ca80258a151ea6f19244	1
ftb-00352	0	sha256:074977ba73937e1e55c2ad7f3d4af6ea2cc22e782af85cefe0b54961b91ffe8f	1
ftb-00352	0	sha256:9cab44b7e0e3e7d073799a10f27f8b6d0777fd3a754749d76b27faaaf6ba539e	2
ftb-00353	0	sha256:c49e517e8df39e70cd4e43a141fdff2790a19a02f8b61a6036467ce745fcf05f	1
ftb-00353	0	sha256:cb039a79c44bdbc9bdfd3ffd52c71e39301c8037ce4c9e9207b52b73c8c6071f	2
ftb-00354	0	sha256:569411ae285d3ec2e72d84455311384319991feb1f9c63f1a56ee732de9b292d	1
ftb-00354	0	sha256:f973068773191f869e1d159bb89fd9fdbeceb6c50b9eae78877e7faddf23de02	2
ftb-00355	0	sha256:8296e59575189847bf946986f6e1c8efd6d5beffc3265db81904f2fd1fbfae57	1
ftb-00355	0	sha256:e862bb5350e8e1a137a1a9c88f25723cce46234024d994c2ff70240c8f58daad	2
ftb-00356	0	sha256:ca2b7c6a53d22fd67c6210bc7c016e19d14690148b17c0e76da3443e47eb7769	2
ftb-00356	0	sha256:f76b9c2facddc599a053d70008ef3430251b7f69219890c2a455c8eea1f1072c	1
ftb-00357	0	sha256:770dd4aadd16be291f37106df1568b03ec7ddcea8fe4ca268003b55d1d01d361	1
ftb-00357	0	sha256:d50f41c29ec0173431706f8722e35f15739ec5efd9c339023ef47b1ad30f2957	2
ftb-00358	0	sha256:20fb561f785d112d2dfba46f60e125936714e0be4458efc86ac9dcc596effcd5	1
ftb-00358	0	sha256:aaf4fff5daead1da7944a509c514e3727e837edd35b4dc40534a621c537bc0bb	2
ftb-00359	0	sha256:6b8156518d1d82c18f4b232fb5225df6d664dbc2bdc08fb5a42e0f34401d2c23	2
ftb-00359	0	sha256:7d4ab4c89853dcfec33bf1c702a1a04edec60125fc77f0617437629f8db19e4c	1
ftb-00360	0	sha256:71a68c9d4ee74cf3a39197c44d9127e2cab72329894f95cb1e99521ab7cc28de	1
ftb-00360	0	sha256:acaa0720b000cb2681f9d015a813ae985988f8ff20c8f16d32d0d709df6a0a5f	2
ftb-00361	0	sha256:5f32c8a80ca3354779775a0bd73231f0c8eb7286c9570ea7a7be5770e6ef5e49	1
ftb-00361	0	sha256:bc59b709871bd61f57123d52dacd52f89f7ae044f08cef6a661c66781f5f9a3e	2
ftb-00362	0	sha256:1b118d3a4f6a408295d52b7d894d9ba0490241878606e19d8b237c8ee48dbc9d	2
ftb-00362	0	sha256:f292a93c8ccd194554176aeb6f01ddd13b49e133b63691585a460bb418400f41	1
ftb-00363	0	sha256:729f31bd4f005441186ec5fc839025de033cb92ab7ae2ea93fe929dec130e388	2
ftb-00363	0	sha256:b7c309d1eed481d8fe9c5a0d1f742c241f3984663d132102ff1ff49522ccd9ec	1
ftb-00364	0	sha256:1919b863937c13a4dd0a93a4dffcd63d943b36989ff190382e3ed6a1c5f7846b	1
ftb-00364	0	sha256:6eb257040c685d5489247b94af4cdf63e4d2f1fe04bc42bb6631554561b53495	2
ftb-00365	0	sha256:178bea124f13c539cab57f6e006e6100cf2a6ad20a7094991f0ca4207f2fe85d	1
ftb-00365	0	sha256:9a6846c058e470e4cd7c43c93f886ce3f9a9a77319d5caa6ddd43e08290977a0	2
ftb-00366	0	sha256:5cb209adf5f04ab84b502875f9a2d654a63d9a476a21c62ac769271d74fa678c	1
ftb-00366	0	sha256:6e96543f8df2fc5225164e3309fc8aca0c22b7dad8c69ab8122561029c094831	2
ftb-00367	0	sha256:2e91041ebab3cb6efe851097271fcc6f4dbfc744c53fbae4a54fa6de59d6d515	1
ftb-00367	0	sha256:d11e9b841e19c41d8b99b0ca5f27e1533b709b51b39bb68b98f9d79d7a9efd08	2
ftb-00368	0	sha256:2f2dc96690d700560244829d0c81ef88cfbca650d8ae9fbd378451a0ae70bef5	1
ftb-00368	0	sha256:4e7187f6ed16705a4dd7fcd7fff13cb961d5879f7e9a1668433ba278ca68a06c	2
ftb-00369	0	sha256:5035eb38c19e826cd4c67f4c6b9ed984d971365073ff298d042cb02f2818e54e	2
ftb-00369	0	sha256:c3ff3d9d3f31df7c06a673f9ca020f0e58f244d3aa26bccb13af55962abc365d	1
ftb-00370	0	sha256:b00594bf12216dec87d0f9fefc7301a6df3afa459f961dc512a94037212a7198	2
ftb-00370	0	sha256:da16de3c88cecd8f86ea71ed9382853825d9a87ab9c24cd47f8a5d0f14e5a3a8	1
ftb-00371	0	sha256:15647a4ecd0465f6c826c13ab3e5c19f3b59fc0b52c977931413f899f0258713	1
ftb-00371	0	sha256:8dfb133c3b98f77fb99aa9b5c48d01587d852a9f429ee355f4d40792a8071aeb	2
ftb-00372	0	sha256:54e07fdf314fa03e81d21c8854ce2d023a33477fb59fc5db0f8dec1812eabdcd	2
ftb-00372	0	sha256:d9d0b168cb76bf09b5bab587b80cd9e74e23966c5cf70ab170f92ceb380903c3	1
ftb-00373	0	sha256:2869885bdbd8137fe07c10b4d1ccbddb02ce303864bb40de6359bd979cece8cf	2
ftb-00373	0	sha256:538bdfb63e939ad88864f639ce108709990a459b7d6e058b0e3901ec9c58a0b7	1
ftb-00374	0	sha256:5b3f36f07048916d13b644492220d92f4b473c3422c01cae02cda10cc8f88552	1
ftb-00374	0	sha256:f754b0101d1c6ea84b769046e8f5d4195948b486a9f6d920d6ba37f8435e3349	2
ftb-00375	0	sha256:e6a2ded99f09c5516132b3c1848c30c0926cb531c51e4601d961efc04659919c	2
ftb-00375	0	sha256:fdf609d53b62296aa83463ba2467d751a7389ded35e794488467d0c0f348c7f0	1
ftb-00376	0	sha256:24b15f830d3a2d9ca7a0e9da1a7e293c39587c940df1823d94a2dcb7395a04bb	1
ftb-00376	0	sha256:b8568df1eb5fb2c5eba4bb9fbb8da3f38a18088a91446e42f71eda3dc13f91a9	2
ftb-00377	0	sha256:09a8239525f73df265fd0e01d7fa72d6e8c38a96634d7616ef37dba014b4a114	2
ftb-00377	0	sha256:539a2ee9518c0ad7058d05e20bf1e6b1b8ad4dbc76312cf8c7ef9eef7b435f53	1
ftb-00378	0	sha256:31dc9811c95511dac505e59d66b33456a8b24a216ab3f33a84219c99a821c096	2
ftb-00378	0	sha256:4abd35e19e34e79cba0b58b33ce3f2e713bd3555c95fbc76e1c0fec82dece20d	1
ftb-00379	0	sha256:5cb209adf5f04ab84b502875f9a2d654a63d9a476a21c62ac769271d74fa678c	1
ftb-00379	0	sha256:7eb169ea71a030720bee0a6ec5259d7591ad1717772d5aa9eb44d4da1ccd8be3	2
ftb-00380	0	sha256:cc515e5fab70956b392291ca3c41cfffb720dc1b60b0355c8327e63acf013086	2
ftb-00380	0	sha256:f86134aec5d65c7f156c6893aab1f969eb26f2bd77807cd7471ad537338a5149	1
ftb-00381	0	sha256:195a994ea6cd0cbfc29a460f9d8e67bc1d23c1d1d51d2cdef3d11a941cc61228	2
ftb-00381	0	sha256:fbb67b7009d10d20cb62a727ad29344af831c4dae9942bf0450b22429c174a51	1
ftb-00382	0	sha256:b9c9e363dda61bc0871a9098fb7b618dea69d49b90f0b511b82d424d0befe148	2
ftb-00382	0	sha256:c5db906ae8c83c7be674789be932d99df198fb598659ba6cef02d42eca9bb590	1
ftb-00384	0	sha256:501c6a63f2281f9ab10a906ec4af11c451a4d3978920837fdb122a1f4b107d45	1
ftb-00384	0	sha256:c20e6092115dcf0767de155de12d6ca7398cc7c7102fb90cf924e2802491b312	2
ftb-00385	0	sha256:0b9f31ef91a561bc9a0882c3975c0f8868b9f527e6270d12272830d17469085d	2
ftb-00385	0	sha256:8298084b625ef411972a7f9255d73854962d514e0962dc6acab848c4bb3f0d86	1
ftb-00386	0	sha256:0aa9342f787fcb7f3d3877d468c43d551a2de9b2f3d389676ffd456463f7075b	2
ftb-00386	0	sha256:c552ce1ad5d31b0a44a9e677620dbf2415c4e21af7623060170a5f53087828ed	1
ftb-00387	0	sha256:7ca91716c9a5af479e2ce9cf49e1ba1ee66ada2e40f6105d1fc8ac899ee16072	2
ftb-00387	0	sha256:9aee543b0fa003a67cf16c4f4e811689d0449949aad1306ca66d32163a3765ef	1
ftb-00388	0	sha256:28e9fe145660b0ca8af8ec8b867f77f000954da29154ed6afb7ce2888c6787fb	2
ftb-00388	0	sha256:42629925933acffeb529537c4903ccbb5af8a4d7053b4ebc252e13886c8e29bb	1
ftb-00389	0	sha256:1e1ccae37f628a59de9097f4cbee3b0df4492021687fcece029129af87887828	1
ftb-00389	0	sha256:be54be16f11d8b5ec333647d06765ca111702ae47e359ab47e25485179bd192b	2
ftb-00390	0	sha256:7e64a5947e6a835f2ccbdebac1993c46a606e35f39dfefe3feb34b8c9968baca	2
ftb-00390	0	sha256:9f77ca550e0ed83a03d8b429c696a438df532fd165117e45dfbe3782bb7235c8	1
ftb-00391	0	sha256:1caeeb87e5a9327068051a85edc513cd14c1c4869d1e23f660c2732c0304bd43	1
ftb-00391	0	sha256:b9c95b1822207ea59589ef41a7da284aa8f31d7a9e8c52c8db028598e893bcf1	2
ftb-00392	0	sha256:1485651598461608a23b011c12c0d3dc5782e9a3575d788dd897526fd932c49c	2
ftb-00392	0	sha256:7d89c8bad239770ab1fa8716056c47f42e6364afe2371056ff798b146b5f2354	1
ftb-00393	0	sha256:8e76a3c82092426d7880cfe7d861c4ea71915fe45d03c97f7749c86490fb3eb6	2
ftb-00393	0	sha256:d9d0b168cb76bf09b5bab587b80cd9e74e23966c5cf70ab170f92ceb380903c3	1
ftb-00394	0	sha256:4e8d40a599ca9093f281b1ef07d1edebd1a5623eff3a4a03f60321ffb7f5056a	2
ftb-00394	0	sha256:aa89661a77b3ba282bebaca7cbf8dc1f2b6b912957015ec86e699a311d8255ab	1
ftb-00395	0	sha256:9a4cba77657b5eac3a8b8237c8e45d4034b2201d90468aa89ab920824dc3a432	2
ftb-00395	0	sha256:ebb48720cff3130da65e7b5f248c42f084b48533d2268a996fc81afa554c81b7	1
ftb-00396	0	sha256:4bcc03c2a123e803dbcb9bd51a84a115ecafc948e53626a5f110ff84c5509956	1
ftb-00396	0	sha256:e11003164ca2adeee7aa6ee8cdb69cfd4261d49fafb4e155ab2591d15d65c063	2
ftb-00397	0	sha256:4787888822fa13165fb8b77a3c080cb6285ea411ba3d10765ecc1b26065360c5	1
ftb-00397	0	sha256:e5f75f6141e787f71d53d34b01ea3e7e5785499f7480a24873dc3d4a18ae2c2c	2
ftb-00398	0	sha256:4dd6c60d7b722fc70dd6006b692e9af5dabd29aafff9d3b9e710f0c99447d878	1
ftb-00398	0	sha256:d2a9ec7229e9d8c6ec120acef7017dd79ab32df1997d4772dab543878878d26d	2
ftb-00399	0	sha256:1451e9fc2cc52236a66a65ffe882a880a1d05d97bd521c7582552b085175bb84	2
ftb-00399	0	sha256:c200851afe99b05cd4fccc1e403ea2fd30179c4c4b09afaaef8aac96243b8377	1
ftb-00400	0	sha256:76015c23ba09d39449b2748a1c5dde37382739443591cd385528ecdb7086fdba	1
ftb-00400	0	sha256:7e41a116e5b80f71292e42f30b67916ff5a449a4427ffe876e6bcae02f621792	2
ftb-00401	0	sha256:67700b7bf61e76f800cedc064c2e0933eb53908b6e1c8327f89c19abd5af3c2b	2
ftb-00401	0	sha256:852633278e53d2d9f8e516104c03922bdc8214dd9ac6d45f3767e6384c1a52a1	1
ftb-00402	0	sha256:ad4932da65fc54afe33bc271ac7bddaeba674aaa07d491e51ff67b8acbc7dd0c	1
ftb-00402	0	sha256:bfa4660fa551653a14e930ff3b47c3373f6a01db9cce8441511649463f8f75aa	2
ftb-00403	0	sha256:43d607b3aae52988da4fe4f444357eec78aa6f4660c1f824c5f840b641266961	2
ftb-00403	0	sha256:79792fdfa4a9a76830c91f003ed9a5677b12f0d41426a2df6d4ba860c800f5ce	1
ftb-00404	0	sha256:14711886ab60b6eab2e1b3eb77a5829de83dc1de3f57ce4bc5c79dc7355f1825	2
ftb-00404	0	sha256:621b87c5db643464f480621a6c91009992e571b523a431e5869f4e14d91d99f5	1
ftb-00405	0	sha256:2faf96dd67a5781fb714ee0320c87f2e3438ba215a0266ac3e231d0b0e01fa13	2
ftb-00405	0	sha256:8477dda390cc536116f0bfadc433815ab33a7db3d3b544cd77adaf6c0788a49c	1
ftb-00406	0	sha256:9c0c22945c03f535aa533c7013c4fe0005a5caae7158b39e391e13cc7c565d74	2
ftb-00406	0	sha256:ba4ad1e60d405017c1c3b16ff4738db201eacef727f7dee4b9756862c5df200d	1
ftb-00407	0	sha256:32534d28cfbfde64ee5e4e8e73e17ec8b75777dd9f5b981839b9beb196e160ab	1
ftb-00407	0	sha256:be63e61b300e3dc509c8f31dc19c1528fe1ee408ba16c5e75f0b0540d31e84a1	2
ftb-00408	0	sha256:479390757a3228dcd8896b570881253ca211c6ccecc074688ac43e692392b3f1	1
ftb-00408	0	sha256:827c18fe6205f8dc92e0cf72addfbd11ac02ba898c4f2565fb629ca7a4be34c6	2
ftb-00409	0	sha256:97c45fab5dba1982ba902954e4f9bb98c6eee350db8d5e127550ae1a80119cb0	1
ftb-00409	0	sha256:ac80874eff969dcf286644f493565d2b42bc4d99483a8c84424825764e347bdc	2
ftb-00410	0	sha256:b351ed77b53298ee5433cdea2d7e3ae3b0c0e072f4ff16133c1a8924d4ebe5fd	1
ftb-00410	0	sha256:f908520cc8ed5a913b67338ead416cd07c677cf0e0e83fcb9d6e0c178d4ddd4f	2
ftb-00411	0	sha256:190cbb1108adb86321669b3ca2f662da0eead2a6843bf0f4b60f5ad9ecb2f599	1
ftb-00411	0	sha256:f3a0dafb1b6c758c87f082cbebcbf2d448647dab1a52074247c96c096d328fd6	2
ftb-00412	0	sha256:23d16c4f6d71635f972c26fcbd7877dbbe22644612f96f467dfaa2105df93da9	1
ftb-00412	0	sha256:83869f93845b88bdbd552a6379083d1679f2f3c9a4c94be37047e9d3c00a5fbc	2
ftb-00413	0	sha256:fc0533f07a25e38f6554609aeb2745b07e5ca176fd82f0be70ee8ac7c7b73d1b	2
ftb-00413	0	sha256:fcfb372b40f7a3fb5a4bf2a7de9a1aa3bf1b77d835c96de475451963c5c31575	1
ftb-00414	0	sha256:586ff5f27e679b3633f81b2e5c1ba47bf3e3c60aa77f097ac9b53e1f6a5458f9	1
ftb-00414	0	sha256:c0da9c03f8c062869e47f729fe847d3d4cdcfc13d3d2ea64e61beeba4330b369	2
ftb-00415	0	sha256:0b00a6c3df092e835fec5114b3e767febb6f7f4e254ae9a1658cc60e2e80d274	1
ftb-00415	0	sha256:912c8d59333f25e049ab6e5dc906400d2414c5de5bcf84452d070d7cbfc11d1c	2
ftb-00416	0	sha256:883204b6fbdbe830e5a049a719d4ad17adfcedb0fe4bdb1ab7fb7140098b9493	2
ftb-00416	0	sha256:c47dc962ad1f3a7fc3d3041411dc05e0d00c5708cbce9bfdc5de9346056b19ad	1
ftb-00417	0	sha256:1fb73e8abd9ae37e9ae530ddaac7309ab25cd9d82611be442d9af9f6bc91b82f	1
ftb-00417	0	sha256:de6c6bcdddd60e78aaa5ec8217e839196a05042c09f4b8ec4be073f995c67360	2
ftb-00418	0	sha256:52f226af04150b58348e3a04475535c6881d1116072fd32f8da0de2f503a3e6a	2
ftb-00418	0	sha256:f2d12b18caa7af8ce3116a1a97e1eb5aa4925f400ae3090461240022485fbf04	1
ftb-00419	0	sha256:085e0a0cf9bc6fc202f5e5d09abc4636fbdc5bf37549f9fd54da0e7b1def90ea	1
ftb-00419	0	sha256:860c167a4fd11cb4b64e641b017195c4e91baa3c3692c55e7bcf50b857fd99f2	2
ftb-00420	0	sha256:e46039a4aa827adaae896d624d00714d97db1caeb61ed2790e24c06975315a83	1
ftb-00420	0	sha256:fb9e11c0d561d0bd99c2a90337dfacc7e5326665808791e4788ec5511c0c3d9a	2
ftb-00421	0	sha256:2efb7505e910ec382988d665940d22c9889fe47acc35f111fde3ff22f66e7dd5	2
ftb-00421	0	sha256:84b4e5ae38948fdbf409a8fde28a8e74ff14f9b6626db4ea2d60fe6da4687090	1
ftb-00422	0	sha256:5c3cf7191e23d61d6201b5f7f518738859787085cd95f5255aab3b245f611f15	2
ftb-00422	0	sha256:aaf32804aa6f1df120303c95932e82e5d195f96ad51869b19054cef88038864e	1
ftb-00423	0	sha256:072fb33a926f923ecc5810566285db6faa80e1f35c530540c8f034633e8958b2	1
ftb-00423	0	sha256:14a409a4882041ad97c234e1b72a5454c9834397802b85308ec98166a16d1310	2
ftb-00424	0	sha256:190cbb1108adb86321669b3ca2f662da0eead2a6843bf0f4b60f5ad9ecb2f599	1
ftb-00424	0	sha256:69f3f50fbf2d3509ca307b57ebec8fded46f560813be5032f6c06bae476aa273	2
ftb-00425	0	sha256:07f1c46e65eb5c47dd6657d043d843832602ea751c2789aaa4dd4ad8feb6b769	1
ftb-00425	0	sha256:153100d3b12ad33c50656f52e7f8133ab272cb003a7af2caaf13322ace12547a	2
ftb-00426	0	sha256:6afde19c5d4197f2639657311a9542ec1028b372d8ce1124877147ffc3d2a69d	1
ftb-00426	0	sha256:fb77c7b05f319250a36c5222458aacb1c6d3220d5ae660785d7d19b0f7cd01ab	2
ftb-00427	0	sha256:1a1e2c478e95bb25f6c19532ad193089fccc1120cc33cb89fe93a602446e1157	2
ftb-00427	0	sha256:9be4cf38221b274165f5ca8f5c9053aa6975fc003e72cc11b0fa95b49dad4398	1
ftb-00428	0	sha256:26c573d8feda51dbb06b3b410426c95f96ea58f250a3911dcf0b8472ab5f17d5	1
ftb-00428	0	sha256:cd590dfb433fce500272291f51fa0071a7704a92f59da9088e31306b81c43159	2
ftb-00429	0	sha256:9a1a94d297aaab9a13be62ebf1a3c5e605c7700c4ee3d8a9b93543d964377534	2
ftb-00429	0	sha256:e4e199a8692f97e5247af83b6a9b8858c63bf5de035685da1fd04b89657afb40	1
ftb-00430	0	sha256:17ff157e74129be238c3281520a89c8494e291aa545801985dcb9c5a9bd1a4be	1
ftb-00430	0	sha256:9be4cf38221b274165f5ca8f5c9053aa6975fc003e72cc11b0fa95b49dad4398	1
ftb-00430	0	sha256:ed69d605f49ab409a85cccd0b0428672bf7a4058c5d3e4f01224d60729ef05e8	2
ftb-00430	0	sha256:f9b8a0d938f0e974ef79f31c1b7395af2ac02f10fe1dee6ba2b8126c6efae273	2
ftb-00431	0	sha256:86bade2096c23e06c4d600517551fe9a2b13c34c4cd045bc5c5518dad68043b0	1
ftb-00431	0	sha256:f837f98caed22bc7a18901160b579033e2b22aaa863b12786aa0bdc5cb225d42	2
ftb-00432	0	sha256:94f144812abaa697a73d79d4344d214a7d74a17306f1c2ad45331a98b998c6c1	1
ftb-00432	0	sha256:cc5653aa7b8ef7178311b5e3312c951e5d0858474f6ebf0be70c92acb76b781b	2
ftb-00433	0	sha256:2c9ca5b7c19e39ab16348fe9b645e1cdd442e3a4e2db34ed8ffccf34e5ab5cd0	2
ftb-00433	0	sha256:f442d766d14c30cc8def316ac16d1a3eb858911474a3649402d01bf2ee74b784	1
ftb-00434	0	sha256:4b00ab555a3566a58bb1068a08373e0bfb98841381c53f2c49d177fecf150cb7	2
ftb-00434	0	sha256:f442d766d14c30cc8def316ac16d1a3eb858911474a3649402d01bf2ee74b784	1
ftb-00435	0	sha256:ab171f7cb49791f79b1dfeecd603a158f0dd33772298ac7075cf0b1ba6c84b93	2
ftb-00435	0	sha256:effca05d4bf33ec49f08452ff9c2dd4f295523f09bdd132d3a991a2b52c72b6a	1
ftb-00436	0	sha256:00e44f5f4577f02b27159e6db759f21f62b4b76d4c7fd27c266e40bd41401ac7	2
ftb-00436	0	sha256:e87b843d7ee09bd7835e57842e3d3d4e8d62361a99defe3bf0c7b596625e6856	1
ftb-00437	0	sha256:c1bd2ebf269a76aebd275ea3e2e2405607386d0cc5ae33bbc431e07d378b714e	2
ftb-00437	0	sha256:e4e4e753240ef5c9311b53dfca042f3260c8e42d45747e6e3d93296241c6b7e2	1
ftb-00438	0	sha256:039b85058f4ada087b05bcecf356ed6888d40a33d37de847a788744588973f78	1
ftb-00438	0	sha256:ad6af97ed7bb4c84ef3f75f135ef2e77e2ef147528d2de72b0af5e52085c85a5	2
ftb-00439	0	sha256:b044765ee9e9f7ffecf491067070f4da12ad0e63208cc42cb2217da124572772	1
ftb-00439	0	sha256:fe58d267cfd420f55fed54e96a78c8fa59346072680001c2370e8b2a0511bfbc	2
ftb-00440	0	sha256:30a856008b4f544e058c0055c5ae1394e6dce5829fe0944b0f15c588a8020823	1
ftb-00440	0	sha256:531641c92c6d82402f4df8cdc9489624b3037d7ebb313399a31d8a28e142305b	2
ftb-00441	0	sha256:6065fff3aca406794a36cce9a784d43707e14ca93f8101f606d061bef7b55322	2
ftb-00441	0	sha256:f56b8dedffb87492d7c90c1ba3cdc250de52db7e14d66106f9061703491727ee	1
ftb-00442	0	sha256:260b650b84ffdd56a97e1f252a7a9c35c10dd6f3229ef8f5695717d37a38bae8	2
ftb-00442	0	sha256:3ad1eebb30324dccff1eab33932a818b888128626f438b5c639c665f372323aa	1
ftb-00443	0	sha256:0fbc696b563671200f379715dea8b030cde9b0453355512d9f2c1845e267dcd0	1
ftb-00443	0	sha256:5b67a949b7c08128c1b7f1548cae45d037190d562e27f67c4e1977489f13bae8	2
ftb-00444	0	sha256:190cbb1108adb86321669b3ca2f662da0eead2a6843bf0f4b60f5ad9ecb2f599	1
ftb-00444	0	sha256:ebd813af195176e00f0ccdcb011c530c9d792051de40b025dcb72b9fdb235463	2
ftb-00445	0	sha256:0941978fff6f475925f8c097411af21da4e2d1112c60fffb04e7c0b16d446154	1
ftb-00445	0	sha256:ab8222c1960eeb53054e63c7999c0595c04f3526b6f98e64e96de70866beab1b	2
ftb-00446	0	sha256:6509d63b69d9461a10e095d67171a645d3097ff88c52a9e205a1f4afd7e977fa	1
ftb-00446	0	sha256:d6a26ea874157cd8c71668c6a4b78a8543a39e06b3dbbbfbf5420b9e209adbaa	2
ftb-00447	0	sha256:05c997b252a6dd5ee2f88ab6c34de82823fa7cb114ecceb41526df3ce45fec6a	2
ftb-00447	0	sha256:bce76c08d3ad42238e0b974d6777febd44b79bc2273f030959cf8c0c0ceb90e4	1
ftb-00448	0	sha256:642919283475e52ed4427dd559fd670830f1b00e9306073335b15298ab628eca	1
ftb-00448	0	sha256:80f7260ede72f78782151573d659a30744a72bfbb6eefa9b852414eff0a73ace	2
ftb-00449	0	sha256:86bade2096c23e06c4d600517551fe9a2b13c34c4cd045bc5c5518dad68043b0	1
ftb-00449	0	sha256:86cfd48efc9645d2bcb243c809d97dbc7e2c648c81e33949216bd76c359403c4	2
ftb-00450	0	sha256:217a7b7d8ed816eca194525ddff023ac350beb469e16c328c24193450bbed984	2
ftb-00450	0	sha256:76109b2f46f4b7d18a1c1ad5076fcc48de2a0c44fbea2791f31c869ee1f010dc	1
ftb-00451	0	sha256:17ff157e74129be238c3281520a89c8494e291aa545801985dcb9c5a9bd1a4be	1
ftb-00451	0	sha256:1f300f8cb330b530857ffdbdf3f372ed35678779d1c6aeffdd2cffd4eeca0a3c	2
ftb-00452	0	sha256:1df2b510e2dc362f866011674de312a48ee5a0e69ac5341dedbfdb360881bf49	1
ftb-00452	0	sha256:4be612e49b9d946defe6e8830152d99aa238575ab3012498c73ceff72a920bad	2
ftb-00453	0	sha256:5f900f3ab435960ae23449afbb7a89e80e4f7a77be4f822da50a762a92a164b6	1
ftb-00453	0	sha256:bc2ed82b9dac0c988a2abc28274a2cbbda379ead6b0b197f4d1bfa26adc8bc5b	2
ftb-00454	0	sha256:652241955804099ef47bfba593e5805e33849ddce73df20191a93d1cec9d29f1	2
ftb-00454	0	sha256:74f2cb7e1a361701bee8857239ddc397f818bec2a5e7a9dc24517761134a7801	1
ftb-00455	0	sha256:1fe12856d1436efa536d98f0fb1d391fbb30db281f8bc0c9bcc91695000b3a7b	1
ftb-00455	0	sha256:cde075a2e019ebace22504f874d1fa1204d5a7a9beaa91739dd63078996b6577	2
ftb-00456	0	sha256:1bcaca961bc8d35063ffb22b52a42c6caaa6a8822aadde9716582a7a3367a182	2
ftb-00456	0	sha256:3decf9a7cf62424d8368bfd6d4395ba132b1f8e08e83d6f9233680cbae81d445	1
ftb-00457	0	sha256:35683f675342760abf6f57fbda75e7610bedb6ddb6b210785cf0072d0e446a08	1
ftb-00457	0	sha256:d07cffc5b6d9e8110b6b41808b08c5657af00e697a778e267f2c1e59548918d8	2
ftb-00458	0	sha256:1c413847315014c63c98eb56799f26e64c53b1ea2ee5c320f6c097ed04fc87a8	2
ftb-00458	0	sha256:5fb3d8f366f01a57f4636dd8cac11604846df9b560d8872b5433e7d999ae6562	1
ftb-00459	0	sha256:3b7eeb40418064a3176b8595a368a300c16a305362c323e39b293cc125342fe4	1
ftb-00459	0	sha256:87bf8caa8c55f074402b2d9d2057aa61c779f5e149227c8b2fd929e6216afe25	2
ftb-00460	0	sha256:8a5b733a3a56551f9589d77994d8a2e7d16266f4a69b871d38cbe3c5edf928bd	2
ftb-00460	0	sha256:eb1249045657cad443f5d632ec77371668e4d25b589698901870fc311618b6e9	1
ftb-00461	0	sha256:38572470fd13042f65b27c7c63ec82ae8e81b806f52a57b0b56733b34f186bb1	1
ftb-00461	0	sha256:548b2756cd762efbb1af6659598e912a545189da3bfe9d3ad0ccaacb3bafc7d0	2
ftb-00462	0	sha256:464f3c10af0975dcd349df19967845a821e8d81d28dce868edae48a3791d710b	2
ftb-00462	0	sha256:fce5f34f2dc12d2884c2aa711e5400855500d71fdc6c9566fb4e09e01f000391	1
ftb-00463	0	sha256:41c2013f5ed79dd2f0f262068b12de3e7b499aa4876267bc9724cebfed8a2a8c	2
ftb-00463	0	sha256:9fb561beb358e7da832b7c03eff6a4f6ee95de03188666aedfa80fe20b7bf90b	1
ftb-00464	0	sha256:5370cee2080596f0e5ff874dcb878f16166771091bb2f9ccfbac23385434812a	2
ftb-00464	0	sha256:5715363f88403d476782a6899c5116b85c694b42e35ea93a0804c8dc347ffeed	1
ftb-00465	0	sha256:577900ff01d97211ab2f54d75b6c33489900183782aba5f2a8b65abde3b8aefe	2
ftb-00465	0	sha256:b42641273325e143abad4530f3228ed7a42fbe053612379ff2a6741741828853	1
ftb-00466	0	sha256:429f6c727f786ad912d200ee926e0348469e2d7fa5d295248c44e62a6d10741e	2
ftb-00466	0	sha256:6dfea04d5b4c21932dd84ae3b01b9b8c3254398edbaef6248ae138d1fe1ad946	1
ftb-00467	0	sha256:16975a4ea67941eadd39de1e6d14009660ac332b4ef8c74b686bb6899e817f48	2
ftb-00467	0	sha256:7b72b093f5d3ccf055a26ca9a12d24d1bff7384f36d122dfd94390e263871818	1
ftb-00468	0	sha256:4c13da9ef9602393d078a4e3a11ee9697b3afeb648517d84ddb95e2e066fe64d	1
ftb-00468	0	sha256:566d2ad9dae17c6df67011e4b6fd9e7802c25e4652d76b68dc2656431decbf14	2
ftb-00469	0	sha256:2da9b82ddcc9d2b5ef32d63385cdd96c7ea1ec359026bfb32000d3af55bbb2fb	2
ftb-00469	0	sha256:4ba6811e1f2f33381df056cc3f99563c348ed327d375be329881c023326b22f7	1
ftb-00470	0	sha256:71e78d939f95528b97a50b6312f8cc06de810c271470657058479eb6b3f95cbc	2
ftb-00470	0	sha256:f71997bcd47589d9cb6630231f33d60b114ee7e518c7e756da6bbfdb72c31879	1
ftb-00471	0	sha256:2856425dbafa642c38745fea3e85dba033679eaa4a64302b727fb8f7b8e83ab9	2
ftb-00471	0	sha256:8a9e9c891fc9f9c0bab53adc85867542ca6237ab2788612a1fd08d83fc14c0f0	1
ftb-00472	0	sha256:d7732d03dc07dabee96c968f5afd48d1f2faa15f7e45fdeef72afe5f79970632	1
ftb-00472	0	sha256:e9bfeaaca8c4e6f7765a0c50acb83e6b6959300c426d3dc01bd3cb5594e4d2d3	2
ftb-00473	0	sha256:0e79b37ce2379b5c2d9e24d69dab7ba6f653a807257a12b2fc576fd5d44351ef	1
ftb-00473	0	sha256:9b594107e606f688921c9205d3a1f87c5a680696aeb35bf9895b4fc5f37bb912	2
ftb-00474	0	sha256:244c70fcfdab917f34e02073a1228d7329d7c3b27d8cdfd7589ca87362a09471	1
ftb-00474	0	sha256:cb8d68dd5ff129108c019803a2afd6fbee312f0c44cf4bb51f676e198351e851	2
ftb-00475	0	sha256:a2d8fe84f9dc236643f781f6c991fd848bc48c37e183ffc7a2457a9a8212f642	2
ftb-00475	0	sha256:f82b2efb148476f07e2fef6ce0d7a78e250d7adb0e94e465ca464dfda0be4753	1
ftb-00476	0	sha256:64bf4cb075f26b34b8aaf76807e4ae064213c5d4fe15cf8f050b318242a27aac	1
ftb-00476	0	sha256:ea8cdf4634e9701e0219a3215cd3df848700be5b1c49196d1c1ad8e37c3d7344	2
ftb-00477	0	sha256:3364b5dd93db21bd9748e10b965b353e5e57f23e4fceb33463f30a560180a31b	2
ftb-00477	0	sha256:7b6e17363c9efec804f016b16882bc318fb76f91360daff228738d9830841cd3	1
ftb-00478	0	sha256:273a89c88caf0f52cd678745e715421d5c9afb579d3db9b16c49582c470a79d3	1
ftb-00478	0	sha256:bb1d89de6398fa2c52dc46dc42c7d5277590c10728ef52c39c67cbc78662688f	2
ftb-00479	0	sha256:5d37df6c08f7d62314643dabbc31f6f3d4535ad6a44c0a4df641c8f3ebc385fe	1
ftb-00479	0	sha256:7a85fff7cd2b00ea7e986530a884ff27c2b72bb9deef3d6372d5cd6aabbcc80c	2
ftb-00480	0	sha256:795e01cb8d68314dc7a9186b33a605cf37cc7528064a3ab42144c76405c698fd	1
ftb-00480	0	sha256:f8a94902aa9429429e3e054a70fa9ffc2255101bf43a73e4ecef3129f2189203	2
ftb-00481	0	sha256:27e0fe98be6f12d6a57f2389c90d4b46327b7cb9e67677ebc01c9cf51cc72ca1	2
ftb-00481	0	sha256:9631c8cb2bd6c12748d917beeb79b22b4dbcea6085f50d01c0db9bab423cda7e	1
ftb-00482	0	sha256:5a8c3b4f364f0fc8c22e2991d52daf9435cc10f707716480c4240bc357b65cc8	1
ftb-00482	0	sha256:cca571dd784a4c6c054afeeb3a2afc72dee79b194dbc7668b693f630538bf2b0	2
ftb-00483	0	sha256:87c538fafa19d524f9ea5153b7ac02c29cff5d625da0d2f43e77386bb20ee079	2
ftb-00483	0	sha256:c47dc962ad1f3a7fc3d3041411dc05e0d00c5708cbce9bfdc5de9346056b19ad	1
ftb-00484	0	sha256:cf9ca93971dc0cf7a052651852a880a5939412df074a66b145e0e1935506b1ab	1
ftb-00484	0	sha256:e6722b13a4ce489f6895b3b3b13b601494b745406502204f94af34de788e498c	2
ftb-00485	0	sha256:175fc318fb1adaca9cd3d84f8a708ed2a6d4c868b8f33f291f83b6c565b59e4c	1
ftb-00485	0	sha256:e6a78e90a606db3fbb288da0b3fce80e85eb1a1880d23b7f6979ff67c304c958	2
ftb-00486	0	sha256:cd5f4cc356442694a84a3eb6fe4f21df9c7b3f2d22add80fe095441a899a1720	2
ftb-00486	0	sha256:e35cb919ed6ab440f35fd93cdcc1d35f0ac710cbe25cb3c7a7ca73328f5e4e0b	1
ftb-00487	0	sha256:2583017d90b289cf626474991db03a2b68c8f4999cb60f6fc20e2afb9d46048c	2
ftb-00487	0	sha256:933632940677079c70e78a81f38501802c653cbf3d8dfe4e2741c9aa282c0428	1
ftb-00488	0	sha256:9406ae2c43a33b820643a8362f0c2f5d162eae2f7cad29058308912b90fff3c5	1
ftb-00488	0	sha256:f97e863c62cd6a8a864400192b55f3cb9c68d3a995c4d5fd2a6f507f6332a629	2
ftb-00489	0	sha256:1dd28cd72a2e059aa1f192039401a92597dcc749cbbef5850c884862a7649c4f	2
ftb-00489	0	sha256:42724f11fbd779122cf6024b87d54ba317ceb7c6d713e9fa8f5003a9d4851903	1
ftb-00491	0	sha256:30a856008b4f544e058c0055c5ae1394e6dce5829fe0944b0f15c588a8020823	1
ftb-00491	0	sha256:68ca830480104a7d5adb85ad85aae61e6f94cd79b31f1a040e815d492087b99f	2
ftb-00492	0	sha256:52dd75cc047ce16a2abfcc1a0b825720ba6ae5c5d0d6bb7ec57d730de0b8997e	1
ftb-00492	0	sha256:aa9591926f5e8a95df300f86693532c6563b648978c3132d8ef5a38823165e20	2
ftb-00493	0	sha256:3e24089dca98e63838c4afe47bcf11e06391ee2e2dd0ab3813645217e3a30eea	2
ftb-00493	0	sha256:5af1c85b43417338d411add3cbce8d3b0e45c777cc04dad121689cc3f64eafb2	1
ftb-00494	0	sha256:02cab553584ca53fc8b0d992e2c2afd181c753ea7640b692422b993886032d31	1
ftb-00494	0	sha256:9d8d021491c9847759c8bc48982a3ae8da0763a1b152a43a05906f8a0594ae2f	2
ftb-00495	0	sha256:55c91268c345f1ac4fe53d87b6d8de1b74b3bd1a93c373542f3fa0bdf380249e	1
ftb-00495	0	sha256:bb6d57d950458b62c1917d615224b7b751a7ac647fde01cfbed45b08124c7353	2
ftb-00496	0	sha256:689b82989c7ffc00cd42a256fb741a6d30c4eff8b6939c879090314f11845b5e	1
ftb-00496	0	sha256:d13066b8ec17f4db4e447214b4cf582c4ffe31a3d607c310c5e8edf378da02cf	2
ftb-00497	0	sha256:6c53cdf9e31b54d45b840771d16d83ef13501b3a5ad345513cf72e47ae4ab55b	2
ftb-00497	0	sha256:ea59b5ccc81fdbeb3db1e3ef5e6c0f687c65f23637aa528f95460d5cbd018881	1
ftb-00498	0	sha256:60142aed5b36e43a099e5a469a1283d21b19c85cca35d52fe5fd31d4ee1c48b3	1
ftb-00498	0	sha256:760a0f14a80a0ac1734131f9409d201d193ea403ca391e2ce2dc0465cd87f76d	2
ftb-00499	0	sha256:6bb14df127fd12bee6006678421232679929c42740503caff421743eb9867835	1
ftb-00499	0	sha256:80c22c51a5fcfa06c02c70ed275254119f7930ba57e607bcb4567e9ea926da74	2
ftb-00500	0	sha256:3216b5be2394fcd73e46727da8008efce789e902569423d3d95ca13abf4fbc24	1
ftb-00500	0	sha256:94ea73d61cef39f5a912687252fd64d6bb57a7a389a5b1c6e30816a4a6ac65de	2
ftb-00501	0	sha256:7a07a389c0e055656b589b8a58849e42b9cb3f671f3c530c2552c492772177bd	1
ftb-00501	0	sha256:943d274b1781f9071b22857c7aaaf74dc2d78de5a7a25cdfcaad7f2a0acdb6f1	2
ftb-00502	0	sha256:62f61ea05a3054e45f074f57e412d3ff2b1f7c2a1fc67b8b4ca790d5b03da2ba	1
ftb-00502	0	sha256:6cfcbcc40becdd7bc675a72e49471249ed8e73377560d6248d27844a5ed9aa18	2
ftb-00503	0	sha256:c7390a09e4c434d49c3b044d84f8ba086467582ee7b372d6419af912669d8b38	1
ftb-00503	0	sha256:ff1424646859b9249409cbebbfa7e78300b78de37d72049da1e891c330f2f043	2
ftb-00504	0	sha256:23e6ceb3c02c92be75d823ac7d760681b2ba552a37f3e51fafb73e2ac7964854	1
ftb-00504	0	sha256:42af8a8175e1fe0060e82e2a42eece22302e3013cf1833387348b7f5564f7530	2
ftb-00505	0	sha256:b488bb9ac4e266cc8f701d2f282c06c1d145a635b4c554a8db81c9c0b7865fa5	1
ftb-00505	0	sha256:db3448dc4cd71f05cbdfd5537738c78fdb69e1fb2afff73a0f4a742ed1b08ba8	2
ftb-00506	0	sha256:2f6d62288bac30c92b16351d1b70ee39d7d68d60ecd488c8248dfd513cb42de2	2
ftb-00506	0	sha256:8d035b64f440432d3064f299b09870207c19fa12c1854ac2880dcb45ea4e9c06	1
ftb-00507	0	sha256:16b7fc4103b0491efc18289d837f748988b1f23933940a330afe8cf1df4bf0be	1
ftb-00507	0	sha256:ff85edb86e4e67ae952f78396eaa410fdffd8701af89a52e263bce719406ed10	2
ftb-00508	0	sha256:7989e307475f8e947ea8ddfc75b6924271d61de68a813a8cd84bd3918cb01a73	1
ftb-00508	0	sha256:e0ecf2eb5637899a8563d12aa5d212c58166ac92c8fc9632638bf935b21126d6	2
ftb-00509	0	sha256:38e0aa70d7495d28cfbeffb0240b55d4b23d51c8e774cb15a438de8d00de1fc0	2
ftb-00509	0	sha256:57ed87666d61ab991da7e55aca7d161826f5d18f2316d3d67cc9c5cbe3d37966	1
ftb-00510	0	sha256:30ec37bd1fe458bc9719be936761a77395aa56716fd7e73ee2977cad773e2967	1
ftb-00510	0	sha256:a7e695d79dca5a05bb051740166b1beb95aee99e80500dffde55084a2d53f0a5	2
ftb-00510	0	sha256:dd223691d94dbfad3acc2fa5fe074ac8912e0d89b09c087c33eebcf107338d5e	2
ftb-00511	0	sha256:04d9b3d8d1ac127caeac4f05daa0db4721930e8c260ede4216dae5af3e5f2fef	2
ftb-00511	0	sha256:e806ccd73b79005c9572dad34f7e5920e3a68958776b28202410f6f5b30684c8	1
ftb-00512	0	sha256:6f38d8206cdb756c5a1e257e17a554ba4a0fdb14156b7c471eb22cd1330422a0	1
ftb-00512	0	sha256:d6c694791a761459d499a8d8adbe447db721756b9c0567f0c64738a2b407497f	2
ftb-00512	0	sha256:ec9e73681a5d8261b742118180dbbd4426997444dcc9c55b71df3cefe61820ec	2
ftb-00513	0	sha256:04d1fc746d5ecab8b7dd6dd5bda291399458828ea8191d0a5de05102c5a74a57	2
ftb-00513	0	sha256:e87b843d7ee09bd7835e57842e3d3d4e8d62361a99defe3bf0c7b596625e6856	1
ftb-00514	0	sha256:0b7b9598cefe9ab7f125735ef8ee6ac6f0b863d09fca69d3558ff69ce08cc9c3	1
ftb-00514	0	sha256:385640b93185b29988dbdb47c6a2cafd4da8af7500b1d11b1a5aa37dd2058d75	2
ftb-00515	0	sha256:c552ce1ad5d31b0a44a9e677620dbf2415c4e21af7623060170a5f53087828ed	1
ftb-00515	0	sha256:f91b77c1b7ca40c24c97d864073469b069de5c78728de17db5e116ebcdc15555	2
ftb-00516	0	sha256:4270312d333850d10ff798e54c2d5a85d1045c02770f9879faa86f7b1d7d4623	1
ftb-00516	0	sha256:8caed30c9a60cb6deba6d2a27194e0f1690e90bdbf518743066060d3301f5f91	2
ftb-00517	0	sha256:4abd35e19e34e79cba0b58b33ce3f2e713bd3555c95fbc76e1c0fec82dece20d	1
ftb-00517	0	sha256:d6686db7db5445502cd1c983e82861f039530204b1c160023799b738155bbd97	2
ftb-00518	0	sha256:a1477a8fcb4b72803875b4631b21f0815e067b29ae1cb5386dc4a11e077053c7	1
ftb-00518	0	sha256:badf4a99daff475de0e885cc9aea0ea3d67468396fd15ac73c91f483b413e93d	2
ftb-00519	0	sha256:3897150943a5ede963b09f755704db68ca683f4b2de3225eb4cbbad6b9be1b09	1
ftb-00519	0	sha256:d2aaff038d3a085da7ef24c3034690631d1a7623b3513d1202d5d546c5521215	2
ftb-00521	0	sha256:7c406b4be8fa51d6b079c60599bc9f21c719f797b233700ad3777eacb802b64d	2
ftb-00521	0	sha256:98691f52d7365e28066e73160fe28315b62ca47a04eebea8719bd6327cf1f66e	1
ftb-00522	0	sha256:23d5244b4c6ed340bbcb705d91262692b12788ee764798b8359297e6738c2e18	1
ftb-00522	0	sha256:e1c445baee7263c9cd85284f4c463c985c96ac27723d62b60ea7199b26323600	2
ftb-00523	0	sha256:7998b4565c8c5b1bb93d0871835851835486549ecc1a4aa2960855d144f6064d	1
ftb-00523	0	sha256:abaa12d43b9d6311d38b2eb5c97d055f27e0615149cf39b3fbaddc3b418825e7	2
ftb-00524	0	sha256:4fb8fc3f0ab2c18536550397adcca0f380f3cca4906c16dd0e44c18953c76630	2
ftb-00524	0	sha256:f7b62431408ea9b01db66112cd65bb0ab2f7d95636b62f6c1956db79af9a1114	1
ftb-00525	0	sha256:428f71df200e084681cfc342d6bb15c511f7846efcb5baecb208eb040f8a319a	2
ftb-00525	0	sha256:89daff1ae5ce433296735cb6a44ad6d21d3d45797dc96651b1639f597bb70578	1
ftb-00526	0	sha256:a376f58dd83857c086ec906d49d9b1bd5817e6ce372d37aece2906f4cb517ae0	2
ftb-00526	0	sha256:c206615771e62efa41d366543702cc3f1b05832ea714cbaaed2c7670505f5e32	1
ftb-00527	0	sha256:57566f344786be143372a796aef44df1f5f242a4e41dd28492e2609297515145	2
ftb-00527	0	sha256:7042f1a991873f5e7bfa7b1297450abdace128784852051b4f6c8ca70f7aa110	1
ftb-00528	0	sha256:6d211b0f640856acdda54f3853772bb58dee1c4a3ba3800efde02b6f4d41e6d3	1
ftb-00528	0	sha256:879039b6da979fbc07ad0444f903076ae23054ea9e81492e7690c61685c99fc6	2
ftb-00529	0	sha256:309102ab3b2dab647bedb1a9d7956b2b032e055e5d7392ce35b202a461d25cbf	1
ftb-00529	0	sha256:50a52244b831fdc5f989120a207e35c471c56da205772c04e53507837c287289	2
ftb-00530	0	sha256:c3d931fa9dcadfa4014dc2d3a2b0ba695e5a52e6a3cb75ba9fdff36076799bb5	1
ftb-00530	0	sha256:dd742de58fe8b9e42055e183c7bf16b900bc4b5d10cb53717fa1971d4d66684e	2
ftb-00531	0	sha256:701cb9c6cabc7adc88531d7cacf7bc256019943591676a07d1218fdcac14d0ef	2
ftb-00531	0	sha256:b092f9908fa5d8c390601fe964cb0044f3c16f445f469fa2da4e1bb9e5f02c62	1
ftb-00532	0	sha256:25114d3ead4bc480983eacbbc6112e0498d023fc65c0c2f04645b7e080d797c9	2
ftb-00532	0	sha256:c7390a09e4c434d49c3b044d84f8ba086467582ee7b372d6419af912669d8b38	1
ftb-00533	0	sha256:40db0e9b707b12ef5b0fac86d237ade501124b156e77d5f0f3f08697c2e478f5	1
ftb-00533	0	sha256:df8c2b76f7be090c60a9b1c30be846c74d3f2d252a42e0f53e8776ae97a1dc26	2
ftb-00534	0	sha256:0642042d190315e1b72d5015d317c3bd73035ebec665c1e9c0e96e83a4a643aa	1
ftb-00534	0	sha256:5618b325de893dc2483eaae81aa2da47742986c73b7ef84f3cfe6e8ef7d45c84	2
ftb-00535	0	sha256:11d917af117dca8777a1cbd4784643f7a4efc317fed9a47edd9ac7facc396669	1
ftb-00535	0	sha256:227f7de7d737d6ae69edf4bbeac7f9b4f2678a4a4b48a1fbc3f34af2df3406d8	2
ftb-00536	0	sha256:b04e1fa5ce350b3af3ebfd632fb137eb47b858d924c1e7344478d92233334b5f	1
ftb-00536	0	sha256:fcab13bceaee0b687fbe0a5f49ca4debc72cff0434468ac7772e75518777356b	2
ftb-00537	0	sha256:1f7c41d3769e16092dd478ee70376b1caa45d06fc977831fd61291fb99f0cc4b	1
ftb-00537	0	sha256:7230cec25f1a7ccb258b77de424171f4e699b98eb15c81657da0243db197796d	2
ftb-00538	0	sha256:3ce384b3d155e4a9a52e1b6f20d95e47267c4a621b5e0d4ecb9774f75c5f2e4f	2
ftb-00538	0	sha256:6b23cb98b6b5d1ef7de441c5407f3e6335818993266bf7d87cf559fa8bd98687	1
ftb-00539	0	sha256:388c71cbe065301ce641bfe86d7c4cfc2db78f5ba0113ba588474c206c947807	2
ftb-00539	0	sha256:664c47d118a407e8f540f81ba4982a34b973a35bed4cb728f774e9dbcd6db94f	1
ftb-00540	0	sha256:5926c289057090b17c45397246749a67f33a4721c8c03fd049ad94fd1f108e06	2
ftb-00540	0	sha256:5fc1b22499a1c883dacaa8a4d10c904bdcc8a88c500083880dd44e0785c1f252	1
ftb-00541	0	sha256:1e1e14ce8c7313ebb67604d0b316d02306283d8e05d9dacc720b444f725b0eda	1
ftb-00541	0	sha256:edb146d79ee6c9808b6c23a929d1c8e92f5d1272d3dfa9ef1913b705a859e5a0	2
ftb-00542	0	sha256:6837fda3e3deb32656ee28d34ebae37f8189157feb85d63314f60f11f927770f	2
ftb-00542	0	sha256:7936dfe2c0ab42c7b2505d378b2b020054acea778013d7442bb2dcad202f393f	1
ftb-00543	0	sha256:0bd053d7c5c5e24a645004bf0bbbd9f2ff643dde4af0cd10961d7cc65f231bf4	1
ftb-00543	0	sha256:5f6f73142480b7b8d771938693e18df7fbe1594a472e8f8f380423b165df7233	2
ftb-00544	0	sha256:9b5dcac85e1c69dc3e4f176f55d2daff77453f4a74c65cfdfa7516fa5af5a4b6	1
ftb-00544	0	sha256:ce7be615f2bfa2f66bd915841594d1461d1baa0417677026af448192ba3ea9c8	2
ftb-00545	0	sha256:15c3e031d1acdbe2fae66cbae745161c4e5b26046d5f8b326f13f60775449061	2
ftb-00545	0	sha256:42315a654299c22a7523a5ca207f7173180cc7c71ca31124213dd4418f7ba766	1
ftb-00546	0	sha256:c2a423dfcfda595ec36beb0529c3145b80fbd4b4451b1e22f127f2676021d32e	2
ftb-00546	0	sha256:d359cee8024f5409a518cab52df1afd14c3e9082b6292d1f38da0c5afe7663a9	1
ftb-00547	0	sha256:5c7ab6b29d90cbacbf1098bd99babbf8e181104a82b1c1038e496f72058e87f2	2
ftb-00547	0	sha256:b73a5d23a0ff72051fac5b87bedff2951ba1b1f25c76f676dfd1af0e7628719c	1
ftb-00548	0	sha256:039b85058f4ada087b05bcecf356ed6888d40a33d37de847a788744588973f78	1
ftb-00548	0	sha256:77d2b2914e8f420b07e8b2614c3db0a47302d0119fbcbb532de28063c85f6902	2
ftb-00549	0	sha256:244c70fcfdab917f34e02073a1228d7329d7c3b27d8cdfd7589ca87362a09471	1
ftb-00549	0	sha256:749a61d0e730b4cd581ad056db6af52022ca7b3b2c3be181f1bc06f4f5c88e2b	2
ftb-00550	0	sha256:5fb3d8f366f01a57f4636dd8cac11604846df9b560d8872b5433e7d999ae6562	1
ftb-00550	0	sha256:e56d0c189f2c827134e29983482478dd5f805cc83c8c6d6c0607fddc9fd2cb1a	2
ftb-00551	0	sha256:3c9fcac41422868964ed85e3ce94d893bfcd6854eae7c2b2d50a3de7c97addd1	1
ftb-00551	0	sha256:74d31fb809b9b63c684795bec7b3f8bdd0d8cc285f6c905cff8b14c149507037	2
ftb-00552	0	sha256:7bb03acad4375057ec309cc74b31ee45da4b6972690340ae7c94fc5f81d0b567	1
ftb-00552	0	sha256:b7d644d717766c54799aec110adae0853d6b037ee96e9da866dbd38dd3869b03	2
ftb-00553	0	sha256:822340ac338abb876223e4e20e2e6633ab24b3fd8880e877e84432bba23019d8	2
ftb-00553	0	sha256:cd1d68a6da15dbf76c4241a575e41f01345745ac2d1867b87be54d30b72f1153	1
ftb-00554	0	sha256:86bade2096c23e06c4d600517551fe9a2b13c34c4cd045bc5c5518dad68043b0	1
ftb-00554	0	sha256:be7aeec4c335f7063e76679c3d353f2b0b0e83c602e7e7435b6e3ff8bc0ee7cf	2
ftb-00555	0	sha256:165669fd8df48a7c068fb81b1f37a1e3d237f22ec907c6b0740330ac800a3d66	2
ftb-00555	0	sha256:2862af640b8cae8ad41f7ebadeb92e4fadd471839483f639b6b61db530e38c7f	1
ftb-00556	0	sha256:4df420ac30488ff094708b8e3f32a26120314a70c5481bfc55bfa1a69f2a804a	2
ftb-00556	0	sha256:7488f15dfe1c3f2a552fe85dac3f6e30713ce3f55ef1f672e447d3522ba83963	1
ftb-00557	0	sha256:40db0e9b707b12ef5b0fac86d237ade501124b156e77d5f0f3f08697c2e478f5	1
ftb-00557	0	sha256:6774b6d66756bd9ef8ca68a528597be7d46d883671b5f57aeb2e0d0f4accb71d	2
ftb-00558	0	sha256:109000bc6f82a6effc18d75fba58414395f984983a90ce289e0dd7d49e04bcfa	2
ftb-00558	0	sha256:56799a3c18adebedf12fa7100e24d0f876631b4d78c8b3aa388992c31f507b9c	1
ftb-00559	0	sha256:89ae4686a1140e27af0816796e6e76e995236642a22a8e6ed25c88856f0f5d72	2
ftb-00559	0	sha256:bb3352a47a46bdef186e2b66a4fee3900b1e21f69132a40156fc04e50428e9ba	1
ftb-00560	0	sha256:639bc0fba731c5f8e6870eaa3ab72fc668f210eb20b54062b15504bff6116ca0	2
ftb-00560	0	sha256:bab684bd48e2c5b75811e4d1e6385d2582b12f640b310c9794ca4c80b22ba815	1
ftb-00561	0	sha256:55a9764422e86537f387a343cec42bf6d678694ac8a3370031faca06be7a9d4c	1
ftb-00561	0	sha256:fafd97a9460609e8bfc454633eb2ea792a02623afa4b6a6a82f8f009a5787545	2
ftb-00562	0	sha256:1067387c7e343b4fa2b8bf17fd04de7a9ab4dafd58c02c0b23c7f6e251e53ffc	1
ftb-00562	0	sha256:2c1916790659d84c6f6a0345d643b338ea303baaf0b562c0d4303cdcb376fd55	2
ftb-00563	0	sha256:0d5469d5eadbf7244b10782a9c5095f11f0f9817b899571ef827b5c6b86865d8	1
ftb-00563	0	sha256:433720a457024226f068a61db5b3eab0245b8a4046f6767b390a4642d80057a2	2
ftb-00563	0	sha256:7838cd6ac6f5a377621a198cdd59a76d73ea7eda204c9402b3e03de0d2d25c4c	2
ftb-00564	0	sha256:c8684e1c736ea577aa0ce08e3645ed8808a8c257f1847c6e93615363f7d2fe1d	2
ftb-00564	0	sha256:f6694a569c2587770d2b261860c3dd6f3fce4d3baaf8fc73cdbef43cf65eec2c	1
ftb-00565	0	sha256:4b897defad916d442b8e793e011ad9a99b1040b069ca09dfc94b29f993ebd9d6	1
ftb-00565	0	sha256:df0f862c4edcad5cbd0e80a42e3c62d269c44070fd354052993f3ea227728ac8	2
ftb-00566	0	sha256:01a22759dbdbc79647c44cba1d9ffa4f1936a3a38b8d6d02511cfd88f75888f4	2
ftb-00566	0	sha256:4dd6c60d7b722fc70dd6006b692e9af5dabd29aafff9d3b9e710f0c99447d878	1
ftb-00569	0	sha256:4a073c8d5ee6441846b8a3e25de7d4ed3d2f2332e4bc59aa807d53a4e5cee1ee	2
ftb-00569	0	sha256:586a93be21e686683be3900ba098177d4e50fe1afa4fc8b1fb80cc7852134d74	1
ftb-00573	0	sha256:586a93be21e686683be3900ba098177d4e50fe1afa4fc8b1fb80cc7852134d74	1
ftb-00573	0	sha256:8de50e037aa90799b266f61e67ef8ce12cf2e62d9aade2303a950d3d92cbbce4	2
ftb-00574	0	sha256:4dd6c60d7b722fc70dd6006b692e9af5dabd29aafff9d3b9e710f0c99447d878	1
ftb-00574	0	sha256:b75286b781f0118ababe77a21579e0decdd46fea551cbe668085a55e98a01275	2
ftb-00575	0	sha256:994e78114ad99dc7c3cf365c43a2972e7fe4d74c1690de5011b2500ef7b0add3	2
ftb-00575	0	sha256:a68f733889a2fd6b94d60970f58e606013b8af38177319e97d7dd9cdbc2a0c96	1
ftb-00576	0	sha256:b8e348c727a4d92a156b7f9c1c55f57338876222ed449d0baee89f067a10c01d	1
ftb-00576	0	sha256:e025e1f2e9b997a2b09af751c22f1d0f9ad2eb0c096d2ddb5cac195634cd51fd	2
ftb-00577	0	sha256:62177e4f6985cb042aa4d214bbb857900dee5088ac469d9322bc2204d3d65d84	2
ftb-00577	0	sha256:d8894c5553a36aebe0bf73396968a0249f12052d9babd4f601c4d3ee05f07187	1
ftb-00578	0	sha256:2fe01a413260f1035dc535468a1980244d21be58c97c2ed3c120bfe0c4954e41	1
ftb-00578	0	sha256:7013b012953fb42820b8db691f89946f0df0770acf5e2c7e13c361718b42d2fb	2
ftb-00579	0	sha256:3610fc2d2774ca790f041509f12c70bc606bd30fa86195c3be238893083e8488	2
ftb-00579	0	sha256:446443d597aa7b291ba31bc547c336a44ab9f02ecdfec31e6bb2c9c26295b45d	1
ftb-00580	0	sha256:16e993acb8d7ec5cda21e699a491ed85a01633739ada7f65c3d9045f1b885285	2
ftb-00580	0	sha256:5ee1e9b066e67816ca3fccb30590e16d810e30b8244e882af7b3b5f47c9c52e5	1
ftb-00581	0	sha256:2482c0e98873661359c9bee66a6337112bb15bbaf0c0198c37241701ca0f474c	1
ftb-00581	0	sha256:4caa98059ea224d2efc8ce290db01e91a261e522582c9bb6d8f0fd63c3a5ead5	2
ftb-00582	0	sha256:3baa0b7121b29915868f63e28ebab77d4aacc44932ba123fa1bfa20e8e56ff16	1
ftb-00582	0	sha256:61d510efc65ec2342b3dcf35bebb6d9abe0c47c8a6a0031bba1dddfc358a9595	2
ftb-00583	0	sha256:d39717ad09598ffbaf5eb70bdee498dbb28782ece7bcd7cd37457dd5429e1a4c	1
ftb-00583	0	sha256:d4042c07cdb7879b004f82e1fa9dd0dfa20e4c13252b87284bc67b4d19008e5f	2
ftb-00584	0	sha256:8c9da18d1f850c723c15cd003f3ff266b900efe1a8468fe042c05075d64de5c8	2
ftb-00584	0	sha256:e05b46d1378902b092fc17f796a6b21ceeac86a344bc8be00b2e59fdd4517348	1
ftb-00585	0	sha256:61a7eb25e38e39ae65fa1abec76f306857749e24e0796fb4a3a14f3e75cf5b02	2
ftb-00585	0	sha256:bd755e15fd5241239fabb1239f500803ab030a1d20fbf44669a73205fd493b5b	1
ftb-00586	0	sha256:c80d975c9656279e421355af6739ee57899584cbcca4de061a602f14a4197ce5	2
ftb-00586	0	sha256:cb8cd9b118f28dac1fbe7c58fa8b5f5b6fb02fec4f1c0b9048451722316c5eaa	1
ftb-00587	0	sha256:4de643499b7218e00189ffd03f7e4b25b33e9d7c5a9ab0fc57e30f05e0893b00	2
ftb-00587	0	sha256:bc0c8f1442c8c24e121fc198f56ee59843a42adeeca53954cad75e03a3d1f8cc	1
ftb-00588	0	sha256:586a93be21e686683be3900ba098177d4e50fe1afa4fc8b1fb80cc7852134d74	1
ftb-00588	0	sha256:7ef62424dd3a165df6d759428b49df0779ebf45afcfdb1fbc4441793d9fd0059	2
ftb-00589	0	sha256:083f05b943172feedb1988558bc12597bc3945e3a455749e0633a04112c319f0	2
ftb-00589	0	sha256:586a93be21e686683be3900ba098177d4e50fe1afa4fc8b1fb80cc7852134d74	1
ftb-00590	0	sha256:4783c3a4c37266ab309bed9144e3f9a4462b0cf71caf23deca7a93f0204d81c0	1
ftb-00590	0	sha256:6c27d93152706bd3676d751f8511bc9e759c0cc3623f0c94bf2a2802ceff43fd	2
ftb-00591	0	sha256:52b177454e9829783ba2f68be8b1e97bf4f7c2af1385b4810ec6670ffd68c990	2
ftb-00591	0	sha256:586a93be21e686683be3900ba098177d4e50fe1afa4fc8b1fb80cc7852134d74	1
ftb-00592	0	sha256:e5096ae7f1e35225bb0959e580441d6348949295cfe9c0283e59307eb1bcc7d5	2
ftb-00592	0	sha256:e62dc1f28fd27bb90a5a94a852972dbed7fe46e26747a3cc3c8039d057a484dd	1
ftb-00593	0	sha256:aba1df04e37795440aabdfbda7dae0e0259514c3d08133cd5203c5b8d472c4e4	2
ftb-00593	0	sha256:e05b46d1378902b092fc17f796a6b21ceeac86a344bc8be00b2e59fdd4517348	1
ftb-00594	0	sha256:3e8a72f76b59dac12f1a2e033949de6ede824f84dff596139e9fbc02537c608f	1
ftb-00594	0	sha256:81013ae0cfd3ca2a74c838bb62e71a95906a7e0169460cbb2a59ad27009cd6c6	2
ftb-00595	0	sha256:32a80ec8c32bd31c5480ff08f2c529cff57d33654a22cf8540c8b94ede33daa2	1
ftb-00595	0	sha256:7837af6c6725565073328346d52a15f1dbff2f4757974fa6135b1743f946a0ad	2
ftb-00596	0	sha256:336491b401277c73d5993c210433a3def65ebf68748a9cd1ad5ba4b2d5ebb9c2	1
ftb-00596	0	sha256:fbf60a787a322406badadb2c3b6ef7b738f41851954582731b76e676b5ca8408	2
ftb-00597	0	sha256:4ecb9be87c51b0b07327b5239b2913030ff96b8ac36a2776c6f87c1a765156dd	2
ftb-00597	0	sha256:ff9fd474308f80fdbbd0bba5c37be7d14c5b208f4bf73990c615823791dca27e	1
ftb-00598	0	sha256:270c1cf74e939c8f8f9c594b1b3a03ec484573afe72da7ee8616815cdd19b49b	2
ftb-00598	0	sha256:6fbf239e0717b4b39a4a4b62b64e6e1832c528a00a83d2c366c7f24051921811	1
ftb-00599	0	sha256:1468b1212e7e8e6406dfc178355b0a21d2c91e835e28efb23ef3db4e4b58bad9	1
ftb-00599	0	sha256:a3791383ef00036891083dc211af78c407d9c2fff2a41a5f15ea00ce8f5cb1d9	2
ftb-00600	0	sha256:586a93be21e686683be3900ba098177d4e50fe1afa4fc8b1fb80cc7852134d74	1
ftb-00600	0	sha256:9003f47b716e2ff8b77f592b7a8f7580f6db0273a10deaab870d51d6e5ee2d11	2
ftb-00601	0	sha256:6dba5d25459530a387a8a8ece0be4ca69cd77e028fde000e62b80e57afe8f73f	2
ftb-00601	0	sha256:a6a21a906a04161ce07cf817a7fedc54ce5d68763c64b4a1d8e8f57fbc240679	1
ftb-00602	0	sha256:9076c323549303bfa6d404f802fc452eba6ed50870c1b0a1388283c3fb837e4e	1
ftb-00602	0	sha256:daf997a7ab761aa8d201245cde0e1ddf2653de5dabb0347e13a605677970809c	2
ftb-00603	0	sha256:13f0567920425b965b0190a8643c3c6db8b39384be0e5368b2176d6af1de1f8c	2
ftb-00603	0	sha256:bb490de7eb3acefabaeb863742fb483b1ea2a0abb75d55f5a71a70dd895c29a7	1
ftb-00604	0	sha256:676197fbf8372e871bf5cf65814eeb5e79e5b9a9f31cb13ed9a14b9c6cd6c04a	1
ftb-00604	0	sha256:822454bf71ea0558d284917622f0c8c353759de54132b125bcc8f91892fcc7d0	2
ftb-00605	0	sha256:51398ea258b9cc96906197b20e04e035c9f63f76770ffef1e46ffc3418c691af	2
ftb-00605	0	sha256:d39717ad09598ffbaf5eb70bdee498dbb28782ece7bcd7cd37457dd5429e1a4c	1
ftb-00606	0	sha256:2cba1607908aac9a6f527849f9e959c53ac4ac461fea025829e944a2b3ac0b70	1
ftb-00606	0	sha256:a24fb15ac6a61b6de245c7ff67befdcd00982a57e45e3b1c39b2bb63ffe00973	2
ftb-00607	0	sha256:173366f087eef7dc2feb6b4daf7b20719a8f3838b8b2d6674062450a1f5c5c59	2
ftb-00607	0	sha256:b38164de5a019a2877ffef27c8c70187d3014d06c8867bb8af218fb668e9e5ec	1
ftb-00608	0	sha256:853200443c1926f026a5dd41a5e0e2b1f5fdff6e92b005df82e0c47c1d4b2007	2
ftb-00608	0	sha256:e9ebd8f34dee666cf5b2b1dc29012dbb3bcc1f311cb7707e13d4f27b6686af24	1
ftb-00609	0	sha256:8fb8e1210b209d71d29ae2d8efa213f49e4dc72fcfa0ec1789b952bcbf6f9c59	2
ftb-00609	0	sha256:ecc3a495e3b0745287e55675315184be39e3ed236c4eac5c0582e44cb0f941b0	1
ftb-00610	0	sha256:ee2811ef6eeb369322df59fd5b93530ea3c9e1a171e3d6eb351abd24bf299789	2
ftb-00610	0	sha256:f1177b03b404e5e80561c89327d369cce8689e9b405d9e93bc3a8016963f890b	1
ftb-00611	0	sha256:51edcbbe915eb77e0ec92e40522954c285e0f6aed9b7b566a966b18df2ce9f90	2
ftb-00611	0	sha256:77d9d006b7a014ac480eba8efd28f8d4529e9f13573d6af57821475a096f7287	1
ftb-00612	0	sha256:169d268127cbdc4e15eb1b6a87f730b251ae12e718ce223a404cb69b505514d9	2
ftb-00612	0	sha256:813ed6b63e69fb2dd6bdbb18bbab84405e323c4c222f76737abd359e8bb183cc	1
ftb-00613	0	sha256:020d74fab8ef4f579e24ba7be9159eb7f5ebe6e7f078d5a858d818a662ce1b10	1
ftb-00613	0	sha256:066f7422f0a2247de82ada5fa0c6b4990f3db215c07963c89618ffd64c0e2088	2
ftb-00614	0	sha256:4d2577e092e92641bff139455655be3b7263f4bc4dea1218500968d4f8322a47	1
ftb-00614	0	sha256:727c7a93b77a95c60de0a82e61213e26ea1ae0aede04a85c2bd1514a7131eff7	2
ftb-00615	0	sha256:19bdab4a6d5065805d45f04d63f4169c9179b481ee54f9c9ae40c5d121e2172b	2
ftb-00615	0	sha256:f8741408a9de24e3dc26305b411da753b0a5e6d1dce057d2b3c8d100ee517f40	1
ftb-00616	0	sha256:73360c9233470fc6685ef5c8f2171239a7a3d6929cc6e5b0cb580fb3cd5d4fbb	2
ftb-00616	0	sha256:faa42629f220174217386b9ded7383c0d074b529294d6f08b5714078d1796a5a	1
ftb-00617	0	sha256:675194e8b8409bc2ce14a1ebb256b8bfbc89a93411e39be6529a8c5082542be7	1
ftb-00617	0	sha256:d252934c8ab99dcac098d56f3ad11f6d4b2291244d0d0f815723dec4fcb903db	2
ftb-00618	0	sha256:008b9e30309d5dea974afdbb5729b7225d8f0680aa1c627918576d4cb629b94d	1
ftb-00618	0	sha256:25db0ab144fff18c0a7b1c78cd14a5592ad25afa8e8a8fb13f378afcb84269c9	2
ftb-00619	0	sha256:3c11a0dfcc3ea35a9670bec2f61451e0bc259329372249b44d9ab702a74bf961	1
ftb-00619	0	sha256:fbe984264a5b9143fef68b861a93fdfbf15d01a5482967c6268e70b53fe091ae	2
ftb-00620	0	sha256:748aa7f2a1eaeb934a4dc5d729e8dda2663c23239e532e5093c75a35d61d7ef4	2
ftb-00620	0	sha256:dffec3b66409d34ef55a9e904a132d6f6a05bbd3cb38a8176b168cac60e35701	1
ftb-00621	0	sha256:702ede48bdf5328d1ba0f13a4a1924a5011123527267c4167d32a89650190200	1
ftb-00621	0	sha256:75df9ca530e536efbc934409cb957fe20727ce8e862a01c3518f763d6712e4cc	2
ftb-00622	0	sha256:0ef789a304b062ab72c57c6019bb9df74c598f6846c606929af5d579da6a8050	1
ftb-00622	0	sha256:6cbcda9e7270fcdbec3712adea71b55ed7d9be47fbb77321eaf6adb75276d49e	2
ftb-00623	0	sha256:76f0b8b16dcbe4e5491fab8ee4e9d19adbc21f7763575cde859139e430884ce6	1
ftb-00623	0	sha256:eb28ce66faa905a4c9621d4158706860d89ed7e53af3e7d1226892a02d962617	2
ftb-00624	0	sha256:03cda6f8a0e14728e3ab32c74650609e9f0a9a8e959ed0afce4b6f5c3a2d3efa	1
ftb-00624	0	sha256:8b6798ec47f1635c8bcc9c0d67970e98eb3d18272b8b47b217aa81385e2c0bfd	2
ftb-00625	0	sha256:510131e2538942c13684b5fa8494e42de610dff22322073a875f5ac42281fd09	2
ftb-00625	0	sha256:f6fbd04dfd817fd15e15111a6fa7007ddcd2df161c0ca6bce48e93b530f04169	1
ftb-00626	0	sha256:045cf1e012b05807f3de9cb5e50cb7b45efb956f4a26742b243a14bac1321981	2
ftb-00626	0	sha256:46dd92e79f404baf40e7830d1ec487a24ea18ef5987b44055dda5bd840d20f1c	1
ftb-00627	0	sha256:3d1e1c0cddf874497d8ee4b6e4cf12378b71ddcb0984fecfa68c9fa2f69acd42	1
ftb-00627	0	sha256:b9415f1a6b3ec43bc06f06003b897ab00e4198a8c9da1f9cc2d36e575756daae	2
ftb-00628	0	sha256:1c5eb801483e80477b4a530ae659e290f957a80e5e191788b97c04c51e8adde5	1
ftb-00628	0	sha256:6022be98ba02fd0b4ebe81857e8343eaa0f252d6077f3314c37592141d655c6a	2
ftb-00629	0	sha256:63b661692ea8eac866e5995b12a3f9566a7338db1473f8c709c8bcf7241700f5	1
ftb-00629	0	sha256:6608743d579d9c9ab35988e82eb0a5307e8942185c772ba1375c1e7accf3c79f	2
ftb-00630	0	sha256:94557d83e4043b76cebdc1921e67f2a2a6d8f61637792677666d3034008b383d	1
ftb-00630	0	sha256:a71b35eab13078525a66745b10e368e81426e20d458f2404ac8fe6b10fce5d8b	2
ftb-00631	0	sha256:2482c0e98873661359c9bee66a6337112bb15bbaf0c0198c37241701ca0f474c	1
ftb-00631	0	sha256:54f4fbe910109e8595fdbb91626ec49898c1dfb9b69de6806456612c6e3e0dcf	2
ftb-00632	0	sha256:6a56b087a91ed78d55de915ecb2f021c5ed8694b71f76ceaa8deb444df496026	1
ftb-00632	0	sha256:f15d976f3a9f3e04f2240e43d3993d5acbed69d9ef8a2c55d66deeea223e58e3	2
ftb-00633	0	sha256:4890bc8489737a72ad7aa8e3e1af941df8eb836cd978f73cf78eeee6d4e95f6d	2
ftb-00633	0	sha256:b8d1ef40b0ce4db53b1e0434a96a1894bbc70f13e8a713fb4a387b28b4c99942	1
ftb-00634	0	sha256:3f6a6d209cbbe57c94cda67496deff1aa0993fc260cd81e3abd691078ae134cb	1
ftb-00634	0	sha256:52af4f25680140e5637fea6bf962b75e58493ce262a65ebe08d9da5d9c1d2ef7	2
ftb-00635	0	sha256:1ccdc8c2e81f23a6eab1f4ad37d37aa972aa0768819466519cbe2982dbd60b63	1
ftb-00635	0	sha256:bc893d0172262ecbb7f0e147971b3b54a295d9bf76615e3147dac3966d6b1cff	2
ftb-00636	0	sha256:7531fa54d7d4f3b68b23a1d4d076f28554818833be4428fb43b288419d13d627	2
ftb-00636	0	sha256:eba950073d7d580c2a7a953d883669a0a46e4c9d478b7db4d5bd5e308121c4b9	1
ftb-00637	0	sha256:1941433c65038229295d6351e3e846245c3c1c3b443089df25e3e7c63a99f310	2
ftb-00637	0	sha256:cec2e68287de118ba51c19180a2d6861ee4be6809f92202705cf8326ed53c8fc	1
ftb-00638	0	sha256:5b605c34552dcda9c4998340d53563e6a9963b4239d87c4e38308b5e3aeaed7c	2
ftb-00638	0	sha256:6755c6a1342f9d88aef41426587a40a2513e2780996db9671d555e80c4f96ba7	1
ftb-00639	0	sha256:30e70f1cbdc3c5ee4c3fe8a0538cb3065627c2eaf02ff059a3d72c2f287ecef9	1
ftb-00639	0	sha256:b30ec2f016d90b580996bc5b88c840e5f43ee299660feafafaa08a0f1d4911b3	2
ftb-00640	0	sha256:4a54de69a3677cb62aaedc41e8a3c41971ddc1abb5c622dcb703ff1c6adaa2de	1
ftb-00640	0	sha256:b72886bfc958249ad86717814c0784f5a1d0537cce59553992971077fb0d5931	2
ftb-00641	0	sha256:9b8e97272178c6d19fd0f129fcc2888c5de747daf1cf86d0916827fe9915cae5	2
ftb-00641	0	sha256:bc0c8f1442c8c24e121fc198f56ee59843a42adeeca53954cad75e03a3d1f8cc	1
ftb-00642	0	sha256:05ab658a3ca435e6e22033c39ad541d7b9a108671f5c9c4b625a473b521d115d	2
ftb-00642	0	sha256:f529740b286b83752b17d898a6fa891af1e73f268f539cf39587527de5872a8e	1
ftb-00643	0	sha256:296fc88ffc196193d890d150db44eed7a9672cc7ad737d9507f6a43d50215216	1
ftb-00643	0	sha256:4c83c310e312b9b4bca8cf8a2d108aa9cc487c113bb1e4594218a2364be67cce	2
ftb-00644	0	sha256:117eabfe1560c4f4d9d9f86855154fdcd5b0bc023629d6f8c2683dbe4d4caf2f	2
ftb-00644	0	sha256:e31eb6af138a09d35ace06ad3e231cd086bd444fcf1310e6ca106fcc5fcb51b9	1
ftb-00645	0	sha256:02dfd0b7f79441be825f5a45a59b1875ba38be614f1f84fd24b135bfa816f3fd	2
ftb-00645	0	sha256:cf4ec0e47bdb3b9d8ecbe2da930a213cf8489ea679c6465475bfaf9327a6c2ba	1
ftb-00646	0	sha256:e38466ea55dc4d290cdbe826d0e6c2011b061e05ae4c079e8ea2def89672558c	2
ftb-00646	0	sha256:f529740b286b83752b17d898a6fa891af1e73f268f539cf39587527de5872a8e	1
ftb-00647	0	sha256:ca9b3106e89dacc9a2bdfc01778d35045a523da62e1ee753121a3b6ddce87383	2
ftb-00647	0	sha256:cb8cd9b118f28dac1fbe7c58fa8b5f5b6fb02fec4f1c0b9048451722316c5eaa	1
ftb-00648	0	sha256:cd4a6b61d5584b7eeb34da0087c273ae3cb96002167f2e4e594d27d929e83e29	1
ftb-00648	0	sha256:ed81c5bddb158158c0bd4e29868284bca8867435c07e3f69c7698f36680e821b	2
ftb-00649	0	sha256:00442b1c611dc564181087f1c36d8a2d50d1426ba486057c1939284a699b182b	1
ftb-00649	0	sha256:a05ebb46353823e9d869f9ce8cbf164dfefbf83477e4b5a3370390b2a0c6c140	2
ftb-00650	0	sha256:85955cb8971cd992c0923d7ed5a953703068538ffe9f7ffda971e77f29032f84	1
ftb-00650	0	sha256:d9b23e827f065d4d4c114cbcf512525ef7dff40cb2c477ef871ae5afa75f8a63	2
ftb-00651	0	sha256:25a14ccd577ad4883b3b5caa3e3565ebf594d90ccc02eb4d99b9e71bdc482c94	2
ftb-00651	0	sha256:655d9bfebfc5610e6d29230f79a6ed2159d6236dc2ca4404246bd486b4ec197f	1
ftb-00652	0	sha256:33473183cc51bcbe5142a211b44fbbeb303eafdd18ca17040baff2c646841b84	1
ftb-00652	0	sha256:9a73fe2c4bc402901915433a430448f07eb7dbbeca08a090cf8eea4b16a80d40	2
ftb-00653	0	sha256:43673013667a4c6e13cbc13695af35c8f4c9973e4ec6322d0e88e10c0489c959	2
ftb-00653	0	sha256:a988df035e470039237c3577d2ca23f31461fe6a3378eecb2371dc7b903b38d9	1
ftb-00654	0	sha256:b02c69078dc0ca96ca8279f2be534e6347459b9be879082a3b258f49c97f1e2c	1
ftb-00654	0	sha256:f589878dd63d5dd37e46cb0d485eab2b4dcff749bc003c1c6ac256e0b76eea6a	2
ftb-00655	0	sha256:297fa85239913fd31161398c880b112e4c3748fcb104d2446d89b631c00c721d	1
ftb-00655	0	sha256:92c56e0fa542d23c2d3401bcb35e5fb7e9ceb463b52448052cf62136bf248bad	2
ftb-00656	0	sha256:8581f4cd71826c507e741855ef6832b2cde6f1b035e4f5f6209173369325ecd7	2
ftb-00656	0	sha256:c11472d9df6f13fee9bd45fcb3f52aacb9a0403e6c22a8d8b923625954c2bc90	1
ftb-00657	0	sha256:06e5fefe05f69efae0f09a1bab42e8266fbc8f22c215ef6403103137445cdd13	2
ftb-00657	0	sha256:f6fad829087e6ef446176d3aaf0675115a587946531cccdebb9e182f5e972249	1
ftb-00658	0	sha256:86149e74c3de744c1a6d8653478d88e2576aea439917c4042a24918c57ca6864	1
ftb-00658	0	sha256:eb15d6e15e18b937df27a30712dda8d630717053a3cfa25695d9bc9012918320	2
ftb-00659	0	sha256:263cca9d650ae60f9201ab8e72c857b58c1ec7989eb356eef3a217b326d1b1f4	1
ftb-00659	0	sha256:ff49ca928021162b6093c57e2cc3cd3225e2a00b372e4bffb67d722f83b85930	2
ftb-00660	0	sha256:5d72b70bd3f0194a121b9fef49cf96672ed433fd4467b3724c352d17cc0e91ea	1
ftb-00660	0	sha256:84fedc33e3234ae1b7801866882eb6dff5c179b64a4f9cafddc1b958fac35179	2
ftb-00661	0	sha256:3d1e1c0cddf874497d8ee4b6e4cf12378b71ddcb0984fecfa68c9fa2f69acd42	1
ftb-00661	0	sha256:e02a728ce15ab16b27bb98a57172c829d1d30e9a100b61071cbc54b9e41e2007	2
ftb-00662	0	sha256:9ca2a21e987300a347a2f6e152d5d4f1bb1c7be08630823c80da1092ca194046	1
ftb-00662	0	sha256:ceaeb4518cd0b285d5dca44383130d95b020323f5d252770f84cc02be9f01387	2
ftb-00663	0	sha256:d266f311d83d9466f50fdd226430c1c4dbb671a13e0317c04dddbd473c9f1c01	2
ftb-00663	0	sha256:eb9b7c5b23aa20abd98b017afed6afb9b7f66551897c4914bf045a81049fbb69	1
ftb-00664	0	sha256:1f464522bf59e6c4cc9f09224dcc3f6bdcfb4723815c088ec142642df350d605	2
ftb-00664	0	sha256:8a9cfbbf350631ea8a765e6b3b1b18c2a6204ba7044e462c76560c61cd343820	1
ftb-00665	0	sha256:267010398c3b9475e0565cfc56f3dc13ccb7eb3e917aba1b6ef31e32774f30e9	1
ftb-00665	0	sha256:87020dc0dd7b0c22fb9d28f097e2aee4af3276d8646ed6bf0c7ed68d2cc530f2	2
ftb-00666	0	sha256:03cda6f8a0e14728e3ab32c74650609e9f0a9a8e959ed0afce4b6f5c3a2d3efa	1
ftb-00666	0	sha256:a40941b5ee17983ca6c778731779813869e12f977eb81b8f035f8d580e493445	2
ftb-00667	0	sha256:5d2838b84f70cb4f9ccf97e177938ca36775a1e6ab686a81dd658064bc0f0b13	2
ftb-00667	0	sha256:dcc7580affc90905483901cd0773d85731d91005d3f3d221c83fef141f2759cd	1
ftb-00668	0	sha256:01a741770d671c2b49456bb0256341799c34df0464c99db09c7cf72711e8ed88	2
ftb-00668	0	sha256:268d5101f9646e31880d9b701108fd474fc8c783cb89bb4f9e12701602db3819	1
ftb-00669	0	sha256:124dc88cf810bbef9d4803ff34e06bfa8fe743a7793874efec83c64b622daf61	1
ftb-00669	0	sha256:5d99689264ffdbbbcb0c773aa93fdc7bf1cb5f7329a9739bde4cf4926a8b8e2b	2
ftb-00670	0	sha256:2e4ea946a396236e5ac6bb8c8f5a651606e9508a41d29b9155fdd471836cfbac	1
ftb-00670	0	sha256:da06f3ee8da385baaefe8305cb7bdf534f40095e5737da766351396386c37895	2
ftb-00671	0	sha256:1374aa64c2bf158369943ff56030ca315e0c84935f07f6d8731dca4662af09cd	1
ftb-00671	0	sha256:5f39f1276485ca39827ea3a7a0d6b5f8b4d5be836920952d1eedeae337ac4fc5	2
ftb-00672	0	sha256:9153fe4f0fcc6738fa784efd1899474b13efff625f449ed90e2abdf2198bf65f	2
ftb-00672	0	sha256:c76c38693c89f7eea8885312188e63ab02e05dcb54cba33c035cdda83c0f421f	1
ftb-00673	0	sha256:0caee32b8d722f720fc21c54c104b854a6c9c11f32d023a1e7c7370ab0bcc3b2	2
ftb-00673	0	sha256:650ec9a7b39577856a5aeff50f2fe3ba4dbebb91965f687db44e4885c287aad8	1
ftb-00674	0	sha256:1d67ee2dfe50a86f18cef671f75beab105bc499d5efbf0d011efe3e65817d962	1
ftb-00674	0	sha256:d2ace4b7a3c5effebbb53518928d1956d758df866c9dcb000a8f641d6e663a0a	2
ftb-00675	0	sha256:b635c82a65c7b24cfce2723243a5bf63003933f749f29e62351d1c4dfc1418fb	2
ftb-00675	0	sha256:cc8c1f76fffe4a337260fe7e6d82dc2334988657091e4e1d1b05444b4aafe5ec	1
ftb-00676	0	sha256:e04659aa7d86aab84d56e52589ec0f5749d8c5de012d4ab2db4aa02fbf05873b	2
ftb-00676	0	sha256:ef0dce54b00eb0558995ce4e64ff521e0cbd069fddc8be87fc2da73960b5c730	1
ftb-00677	0	sha256:65c77c2a028e11f138d7568e2b7361469332506669d709f5230a9037c149d3e3	2
ftb-00677	0	sha256:cb10040f0495c6e395a44af965788143ef7afb8a3a70f4eabedc59b6d307278b	1
ftb-00678	0	sha256:280f453d435ce995d39bc0d8d7f709f0bb294378b8d4e9aeff317889a0b0ea7e	2
ftb-00678	0	sha256:d786dd8c1f5fee196f964931dd329229968df297c7c7d0ba331e9ccdb6a1a94a	1
ftb-00679	0	sha256:96a341e5f7c412361269b2c92958e1cdec7668f91d2d823d392910be9b1f68f6	2
ftb-00679	0	sha256:a0ddeb39e44315f4727b5b91902bb41efb6dbc13c6c91542ba3150076d72d44d	1
ftb-00680	0	sha256:28213d1391c02872d4857dd837013a26a1f0087e53f90157ba6388edf8e7e6ca	2
ftb-00680	0	sha256:a0ddeb39e44315f4727b5b91902bb41efb6dbc13c6c91542ba3150076d72d44d	1
ftb-00681	0	sha256:9f9b42330aba094616cda08d5032b13af3776e9d7e7e40ba6649c1d6ccd8d985	2
ftb-00681	0	sha256:f6fad829087e6ef446176d3aaf0675115a587946531cccdebb9e182f5e972249	1
ftb-00682	0	sha256:a2b67fde615d823ad4178c083408d5d635351f7718315ef3df4a9def4c073167	2
ftb-00682	0	sha256:a8e72d6dd1388a68f4c44c6b2b4b1eda67eedbe56d35c77569bda71854c68439	1
ftb-00683	0	sha256:13a95737e247a10badfbcd1a20e1ea0024f8f71f4c2df0f0a17a8ad2966055bf	2
ftb-00683	0	sha256:4a3a4fadf3187990d9450efeabdeaeda5e35cdcf2dfe00f463188579ed2a68f5	1
ftb-00684	0	sha256:7e319361abd4e43a053df6bf1f070d2693b3e6a86af391cdc2fd6fa45cb585eb	1
ftb-00684	0	sha256:fe2c0b6f87545f222285a8035042ceb2f9b93bc74f001f9605cc363d12d7bd6c	2
ftb-00685	0	sha256:00764cf8ce9e220967715a5769a589740e56a48f63cba05170cb83455792ad75	1
ftb-00685	0	sha256:464ffc43759011f6a3f7b5696188a2f44add617e00dcf275dac9ad103f2ccc7d	2
ftb-00686	0	sha256:5eb94d73bf55cf036ee0ccc553f5dda2ca18f020477888a9bcfda790505843a7	2
ftb-00686	0	sha256:a0ddeb39e44315f4727b5b91902bb41efb6dbc13c6c91542ba3150076d72d44d	1
ftb-00687	0	sha256:a0ddeb39e44315f4727b5b91902bb41efb6dbc13c6c91542ba3150076d72d44d	1
ftb-00687	0	sha256:eca518742c0f9a53e5e18dfec658626daa6de4af32a0a8a4d501d618f324b24c	2
ftb-00688	0	sha256:80c85357facddea31d000827886cb5c0271e38a7b18dcf7663cda99aeb889863	2
ftb-00688	0	sha256:b71494ba6f64f4eabd8c76c6fddb7a976755db0cff537cff67c079fafc24bf2b	1
ftb-00689	0	sha256:c11472d9df6f13fee9bd45fcb3f52aacb9a0403e6c22a8d8b923625954c2bc90	1
ftb-00689	0	sha256:e19fa646451e14bbaac0abfaf9193556ce5ef0e68a21dea3c0285500c6b670cf	2
ftb-00690	0	sha256:1ba410c7d6fb9ac4ced445b54c36ab2ffb5c4746e989cd600bc22ea5facfa8a2	1
ftb-00690	0	sha256:ec837bf94538a24a3d427883eb148d103599a4b528e6e66b809e911c7e6ebb81	2
ftb-00691	0	sha256:2d5078e2d28e6e7152a631789d05c7e6b7cc6c7f3c33dfd813fb4a486afa2cef	2
ftb-00691	0	sha256:9aad1916d43d978f1426ca9f425f3fa83a55742f55845c7d9ebf2bca35ebf0aa	1
ftb-00692	0	sha256:3d181130dce7d381549a13914774c3b58ece3e03d24ff16bcfa8069ba3f8c4b7	1
ftb-00692	0	sha256:6934c9e5579191abc12e06a7ac34df6655d894a570fff791f92c215f836b185f	2
ftb-00693	0	sha256:41a5cf43f55051ea268a4ad9add1a2fa39adc07432339eae5222cf65c9daf3c3	2
ftb-00693	0	sha256:579ffefaa9d42f431f24fb7ed4d08b31498be1a1aaa9a9faad1adee10c61feae	1
ftb-00694	0	sha256:8903851bc3d57d0bf5e0fe2608e378430e0ff2b4a40d8e0bc9bc9129e39fc2df	2
ftb-00694	0	sha256:91f798218992ee66ce74debe4bddb66cc081ec14c177217b3f9ec846d2ece882	1
ftb-00695	0	sha256:5de82fa8040e871e99449b68947de8ee6c52977b9722c783a6574ac98554ede0	1
ftb-00695	0	sha256:9839b8a3e2dd7052da120e24360152378b790c087f8c7e439155ce37ac5e08d6	2
ftb-00696	0	sha256:7944d548eca085cc15954ebefe6e7e9ee3f3b5ffaffce370d6c514e481d80adf	2
ftb-00696	0	sha256:adf173bc7d9e62bac34df032744d8d68488e2ed6d72fb6b007223edc7d58c862	1
ftb-00697	0	sha256:88db6cd1e4b6fe750e6f74d2c89893c0ce3e8888ff30dab2283bcff71ab9b421	1
ftb-00697	0	sha256:c9f478f8304dd639847602e51d52f975ef24f263ab6e265d919cef9a54d7205c	2
ftb-00698	0	sha256:08f88e42606918f7ec295ab8819874e7a1543b0c4f2f5b5c7e0a4033ed05ac1b	1
ftb-00698	0	sha256:d21fb9c43cd5597dc50a0a0f044daa52ba8e7c68746d3109a316114b986dea04	2
ftb-00699	0	sha256:0d202b2297f5daad585ca16f91e61c1f421ebeee1ef72cd01ee47d2f2d978a0c	2
ftb-00699	0	sha256:1ef7a6dd26778cecdeb594fcc69fa6548b14f263b29ca6c80a8c71115124aa83	1
ftb-00700	0	sha256:0389ad559ee4696a8870b10d608801d13eba56809b5b5b3645be9740ea7b8054	1
ftb-00700	0	sha256:a56161bfa9a23c6164b7b0128d7b719099936bb466610c3a8bb6be2e7e2b96c7	2
ftb-00701	0	sha256:6f77d57c1e13e8ae19cabecc6d534d6cb54741478a7d252e88695d2c8c9eb4f0	1
ftb-00701	0	sha256:f41014c524f8090ae25241ba6f2fb3329b979fd3e41a5434f83c32ae74b995a8	2
ftb-00702	0	sha256:1d2ecfb178c2c12ed1915df0d082bcee86c9a9e8459e01a1f6265579442df935	2
ftb-00702	0	sha256:d39717ad09598ffbaf5eb70bdee498dbb28782ece7bcd7cd37457dd5429e1a4c	1
ftb-00703	0	sha256:26023823016791d89953a6a859d67b9d3d9fa3f6e1b3c73b7e73079f320bb60b	2
ftb-00703	0	sha256:ea9e7d9cd4bbc0cec017a0edcd0dcaec45cb3ccd0d1debe8d4bb1257c6d274fd	1
ftb-00704	0	sha256:4037fac9964391435ee7a53d9552680d99bb96056ff31f8afe19e9c0f947c237	2
ftb-00704	0	sha256:8bd05d56d09173c371f5cfb6f9c199487fda50e1dc95bedad215684f821db143	1
ftb-00705	0	sha256:e549a4eaa70147497ced670de067c78f9e84fb2c14b312d174383149db18b754	1
ftb-00705	0	sha256:e702ae17c2199300b7f01d9192a4dcfb9ddc78386f036038fe267447b8203963	2
ftb-00706	0	sha256:545e34ff5592a8f7b6000dd8f77b8059ae6e579a8e59e0579c4985da05251bd5	2
ftb-00706	0	sha256:5fb569e3984a92792895f5068cd3a767dceb1ca492e75b67a58a3a2d9bb66ea2	1
ftb-00707	0	sha256:104fa751b4090c206e06df4863edcdbe8005a7bf0868fe6d919332182b002eb9	1
ftb-00707	0	sha256:51ff30d3a52fcbef27fb149019bff26bc37e70105826b080469c3e46dab9e308	2
ftb-00708	0	sha256:33d25c3512351a2af84b70c9c4698ba12e8b8677801237af3eab234cab4e4bbb	2
ftb-00708	0	sha256:901950f79ca95435cd410dfe705472e8d021bad7964e4db7f2ca2940bdd23bc4	1
ftb-00709	0	sha256:20be31ae79d6da5bbae5b9237508db140762c099ad6b5d24e03745d4d372fbe3	1
ftb-00709	0	sha256:d82281f4c36f9fffa1e46db932beff8062e279fedd9444f739c7db7fa7c4dfc2	2
ftb-00710	0	sha256:3eaecf768f29d9ad4e050e0779116fe0ef0275a66a36ca4576b2b5756896d137	1
ftb-00710	0	sha256:61a478f69da7f1d7ada7fb5d7b3046d78cb3702d532d88020c8886f9b97f88d4	2
ftb-00711	0	sha256:a0ddeb39e44315f4727b5b91902bb41efb6dbc13c6c91542ba3150076d72d44d	1
ftb-00711	0	sha256:d3a1d6b824746e75e6812708f005b463caecf6d86fed4d9846d737e7097c3dc3	2
ftb-00712	0	sha256:5ceef27a3897e56525c90e66178af2280e2470531f39539e54638722230dd847	2
ftb-00712	0	sha256:a988df035e470039237c3577d2ca23f31461fe6a3378eecb2371dc7b903b38d9	1
ftb-00713	0	sha256:0602208b249719dfe8d5d6d22ddddd4b21e81a9ec1dae6f4041e57dbec003e02	1
ftb-00713	0	sha256:b7bd01883657c9d988afcb3adabb59c0ef340def6804263506ff1e9630e66dd7	2
ftb-00714	0	sha256:263cca9d650ae60f9201ab8e72c857b58c1ec7989eb356eef3a217b326d1b1f4	1
ftb-00714	0	sha256:27c5e2cd86e8b7621167ec4c7cfcc4b594f6ebf07a4f6cbe76b5b4ebba3f0b8c	2
ftb-00715	0	sha256:afdf87f99559b102b78fcce2496b37570fcb12d6859a042bfc5bdb862d49e9d0	2
ftb-00715	0	sha256:e99017db59901664850bb8f71d39d69c2d5db624a56f6d921e2bcdffacd9d459	1
ftb-00716	0	sha256:3e55f1cd75f7f1960cd2ccae41fdba6c181de3173ad60e3ac5c50231816e4c64	2
ftb-00716	0	sha256:62e668d047b67352753f1d6b2ce3942860cb6fcf779feaff3050c59278893a4b	1
ftb-00717	0	sha256:1f1b3286cbc2d163c6edaf41b91eaac2a27efed8ba8afb3f86073ad2e89128e4	1
ftb-00717	0	sha256:fab6c7f0f7b59f50637d496b43c1a8e5e4b9a26b5b50a202625c40d79982c3e6	2
ftb-00718	0	sha256:9b3e59669a8cbda83d341c995d37794362291fc306401013b78921e36709fb0e	2
ftb-00718	0	sha256:bda0226b50709de91428687e42cb1b3aeb2f2656c0e37fa373c6c7f449e728bc	1
ftb-00719	0	sha256:1f8cf2f9899fa6865814f71377bda7a9a2465d43a3761a59baa83ca8d52b3a3e	2
ftb-00719	0	sha256:a0ddeb39e44315f4727b5b91902bb41efb6dbc13c6c91542ba3150076d72d44d	1
ftb-00720	0	sha256:3407773d6b56da4127a39f897b61ad90336fa978994599a23df5e606ff1f31ef	2
ftb-00720	0	sha256:aaf32804aa6f1df120303c95932e82e5d195f96ad51869b19054cef88038864e	1
ftb-00721	0	sha256:418b57baef1c0e7de0f0098f2867eb17f208b6c13a562a0db408e87a44a10073	1
ftb-00721	0	sha256:866bece8e5ae3e4ff673efdf5388887a9bb2d396e28bd2a90ddbe80b0011183c	2
ftb-00722	0	sha256:68bb59cc38b4193618d0983263ddbfb49e09904a21a7d8faed81357ed243ca78	1
ftb-00722	0	sha256:fe958d946ba8d53bc0870e4e116a3de36a997014b585851d98897c198f83fc14	2
ftb-00723	0	sha256:b860696c643d722a6d56c1684a1f85d9e4f318078bd62cb96c503f6e4851620b	2
ftb-00723	0	sha256:d9d0b168cb76bf09b5bab587b80cd9e74e23966c5cf70ab170f92ceb380903c3	1
ftb-00724	0	sha256:3205cd6e71e521170506b42ce797ef6ed83bdb6771842e3f562b70566445cea9	2
ftb-00724	0	sha256:9e1f87969b2b546cb9d762cfb0f28d84bd6032fc0ca6ac7189c9f8dcc1be7abf	1
ftb-00725	0	sha256:3d1e1c0cddf874497d8ee4b6e4cf12378b71ddcb0984fecfa68c9fa2f69acd42	1
ftb-00725	0	sha256:f3a1b2f590bb6eccbb1ffff1233f299df77c4e672c39b85e2f463e727e6bf2b1	2
ftb-00726	0	sha256:a4e1af1f2c403c9cbcc3c2d32c87da7272de8abe8f2aa051543de625b0e756ce	2
ftb-00726	0	sha256:f950495b32b0f729d91f7a24946e88a5e6136e13ea68b5813bd3e068acfb73c4	1
ftb-00727	0	sha256:39e709a42fdc437bd80bd0b43663f88ece24c78c93130488ee3ab747ce48030a	1
ftb-00727	0	sha256:513c8a3538df1478addee14a0d2a57efeede20528fb4980ad090b57fbbbac40c	2
ftb-00728	0	sha256:07786b30119f7b527b1767c2e62e562b4bc1bd0facc6cc7300124466e0e1139b	2
ftb-00728	0	sha256:860c97c6b0212637c8be7953ccf30bb2573d37aa2c3e8d99a6e757d3fc9ff1e9	1
ftb-00729	0	sha256:8641fe402f55389c6a841bc12c45f50e41f1aa0af2aa8027bbdd8114c0d48fb4	2
ftb-00729	0	sha256:aed56a0c0b479b8208542ebfc8a158d14c04c87f04cc384027713163911c5fef	1
ftb-00730	0	sha256:09ad87b853199eadfa4a2312f3e6ec81603f24b586ceb9a8e94a3d890e071ca3	2
ftb-00730	0	sha256:3e76a3dcfbae7d3a461b9267fcdae783a3a3d4018dc21801f9e6688b5e7dfb84	1
ftb-00731	0	sha256:a075b8dd6f3f0bd8a1a5d3d2f73402bdb1a0f605911dd6e06fe8142c84838ec6	1
ftb-00731	0	sha256:ae37059417c99763c3a00f008af90b123a5fc483cabf2fab6ecb6196a8422415	2
ftb-00732	0	sha256:5bca375e5b9e5ab7442c3c255b20aeca09e2db8a4c30ef644fe0a1411da62b01	1
ftb-00732	0	sha256:f2ed083b7a9f14e40eb0796a1166ba5531d4129fdcc47cb76b0e8630d8a86121	2
ftb-00733	0	sha256:95afa7f29010e6fdba698ee3146b169e47b20d8fc93928afa65a8a56563180f5	2
ftb-00733	0	sha256:fce9111202ccfa24327bdeda42c60f3e70301f60dacf540c7029d39b5246146c	1
ftb-00734	0	sha256:4b897defad916d442b8e793e011ad9a99b1040b069ca09dfc94b29f993ebd9d6	1
ftb-00734	0	sha256:5ca036d0fe47c42d16a50877a5f4b7bf948502b2609bf4c8bdecccd17ec4f599	2
ftb-00735	0	sha256:03fb050d8b5085f2e40ee6ca350f5ad77a24d4e6b81a3ff62df0e9e484b85672	2
ftb-00735	0	sha256:5998b713812238c687c0fdd13c20426ab0122a4cb378a36fac654dd61c4714bd	1
ftb-00736	0	sha256:2d405d6ec56b16832e4a559f5e90005452f2bb5b6053084c3cd723b00c1cf23f	1
ftb-00736	0	sha256:63cdba0dc34671ae8bee09d2068268db9fb659185446b8af493f91a53fbcacc5	2
ftb-00737	0	sha256:043e83e0ea3c9882d19a7b923ab88114b0abd954393a05b13ae3978647f38dda	2
ftb-00737	0	sha256:2c993fe9ba3601e9846a737d22164575e96c8dad3d4920f7cb00c896a0c6f731	1
ftb-00738	0	sha256:4b897defad916d442b8e793e011ad9a99b1040b069ca09dfc94b29f993ebd9d6	1
ftb-00738	0	sha256:a4da42cb023b4670f41a3f7494cdb068ef2e29159ba3be30dd978139b0311b45	2
ftb-00739	0	sha256:c314d4605cef682f8953e726bfcf1e279e922ff7288efdac0e80c4c4b6075003	1
ftb-00739	0	sha256:ce784b744b6e629fda8f707a42234dc43b4b8ed7d96e3ace86ffd88a3f4b49d9	2
ftb-00740	0	sha256:2ab1b081a0940d2c3f2c83edebe4980902f6315458107937d10bf47c8db3084e	1
ftb-00740	0	sha256:a619ca5ad86ed765ee75066f1c4f36ec7a7d653a69a2ab99bbae89fceaeafd99	2
ftb-00741	0	sha256:2c993fe9ba3601e9846a737d22164575e96c8dad3d4920f7cb00c896a0c6f731	1
ftb-00741	0	sha256:d3176a8f54e090f39bd328109fdf66db8df4db48cacc23e782e1ff38868b7033	2
ftb-00742	0	sha256:02aea233d290c9c15c8d36dd798a53f254bc3f92938db636f4ad5b9ca6fdc39d	2
ftb-00742	0	sha256:e17577168c38f14a3340676b0fa8168f60ae2452e8deb57b23e9aad583c84f05	1
ftb-00743	0	sha256:a3f7412f5cc1997427e919a8151f927fc4ed2149246a892ab2bbd992fd4ca1a2	1
ftb-00743	0	sha256:e068e1263106cb835b032a972b2452551edd3a6a08e27af2d61ba483260f8e64	2
ftb-00744	0	sha256:69e09b28bc563f97441fa3efb779037996d306a3621531a355314a5d174688a0	2
ftb-00744	0	sha256:e1ca081605dc7ce9fb3a8e26a25b40b0a827af0d410f1dafb6feb6165df445c3	1
ftb-00745	0	sha256:04e15576c8d7c78840715d1fea2693e8f35469cdc78dd75227032e4a0ccac947	2
ftb-00745	0	sha256:4b1cc048969a48d4d1dd6477216c9f2c6b2d5988f2b572f79deeab656385f01c	1
ftb-00746	0	sha256:3631b6eecbca896e4ca795deb31da411b2d3c355b6c28b9ed4e35be0a81836f0	1
ftb-00746	0	sha256:bb54b93566e13fd653ca39106a9fc6d17ac6f8905c5bc0266f225d78c42b5078	2
ftb-00747	0	sha256:263cca9d650ae60f9201ab8e72c857b58c1ec7989eb356eef3a217b326d1b1f4	1
ftb-00747	0	sha256:5cf632fd20d9124935d9a6dca29716127407394ca993a3b039eaa61e6940dc3a	2
ftb-00748	0	sha256:3443cc9e85db48b8ff822e710930eb5b91c61693f0da0cc860a4589c115222ca	2
ftb-00748	0	sha256:a0ddeb39e44315f4727b5b91902bb41efb6dbc13c6c91542ba3150076d72d44d	1
ftb-00749	0	sha256:0e57103ef52ee6cc5a113521f4c30c8d51485e4eae36d21e205c798e7bdcc04e	2
ftb-00749	0	sha256:3720fbbd1f08c1e741390a9a673eae833a17e9bcc5acbf4d8237bef5cfd851d9	1
ftb-00750	0	sha256:bdd18987a79e281d869df6ba552b6af52c0d1a5b0aae10c8248d735db7e8cd8e	2
ftb-00750	0	sha256:d57d725cb72fc4290c8482f41cc298ff47a180658767ae1dc61739091d8277e1	1
ftb-00751	0	sha256:24a5f5000959c77ada8ceca436fcacb76732256fd8754f5801b5dd0a585b9568	1
ftb-00751	0	sha256:2be45d91067a52011abae6914161bdc1151d5931dec0a722d784d90927e27aef	2
ftb-00752	0	sha256:03cda6f8a0e14728e3ab32c74650609e9f0a9a8e959ed0afce4b6f5c3a2d3efa	1
ftb-00752	0	sha256:9fc390207354caaf3eea5ee6590dc9e17bd11bb006ce4f5dc5fe48b68a67f22e	2
ftb-00753	0	sha256:16e931fc6994777d87bcbaebb06532322387037de8fde838096dba2a26239d88	1
ftb-00753	0	sha256:3fb9c5ae36f9f6399010a3749d057e54035e8d69f2a0af697aee47992caadb7c	2
ftb-00754	0	sha256:9942c38d5905aef7c4ad85755e07f1b8d5bcac0e2a63853ab790a4899d57a83a	2
ftb-00754	0	sha256:9d1a2db0db82888357320388d96edbbdf20e37ee54c5fbe1c8141f4649d5628b	1
ftb-00755	0	sha256:5ca9f819a69ec4776a7db3e33ea4a9715f6a5c2c5e41a4c3bfb6e91650e0e1f9	1
ftb-00755	0	sha256:6ef0519d23d9572ebcd45b4be3332ebd91c06767ac5aa4c4d47181c14a4db02c	2
ftb-00756	0	sha256:6736067cdb2c067c97d4262150cdb9cb398817b562991389551ca17523996209	1
ftb-00756	0	sha256:f150b26d429e0129646c41766958611dd3d4f5853afa38c8c790f9359c9c16ef	2
ftb-00757	0	sha256:468d58d7313c39affb9d5ee8d808fafea3ce62aea8695a499aa0c038bcac6ac3	2
ftb-00757	0	sha256:dfccee15456847bf499142f30e72b686f69c5db62e244465c03111739bfb8125	1
ftb-00758	0	sha256:d27524e73be7d818873eacb8f7cd223f80406a864c3abe7f95a87636877fa8b6	1
ftb-00758	0	sha256:d32bc62186dd07e301e1edf4c70932b96faeb9a7ad1069b6f7e1ab41c54acc51	2
ftb-00759	0	sha256:36be86eb336067cd093f8a97d0f5a9e2831f039b208f93462f57e70b7b968247	1
ftb-00759	0	sha256:808ceaf0740f3ee197f84b2df4e00fe6571de6987868e952efd7a9bcae2b1e82	2
ftb-00760	0	sha256:be1c89a54a9c5236b7457702775821e2db10575470348c53fcbeca26550b6258	2
ftb-00760	0	sha256:c7821b21963fd981993efa3e51792795d35c01506c6aaf96b68bf9a361da3f0f	1
ftb-00761	0	sha256:5e6754614a26012e45bc6ae6795032d0db9a077657e9c07ee69f59fdd8c5cec0	1
ftb-00761	0	sha256:db36b031bd0a3bc1d28f23cd54aac9555181dd5f31410fe6b5ce8e3258c2d1c3	2
ftb-00762	0	sha256:64e2de7f745ecbfdf148f8cc53b2e57593e2532dc0255955cc60dea43b3ad83a	2
ftb-00762	0	sha256:d1afbaedcb6e4398f1d8cbedcbdee2363ed7f3f61710203a448a4a87f0ce022d	1
ftb-00763	0	sha256:944387e5a8ae570f255cf885bfbb61b2ccf621749f83bac7bf8633aba2f7a08a	1
ftb-00763	0	sha256:94e37c76e3c48d24db23f5feb16623d2ed8ad158a9766203d8b6eb48a0960381	2
ftb-00764	0	sha256:972f99232327af0d305a11904242e0e34e050cd542f47114eca5c0cb50209fd8	1
ftb-00764	0	sha256:e6410d683fc45048250192cfcf478960a19b6ae2cdb61c91a8bb6d508784a4ee	2
ftb-00765	0	sha256:1fc63850474c5dc6287783e780421d310793ee61980e5ff607ab5e52a9883891	2
ftb-00765	0	sha256:686ed33fcc705eff325fb3e18b4420bacabf5cf7faf3f7ca3e157e225ddfc9ed	1
ftb-00766	0	sha256:4acddbd03afbca1b678b0eaef732e71a5ce09a8de9ccb5d0d75928a87e083e9b	2
ftb-00766	0	sha256:ab1c0cb02555f788b6f3fccdf08fa3cb7b57632bc74ad24e53fe34abacc6985a	1
ftb-00767	0	sha256:5063a2b0e23517a956c38e1031458e1102e074a4404481ec04cc6acb55def4dd	2
ftb-00767	0	sha256:973cb38e4acb38167b6452a11374063d180ffa4adeb844c9eb51425b60287c65	1
ftb-00768	0	sha256:653ccc4917a65098534713ea2092191f4ec2e67e067c4242ea27d3a3924a4530	1
ftb-00768	0	sha256:eca05d48ff0148efa60b8a86974428ca0eaec5d9c8e2c86886fd19eb918f9c9f	2
ftb-00769	0	sha256:24c11690900f25a17c29b830d5c9013dbe1d9e934f4739dc123abfceaadd6f1b	1
ftb-00769	0	sha256:d2174f17a3c0a2ed3eee52577b46750c7e48e743eba5235035b882df5b5fd20d	2
ftb-00770	0	sha256:08f5334e43f547df6bf6c62bab613c9f37c36f09fd85bbc0e13f35bfe48d0b32	1
ftb-00770	0	sha256:6097929282b7d7f4b94bd4a397e1834cf15118f3928892a8c0b9983f5ebe41ee	2
ftb-00771	0	sha256:1baeca571d39eedcf12ba6680141516487b4e66f94738109a0858aaede03ec7d	1
ftb-00771	0	sha256:316f6dd56ddc200394bc86fa13c7340f87ad48a9ad3f287e34fc9796fb004a3e	2
ftb-00772	0	sha256:323315a3d0b2f14898a55ee2abc518066ba7c608bda3a20df668874e88e5e99f	1
ftb-00772	0	sha256:98b7b2a9c931cac7a43e9d7dcaf54a507276de2777fa0d59a2cbfdbc8097ef73	2
ftb-00773	0	sha256:46f036cb5da500f96d0ee2bbbecec990e1bc09779962ddf77eeb336e52dcd03f	2
ftb-00773	0	sha256:a494faf82717b5f67298702509675873a587a8bd25406b024b3eb67b1b12684a	1
ftb-00774	0	sha256:263cca9d650ae60f9201ab8e72c857b58c1ec7989eb356eef3a217b326d1b1f4	1
ftb-00774	0	sha256:9b4767477ea11af2dc138c73987b6650c3376cde8ea2332b442233280e03f722	2
ftb-00775	0	sha256:341b6bb0b6083e2821ef26faf072f68cb72c0a408531a26e2e98f5a544828045	2
ftb-00775	0	sha256:86a7364a9b51e18dbfbc7ef041c1cea1210402d0d96accbaed368edb1ac9648c	1
ftb-00776	0	sha256:4b897defad916d442b8e793e011ad9a99b1040b069ca09dfc94b29f993ebd9d6	1
ftb-00776	0	sha256:a61191e0a0438c289c4bb0d2c6880ecbfb6f03aab3fed78b85d2fb6a816c0e5d	2
ftb-00776	0	sha256:d06e80b844ceeec3d8df96f95d95c99870babd1eb4e733c8a5ffcd669f7e744f	2
ftb-00777	0	sha256:0524216a3475421a6d6f431e1ae26ef2878c96465535e211aec55a437cf1d8ea	2
ftb-00777	0	sha256:48b88aae4de501e71a50b695a3a9f935c9177f07dcbd3e867f271882ba7fc082	1
ftb-00778	0	sha256:52cf8e40c631ee80d2b548d95fd3544ed722c1d64f8921560d9c138cb23c4147	2
ftb-00778	0	sha256:cc2a9f7ce79ca70f76f8f28bd1001d8c53ad3c3c20fae69e4fa61458b1a5a76e	1
ftb-00779	0	sha256:1bc1058c8f42b3c4d7795fc6e57ed54903eb0497e4958dcab47c30519af9a6ab	2
ftb-00779	0	sha256:59e7d36e638cff456b25badc525fe74be7b74111fd526f8236ec86e934d2d672	1
ftb-00780	0	sha256:004b47b4b56e7cdec49924edac7cc7f1394a72a6a2236120426bbe925e0c7a4f	2
ftb-00780	0	sha256:05abf29b7401219ad819bca6a3136e88265acb13f4b8a803e760faf43a8a6e42	2
ftb-00780	0	sha256:2e598e2530dcbdccfad2956147c3796e22e69b90fed8267ae3d4c62f640c0a66	1
ftb-00780	0	sha256:38fff52276d2067c24fcc4a7361da54f11420b57b97bdcee8f0ccd0316d835d8	1
ftb-00781	0	sha256:0ea892966c05569bdbff4df463ad325b9bb4ed069cb448b4001b7f49a3c8736a	2
ftb-00781	0	sha256:d6010be923e2be1ad0077d7c6e22355b9a32b1fe25512a9078edb7423e4bef18	1
ftb-00782	0	sha256:db8b666481cd4a6fb59b62f9d06416ed18aa901a0efd4456e6df4571da9c48fc	1
ftb-00782	0	sha256:f41fbf29026a4bf4d5eb6f46dd7de57762323212e2bbfe4da8da002780d6ca9b	2
ftb-00783	0	sha256:03cda6f8a0e14728e3ab32c74650609e9f0a9a8e959ed0afce4b6f5c3a2d3efa	1
ftb-00783	0	sha256:dc1d310338f191e9b9032c3465aed85519d0f18aba1b1152082b417ad70729ce	2
ftb-00784	0	sha256:6aaf158e442ecec325ef379e537017d4d41628d4530bff5f0d7f465b47e7968f	1
ftb-00784	0	sha256:6c5f30446f4ab0d1f57748b07a9752202a51a18ec3a5e15560ee84cec646a401	2
ftb-00785	0	sha256:6cdf74c5ee6f64f60c3dfb673c20f6f671616c27e2e728cf329ee955990dad3e	1
ftb-00785	0	sha256:dce39c589e42604b0acdfde8817c94233aeb36919e0292577da3959713c40ec7	2
ftb-00786	0	sha256:e549a4eaa70147497ced670de067c78f9e84fb2c14b312d174383149db18b754	1
ftb-00786	0	sha256:e98a07448ee1b31786dc905299e645a3ca9dee578a2a65997a38d478a79ee2d7	2
ftb-00787	0	sha256:24e3d7a8eb63610002efa121cb82d9292212421d5e2f20bad022d9d3fd05be45	2
ftb-00787	0	sha256:5ea13ff4f6a3e3cc512a4fe75b2f055b1f7b6fca9970d2d78ad46fa9d50e8fa6	1
ftb-00788	0	sha256:48536dd6222fb0514367cdbe4c3f6b9a25f80ca5f15f663949e5fe463fdaf4d5	1
ftb-00788	0	sha256:4b0d0b63844b46c9cdfc0dbb3b29881436146305f944a608b678abc433147771	2
ftb-00788	0	sha256:77b1c753563dd4a1337b0fc5156a3db50139c022584cc8de54617ceaabf297ec	1
ftb-00788	0	sha256:916bbc9ebdecf1f84c7143f902c8b3243acb7379634fa146656fc76a9b020f50	2
ftb-00789	0	sha256:10d1a887a701ef00801910a1b3d9d00cc99f39cb194c695b51e68e1f878e217b	1
ftb-00789	0	sha256:a34075454fd14ad9fda0df62483f141390cf7b64b8317e1a7393302b87c57fc6	2
ftb-00790	0	sha256:8f18e8dcfe15ed9e3b87aef6d18eebfdcd05dfc98e6d28678efbfe6baa1f305d	1
ftb-00790	0	sha256:9063b1bd68897f780bb6c9dfd2f0f1ce81398cd8520a075682d998a0538af3b9	2
ftb-00791	0	sha256:24c11690900f25a17c29b830d5c9013dbe1d9e934f4739dc123abfceaadd6f1b	1
ftb-00791	0	sha256:6e1753f4c0e03a3cca19c9a6ebb13c4272983a8529cdb5885e0b6e0f35aa76a5	2
ftb-00791	0	sha256:c41deb610fd0f7abdd16a05c05e21de18eba4201bccbee3ebd3bf4074cc30d7c	1
ftb-00791	0	sha256:f23312b5cc8de23bbadad9c4113af28505fb81f855d2919fed19f3b93daf3222	2
ftb-00792	0	sha256:859798c6c67ce213c4278ab743b5057daaa4241649063f911561ee718e9c2814	1
ftb-00792	0	sha256:8f05cc377b42280baae7bf38f08d749ed876b820ad55ac773e6a7d98a0f998a7	2
ftb-00793	0	sha256:21f8d01f02654cfaea44cec262e01e72d94364a19db714e56fd7100537bb8cac	2
ftb-00793	0	sha256:c5ad763741e9f5d70fa88e44e76cd9b7b0c64ae52eda9c7f0fd4384318ff059c	1
ftb-00794	0	sha256:1d55584c0e87f714c161b9edeebfe49ed87964c8e9aeac8a65e443455d28e951	2
ftb-00794	0	sha256:98f771e47215c47e3eacd37c5d4b792c3d3cc3e662bb7e94349bc32db6c7eba5	1
ftb-00795	0	sha256:611467fff4f35cca6cd968446fe34d8c6fd106c34de95324f8f2c450d9e0c249	2
ftb-00795	0	sha256:edb6fe676d53811b42be38a01f747e4a865eda8f4a5372bdfd0d7fb01f121cbf	1
ftb-00796	0	sha256:83a969c7bffae35bb0f630e0714c30bf2f999691c580e00e7a611212d295c68a	2
ftb-00796	0	sha256:bfb53d70f3c245ecd0ba79ef84f06638acce54581a189e2699c2875ab32c17e5	1
ftb-00797	0	sha256:4d8b86f9715acb4c958c93aff9644f461168fc57d3e7557b1f7a3c52a4426f55	2
ftb-00797	0	sha256:9f50f128a1cb279b9ae198d9f38248b7a03393415ba9a0dc222a99821238d5a5	1
ftb-00798	0	sha256:5ed84f10e7d289241d4b703545f788baf8053285f04c5c7a1835c400e7cf95bd	2
ftb-00798	0	sha256:c759aa86a11d2633256a143e63b49f56068c50f312a31b9280b564434540f18e	1
ftb-00799	0	sha256:05fa2c7aa22b90751e224cf4535eb79ca3667248cef0400f04671ba85b5a4b1a	1
ftb-00799	0	sha256:7177b5dac56734f29ac60aa913f473b2cf89851d6e95156797b3751d3da08786	2
ftb-00800	0	sha256:482d2ed7d2da458cfdfe98a5d88ab21f1121b6a9b3e37c633dad7b9e39cee267	2
ftb-00800	0	sha256:586a93be21e686683be3900ba098177d4e50fe1afa4fc8b1fb80cc7852134d74	1
ftb-00801	0	sha256:26c573d8feda51dbb06b3b410426c95f96ea58f250a3911dcf0b8472ab5f17d5	1
ftb-00801	0	sha256:c1d90a83c37d8908305fe8474f8f6a9683ee48f3f51e68cd674c8292216ee30f	2
ftb-00802	0	sha256:46aa3fafb8fbbf8ac5244117abf196da0820c78c7db7f837195b1d6d7c4a6086	2
ftb-00802	0	sha256:bb29f367bc5436b403257999a6acd2cd67dc377ed2f37949c09e6c1c76c89349	1
ftb-00803	0	sha256:5d55dbcadac01bad140755c8d040ee1b65149ed0c0df30cff0165717f7f30ea4	1
ftb-00803	0	sha256:b3c5dc67033db904c1bcfc31e6a8230f12f5d6373fdcdfde0f5e70eea3caf11d	2
ftb-00804	0	sha256:49e3ca07b89d568acefd4de84b91b357bd31ceb4bb74799cab88c9ca3e577203	2
ftb-00804	0	sha256:f6eb4b08d9ee2f19ca38ccfa05c6cea684022b4a0001cd1d712c5a8121576432	1
ftb-00805	0	sha256:bfb53d70f3c245ecd0ba79ef84f06638acce54581a189e2699c2875ab32c17e5	1
ftb-00805	0	sha256:e39aac5e6b3b560c6a0fbaf2692ca66d2c13e9cccfd246c705a63f81dd175341	2
ftb-00806	0	sha256:4593a422f9533ab7c145ff98c97348d7159a0548c90163a7375c1704af19e66d	2
ftb-00806	0	sha256:5f9feafbea8f5b2ae6506c6a199d4e510972a9d33114c46bdc0ba1275295b47d	1
ftb-00807	0	sha256:3dd4528e37164b3558614e3897b74f31c33cd1a00037a3ae6e43ba974fd06a12	1
ftb-00807	0	sha256:ff508a2d8fe555b45b6cc13371e4ed4f7ecfc99d31079e0cfc7548b25ce216ff	2
ftb-00808	0	sha256:c75c87553ad081ce4d940113f640863b6003f18294f23aa185be8c57e2fa84b7	2
ftb-00808	0	sha256:d728d442bad91bc029f9be415ba98bb17ac5ec7b9249bce9e99b67b3f7f62b0f	1
ftb-00809	0	sha256:653ccc4917a65098534713ea2092191f4ec2e67e067c4242ea27d3a3924a4530	1
ftb-00809	0	sha256:fddffb5496dbead0b316d82d01d0f5d7f99fd77b1918176281a2ffda6ae3ff18	2
ftb-00810	0	sha256:6e0f7c1f314a802c7aad843e563b34944196592114246bf911e4c41570e5b0b3	1
ftb-00810	0	sha256:fed6a6df76ebd778f73fdc85b08127e3d892167af66cd4c1052f0b855a2c98d9	2
ftb-00811	0	sha256:5839e13c260f73e2bcac2656495dc2aaeb957ef49b7ee90e8a155b633921002f	1
ftb-00811	0	sha256:c6a57317ca7fa75c4a156d123e483cff80c9c05c59dbd079067cebc90ef91e97	2
ftb-00812	0	sha256:702ede48bdf5328d1ba0f13a4a1924a5011123527267c4167d32a89650190200	1
ftb-00812	0	sha256:f0c54a84d254964f9322c805f76bb5f73111024b365d552df0e60abc6cbfeef1	2
ftb-00813	0	sha256:0fbc696b563671200f379715dea8b030cde9b0453355512d9f2c1845e267dcd0	1
ftb-00813	0	sha256:8381a46d32dc3a0df52ed00323c83e3d4f3b2fd2a5398d939f0dd92a097ef05d	2
ftb-00814	0	sha256:2482c0e98873661359c9bee66a6337112bb15bbaf0c0198c37241701ca0f474c	1
ftb-00814	0	sha256:da873005c93766dc9ba4594a95f2896e976140a313ba915f35bac90d4f67af72	2
ftb-00815	0	sha256:866a73f602e72b89d32dcf0fc1b726ad8fbf7d20f6c6bc741249a0e845aa0a3a	1
ftb-00815	0	sha256:c50118e1892e4efda7613c8e5cf8546e95787c12a922dd265fee11d22fd633e5	2
ftb-00816	0	sha256:765517b0657d5b99eae8c9da323d21a5072234faaec6bc17f0776ae9d836112b	2
ftb-00816	0	sha256:7b72b093f5d3ccf055a26ca9a12d24d1bff7384f36d122dfd94390e263871818	1
ftb-00817	0	sha256:427ef3ccb5dd7d1c9291a01318929de0d12e21582f5e1b00298159aab8209c93	2
ftb-00817	0	sha256:f72ba2f9b655e39646a8b01cf07fde7e5b84d80494c081358da084442f939920	1
ftb-00818	0	sha256:616f459092fe5d38a5b13549165d612f07ff769f838b591954fc48afbdae8383	2
ftb-00818	0	sha256:a0ddeb39e44315f4727b5b91902bb41efb6dbc13c6c91542ba3150076d72d44d	1
ftb-00819	0	sha256:abbae4c8b10261159b693b517325ea70086975f02ae27bf1243f698b0e308f85	1
ftb-00819	0	sha256:af9d92699e238f23dde63a15d14d160ddb49777c33cb87d39af3456be292b66f	2
ftb-00820	0	sha256:cb10040f0495c6e395a44af965788143ef7afb8a3a70f4eabedc59b6d307278b	1
ftb-00820	0	sha256:cb560292bd4b35b54eb507819c61336243ee5ad416bc7556abacf511166829d5	2
ftb-00821	0	sha256:271b658d2df1c2d42189f3596f9ceee0aa913494e508e9b88b8ffdea5fc4d9b9	1
ftb-00821	0	sha256:a0745d1ab54baf2a25c04b4f5ab0fddbeadc1ad493a5acc22984a1418ea435b7	2
ftb-00822	0	sha256:18ca9ecddda14dc87b5a9a81b43d27315149b28cfafd76bf1fc70f2e00d03d3b	2
ftb-00822	0	sha256:7dbcd4cd5b280845192b8f70a2fe04229ab5297b6ae02c6b1d8e3fc6873b2dca	1
ftb-00823	0	sha256:0db1995afc78b920c4a926ae976c01c68bdf468d6f2c08fe0049cea95b64efef	1
ftb-00823	0	sha256:a785dea694f23636e73f41f38703de2ae8d624431f708469c4a18265523d8888	2
ftb-00824	0	sha256:4a952867eab210e4d0c13e7bfc806ecd18df2a00d2ad63b6425ef9074f639a19	1
ftb-00824	0	sha256:53e74006ee22016ee494b960203e872b2eb5538de8c92d67526e6de0d4bc64c3	2
ftb-00824	0	sha256:c29ccdddeccc3b3bb47f9be6ea371e93b1df4ee3c11f1943d4acde000343cc1d	2
ftb-00824	0	sha256:d04e9b605a4d6b497f7390beab05e50a3fe8b87fb8d293c3386f02dfba2bc599	1
ftb-00825	0	sha256:35d3a2aca0c1ad82e08dc18f298dd5e19cca5bce5bcbe1042631f8ca1c1a6624	2
ftb-00825	0	sha256:d728d442bad91bc029f9be415ba98bb17ac5ec7b9249bce9e99b67b3f7f62b0f	1
ftb-00826	0	sha256:7d3da7f9e148be786abee6eb5785e03efd60a9e00690859dd55e931e60dba32e	2
ftb-00826	0	sha256:c5e012ec08b3d2c13439b2a4223cf5f7ffb7678a7742112636ee8c97e0640de4	1
ftb-00827	0	sha256:6189251916834c6a64f8cdb0e97a17bc42927800e4e221a31da1fbd4000ae04c	2
ftb-00827	0	sha256:8e839b3defbdc3efceebaa67ea9d73d1a8e7949f384a2347661b17ba15e73ee0	1
ftb-00828	0	sha256:27716a7a7234a2ed78e20c7d4ce2b32e52219f22a25316edc8742ea3ff9be6be	2
ftb-00828	0	sha256:8d068ae4137265eb344505b9c4a5acde8da9c05fbb36a330c718fc5a8c197eb9	1
ftb-00829	0	sha256:318e8070211b9bbe7cbb76b94f9b3951972939d8f03c090917cf4b2885b69eb0	2
ftb-00829	0	sha256:cb1ce4dfa429b55f91283aa19620e311d1d9eb0363ad4f979f7454b7ef06ce58	1
ftb-00830	0	sha256:b38a1bf2740cec87ca7bb7532e6b36b1086c2455f8c3c98eee4ffbbe82c617ea	2
ftb-00830	0	sha256:cfff5a2973d335ec1eec51e1435530290616c4e5e6d37da89880feec5bd1abc1	1
ftb-00831	0	sha256:55e5d579fcd1daa096f26e1b70072c5bb0482484e5eab00edc101ecfbd991ad0	2
ftb-00831	0	sha256:6a167dab7c685300d0c19ffdddcac94a084654e9ab6000b2ec4e4ec88a8c1e99	1
ftb-00832	0	sha256:1b146a0511cb0a82dadd6814b2e5d7e802b0181f9179166f44191f0b7eb617ef	2
ftb-00832	0	sha256:c502905ea1742f19b256c0dc2d6f28c3f4d5ba46b5cd6e00cd194fddfb2a7822	1
ftb-00833	0	sha256:c3cce40a1e456b3d75a41a8ed28abb44a3f0c2311ac3090484b6203ed830c070	2
ftb-00833	0	sha256:d0596d654fc23cd82cefd77997a50fe9956b35c8944e050b56df5d564a1e737c	1
ftb-00834	0	sha256:5ea13ff4f6a3e3cc512a4fe75b2f055b1f7b6fca9970d2d78ad46fa9d50e8fa6	1
ftb-00834	0	sha256:9fbcc353cebf3ed062713546aa59ec99b53ee6fad3cd89cc90345d9d2f7f7151	2
ftb-00835	0	sha256:95e1d5e1525091e40efbb8f13b666319b0e17519434859f6e3126244fe3c8ad4	1
ftb-00835	0	sha256:f4d70fefae7987796a2a79f48b967a6c52b86c5d61ff72a8bba6b432d826ca6a	2
ftb-00836	0	sha256:1b8b3f1d3bbbd1ad8124fc21338f07f3eace2de7889b1fac92323645ea64effc	2
ftb-00836	0	sha256:dac90d4c30af8c07bbaccbb8102f2a63cc8c0a0aa00317687957b1b8cdaaf583	1
ftb-00837	0	sha256:6430d4ba3e93fbc5824e863aa3155b39f4f8a129766cee49e252c62d3dd82e6f	2
ftb-00837	0	sha256:d30d75affad2180e1eefd5664b826fe0f75586fa535ba3a4f0378d1caeebd157	1
ftb-00838	0	sha256:1e805b512ba51ab4f2792150bae1e38e1e31daaedf575939fe6d41a158971e7e	1
ftb-00838	0	sha256:a8158bef3aa5712deae14be288f9954b0001849e8ed0d5e6d5f0bd746b020144	2
ftb-00839	0	sha256:58f38152166f9e66d02c8a0b070181e816977183f17d5964225a5462a58dbd2d	1
ftb-00839	0	sha256:6e92d10c514389c694e236a80557e0820c500f784b1b9c6e682ce33497146670	2
ftb-00840	0	sha256:4c760b2302362ce1c0d534bcc419f15bc602cbc976b4f6f342e6656b0ad686bd	1
ftb-00840	0	sha256:8b158626970488c00ffd8b9c3d4c6ae3a8a3aebe0eda7238ed5bfe6df0c98ffb	2
ftb-00841	0	sha256:110b09a69825ac2917681228713e54ab8539d020d5e38922620f1d5875462973	2
ftb-00841	0	sha256:621b87c5db643464f480621a6c91009992e571b523a431e5869f4e14d91d99f5	1
ftb-00842	0	sha256:0ff450b33fe8f1cd0840c8c12a186d7f3eddbdd0f50237c5462fa33c3fd8d780	2
ftb-00842	0	sha256:b6250b06e2d758f6ff26a4bdc601f491f98c31d5a0e0ce824e73b79c3b6c1731	1
ftb-00843	0	sha256:49aaf46d50eff3c548b328d3bf1194813c9b06be8baf3952225bd478ae403ef6	2
ftb-00843	0	sha256:5e35dbbd04d9465723b12c483be6afe4bd85bee19d09627cf2fc8f67ea511fa1	1
ftb-00844	0	sha256:51cec2eab0e23581d22632cb9e26ea805fa82af59349f190a9ff74d1fb54a277	2
ftb-00844	0	sha256:dda6649c041b6269f5b2340c07d9d4916b0944dc5a5dad69e8a6908a64900416	1
ftb-00845	0	sha256:e8d6e044654ce6e2c7e5e70551a2f6ac1f294b76cb876af48bffbe60840d812b	1
ftb-00845	0	sha256:f6f8cd5d0e31f3f9295054b6a0c8bfda62f194ee66e3ea54fe09c1fcea270aaa	2
ftb-00846	0	sha256:3140da2657181e4ada02a53f558b01ae1fa35fc071790c1fd810caa5638aed84	1
ftb-00846	0	sha256:ac55be64598875a1aa5f9042a624d2be9074ed4da2a3e801bc91d59f8e95cbbd	2
ftb-00847	0	sha256:7b6d7327255fd6e81e0e30de6eea34fdff1aa632aed77764e1cf2297351e54ca	2
ftb-00847	0	sha256:aefd4e48b600242eaccbb7c59cc63390f863764f24a14888bdc10b22aab44349	1
ftb-00848	0	sha256:379c1ab47737b44b8ae8cad001dfb4d69d14098607c2bba32f1ef86646824592	1
ftb-00848	0	sha256:e58ae0d3093f21ec9b07980ac6e1860c6b7c1f318bdd0ee754edc80985774882	2
ftb-00849	0	sha256:39e709a42fdc437bd80bd0b43663f88ece24c78c93130488ee3ab747ce48030a	1
ftb-00849	0	sha256:d76f14709fba22949fda66458a356c102b448967c2086e0884de812f31631c5c	2
ftb-00850	0	sha256:137a058cd0ed1a189f0bed7dba21c909216647515342147cd1aff43018bfa305	1
ftb-00850	0	sha256:f533ffcde612611498a71b236bd45ba0a599c26e190905c4433dc31256fcacee	2
ftb-00851	0	sha256:5ca20b52bf0f0a6acd99e8e141af3b200cdf371fbd602ba3f688f5b034b3f12c	2
ftb-00851	0	sha256:82f68121dbf184670b99db6b4b700d1d12bf1445a17e8748ed04edfda8987e70	1
ftb-00852	0	sha256:8460d08033a54e533a407c7169f330ff0e2935ac22aa4876ac199fde2e892ce4	1
ftb-00852	0	sha256:fdf3e7e3c860ff7279c651c9ca54d36c0ffa9e990d97f8b346bb7faeb2413287	2
ftb-00853	0	sha256:874e0f85273347e48b9fcf07994ede916b12ff155f17d7ad370e8988157ec239	1
ftb-00853	0	sha256:aecebb23982ac9c3ee5c84c4558dda62c935b0f54a62619f12e7df8eda87ade9	2
ftb-00854	0	sha256:cd59b459449786c4d2d7458a6b0f7f0f892c6e623a1786898a3ca499b8223050	2
ftb-00854	0	sha256:d9b4feb6ea533bcc1cbbc276c627b554ebfadbf2dc1bf8f652c5beb804cf446e	1
ftb-00855	0	sha256:2c993fe9ba3601e9846a737d22164575e96c8dad3d4920f7cb00c896a0c6f731	1
ftb-00855	0	sha256:e5d77e2702a71cd7fa086b8718f45e26e0ba53b821b9682561a97482856c77d9	2
ftb-00856	0	sha256:410597a4d2bd4694172dac33581868ad7f17249cf5ac390657b3cd276677a0a4	2
ftb-00856	0	sha256:f1c838fdceda0db2a7df6f3e7b532a7f0f1c1a74abed6d4ce91b9e15921ae84c	1
ftb-00857	0	sha256:091226dcb2498dd81ac424b240abcb54aaa28d97c9866c12d137a1abed10a331	2
ftb-00857	0	sha256:61cfb7f0beca30dd07a36637674f260741e025453c663c70eb53eef01b7f2759	1
ftb-00858	0	sha256:283d3c9d46344cd6697a932e8c30299e77cdca2704a6c4a6ea23224f3649820a	1
ftb-00858	0	sha256:b82d315892ff8c413cc09db9860b33902267ad91181d6a23fe2d7524aaf63aa9	2
ftb-00859	0	sha256:6c2341b17efd14fd7be61f9ce5d7b19e869caae0f76275c9c6e5d511ca3b8575	2
ftb-00859	0	sha256:d4e549ff2f0c795cee0d7306c83c6d5a12e546b1c3f867321df048791fc48832	1
ftb-00860	0	sha256:7de0cea6827d304dca5c10dc7c5ee0a7eaa5cc29bfe36a4576f5b3b795454b9c	1
ftb-00860	0	sha256:af377757531e1f3d62de40221d0a58eab9fa3260e120b37afeb9572018d0abe0	2
ftb-00861	0	sha256:a1c33047620591634299938eb1dfbf975fe97d31fb92f7161c67cc2003d115c9	1
ftb-00861	0	sha256:f96d8edfe1cab33d99c4c8a36a66745aea853cc47c8b33274c58df4e1c8b0486	2
ftb-00862	0	sha256:26d3750e3001614dc879861ef350ab44ad89d69bb4be5f432d485f82e36d7133	2
ftb-00862	0	sha256:9acc3a319327b6d7782805de071ea772b72f68e1fcfc24821973e9730f07b458	1
ftb-00863	0	sha256:01a5cb0e92a02663bf5b05814c0f688212a693a9ae2c23d432d9e2b7332c076e	1
ftb-00863	0	sha256:dddb97cf347468a4d97bc1e3e94d4ec8d74c94767a20204b96bad03441af678e	2
ftb-00864	0	sha256:39d9fd7484b4016fa4aa949e7efc185e6e266845aee65143eac9906e23320c91	2
ftb-00864	0	sha256:a0ddeb39e44315f4727b5b91902bb41efb6dbc13c6c91542ba3150076d72d44d	1
ftb-00865	0	sha256:686ed33fcc705eff325fb3e18b4420bacabf5cf7faf3f7ca3e157e225ddfc9ed	1
ftb-00865	0	sha256:f3f05178917c3153cc65c53e4550ca3ab346549dd2398e20986232160d805d26	2
ftb-00866	0	sha256:46dd54058fbf664b03efc08090930e9d15d078464a93dc47dc74fbc6bdc6a64a	1
ftb-00866	0	sha256:b2721d5e57df0e042636c430c569444e6a4b0b9673dbc9175725a03255b9f350	2
ftb-00867	0	sha256:1cda4988567f3264ac2ba652ccd82fed7d453ff59952e7dc3e8ea43b10921ee7	2
ftb-00867	0	sha256:fce9111202ccfa24327bdeda42c60f3e70301f60dacf540c7029d39b5246146c	1
ftb-00868	0	sha256:5d01d48404bcd214cd1400f64155632ffb6f0ad64f6f8d469e5827b8ad54237d	1
ftb-00868	0	sha256:a308bd4c05641dd68fd8f3542acdf3fbedabed9cd992b72c3f0e9db3b30afd6a	2
ftb-00869	0	sha256:8fc10a63ed85072b0389f2047e39460856043e4dd1f8b777c6c7438e3648bfe5	2
ftb-00869	0	sha256:b1cec687f3e7f915686dfa3aa5c3ce296099283eec717b031b460a3891958c1d	1
ftb-00870	0	sha256:e549a4eaa70147497ced670de067c78f9e84fb2c14b312d174383149db18b754	1
ftb-00870	0	sha256:f819b90048709beeb2b4e725237c30c90d99e41bcdd590be1808f5c1ee4b99c4	2
ftb-00871	0	sha256:75445c8daa6eb93eacc2af63a2cdc181328d60d130392dc75be241dc1410400d	1
ftb-00871	0	sha256:7bc5b2e1e22ecee47d9e924d46bc0846a5fad1211e935b07e9d1a8da512525f9	2
ftb-00872	0	sha256:16e931fc6994777d87bcbaebb06532322387037de8fde838096dba2a26239d88	1
ftb-00872	0	sha256:28f6b6bb3901f3a23d912aba9bfd8e26abcbb2a4206c6e03c1e8c2469c4adab8	2
ftb-00873	0	sha256:51b5faed352997e4b11d7ad232051406e6e3b07b9d49971b38e560b2a036f3c6	1
ftb-00873	0	sha256:589454def6d21f1773bbce50db5f2e8da0971276ced2350f51821ea501bd2653	2
ftb-00874	0	sha256:125a28e93557139faa29768d792aa7cc50e58f5d2b8d53a34815ca1bedb0bea5	2
ftb-00874	0	sha256:a0ddeb39e44315f4727b5b91902bb41efb6dbc13c6c91542ba3150076d72d44d	1
ftb-00875	0	sha256:1d9fc555b3d4c830d8ef714f6240938616936d3f8a0dd51b9b094ebad0a7cf99	2
ftb-00875	0	sha256:a0ddeb39e44315f4727b5b91902bb41efb6dbc13c6c91542ba3150076d72d44d	1
ftb-00876	0	sha256:a0ddeb39e44315f4727b5b91902bb41efb6dbc13c6c91542ba3150076d72d44d	1
ftb-00876	0	sha256:b123f14e2182b0fb8e375a7b2bebf3f949ca15b972740565fe4bf3c2b84ba416	2
ftb-00877	0	sha256:49230ee97076201d43d0b8ffa3bbc390fa9fc76f8c7e97852d38832450759d55	2
ftb-00877	0	sha256:b75cb922d7346e17f8eea2f4670a3452145023f888c0a2c8686498278480f5d6	1
ftb-00877	0	sha256:cc33fddb8c22140040b64d65d04d8898fcee140b66c5a68fd226965cf31b57ad	2
ftb-00877	0	sha256:f43ba62152e938222c4aad88033a414c8367cfb390440180e3d91811cad7cdcf	1
ftb-00878	0	sha256:04c4a38c1b4e2d0568cffc780ec3482bcaf95e2a777d39c17aa3989f7acdc275	1
ftb-00878	0	sha256:0864cdd8940b14fa313acfd905805026993af891975e870876288b82ddf9a4c0	2
ftb-00879	0	sha256:1ccdc8c2e81f23a6eab1f4ad37d37aa972aa0768819466519cbe2982dbd60b63	1
ftb-00879	0	sha256:5dae216543dd2e1051ea3fbc2b2d6848c956c52c85dac30ad2bcef1f52630489	2
ftb-00880	0	sha256:07879376d2d850146035df57ab03fe2c51e4081af60c2d1520b82d39564c56a0	2
ftb-00880	0	sha256:20be31ae79d6da5bbae5b9237508db140762c099ad6b5d24e03745d4d372fbe3	1
ftb-00881	0	sha256:10362a0b99ed539ed66de6ab739ba375bf7cd9be9730261cbe2faf692a618c1f	2
ftb-00881	0	sha256:cb4bd283b63f76c3565ff8c3294cd9ab8de74d4d183bbddfa01590d2e0458e5f	1
ftb-00882	0	sha256:1ccdc8c2e81f23a6eab1f4ad37d37aa972aa0768819466519cbe2982dbd60b63	1
ftb-00882	0	sha256:8a54026e10e26f5717c4a9e11564cf352349790eac040a3f6c197f75b10c6051	2
ftb-00883	0	sha256:4daa2fe8048377dc94ed315b70d5ccde92bcb27e26b247d867c766bdc1f64d55	2
ftb-00883	0	sha256:555bea937aed021c37d51fcd316ed784d2efc586f58397d37fa528417836a637	1
ftb-00884	0	sha256:54265d92102163bfce2f1da9bef4957eb890050fd265f136169112d14fc54c9e	1
ftb-00884	0	sha256:d39a85c634be87fad23b0a4216e27691171e56dbb887967689e88597e0df461b	2
ftb-00885	0	sha256:73fcbee8ad01c688f03888f47cacb14012f9b77f4b7e95386592484ab9e59380	2
ftb-00885	0	sha256:abbae4c8b10261159b693b517325ea70086975f02ae27bf1243f698b0e308f85	1
ftb-00886	0	sha256:3b9f41636657fc73c21ed2c1275d6faa662430e11b9ca8d9e3d317bd273255ba	2
ftb-00886	0	sha256:8aaa4aa7f127e753d127a09f102e6d09de035f5e8ada96df3bf01fe140579782	1
ftb-00887	0	sha256:17ec4f7bbb2c8347a3134cd2b869431444a3522c5d60ce49028a5355a6469d7e	2
ftb-00887	0	sha256:5ec3aac09de6c4f1c46ae48285c2a8926d90094d05bcbdc0ad31695a552996d1	1
ftb-00887	0	sha256:955984ca0f87cef55c5629cf29045d92e21d404ba157b4b8d1c9006bfbec616b	2
ftb-00888	0	sha256:c86457893cff0074f5a0112e3f9279333bef55ccb079af996eb7920967633ac1	2
ftb-00888	0	sha256:f63bca87cc8de240fe034b7cff48c081412e1770308be7ba9d98c2e7013616fa	1
ftb-00889	0	sha256:35c8ed8a8eade93817a49a220b9d955d71c7ae64a6c106f04a629234eacb065c	1
ftb-00889	0	sha256:8ca0cf39764142f5bc3ffd545e304ef89ec737f8fc1e14773f03f17d85e6953e	2
ftb-00890	0	sha256:67621537f21beb03f4fad1ca056664384983db86549017bdcb1e64c7bf785aef	2
ftb-00890	0	sha256:e69b318c75084af0244bfe8e652605e42c53769bde1faeb64a5e6e5b474d285b	1
ftb-00891	0	sha256:418bd7897ca055d9abd54d1830042d6173f87f215a9f06779845fdbbcc0541d1	2
ftb-00891	0	sha256:a97f6efbb814b12b95e496d1bad66bdca49e357b88f62f8e27a232bc6c7f71b5	1
ftb-00892	0	sha256:6c6ab21a673ba09cab6e69acc122627ec4eeb5be566d7299034388a38984965a	2
ftb-00892	0	sha256:85bfed7419ad863427550323c106acff64be3988f5054b4843225066e7a34603	1
ftb-00893	0	sha256:294a61e67c3e32f7b2b0aa16b26d45002685e8901a62beeda3f6a331208a5d5a	1
ftb-00893	0	sha256:885da69596df382c87d6b766a35488cb9a8204c0a06ed43cfd9e7858ecb37771	2
ftb-00894	0	sha256:09b119024189fd9862e47bffa7913e8c81bf5fd80a9e03cb17f0c21b92f986cc	2
ftb-00894	0	sha256:16de571e0f809875db03159392c008bec90ac367642d31c7c01557c048db29a2	1
ftb-00895	0	sha256:0207f7730cc774bee68f7e6a77570ee5ca2d4dad78f02f3320c8809887234b7f	1
ftb-00895	0	sha256:9f446f1e8163e0845bf275ee70f96853dbb4b30361ad47c3b48ade68f2c44d32	2
ftb-00896	0	sha256:30a856008b4f544e058c0055c5ae1394e6dce5829fe0944b0f15c588a8020823	1
ftb-00896	0	sha256:6ee354b74baa569257d8c4540ed0aca33e6b12182d28c023d4c746a9b3213bbe	2
ftb-00897	0	sha256:d13c1f4c9b6c2d515bab2587459ef9a5a0a205a39430046dcc4623f8c8597ce7	1
ftb-00897	0	sha256:d8c2f86528ab3c1420d960021dc87fb315d48f0d4f166bd8464eb974d71ffa81	2
ftb-00898	0	sha256:3272a3f54b4063b2b17b926f23fcafa863d06769aa2b9af4b47669c5cf1ff338	2
ftb-00898	0	sha256:e5e0d3de4590b5635f91f915f11822b912109849b2001f736ea5ef242fa61af3	1
ftb-00899	0	sha256:017f360767451f2939b80666d2991d26d332afa75456bae611db1fe5e6b4576c	1
ftb-00899	0	sha256:397bf9465a3f6729f24ae6fb04cb85f19bb36d53acd7757b5810276d7dec1ced	2
ftb-00900	0	sha256:3e2c31a5a8e38e051322b47949c5dda3bbbedc86a27187e65d509e64838fd386	1
ftb-00900	0	sha256:4ffebeabd90d3e7efbd847ef3a4f8e94a20cda65ea9a8ebe456a4dffb8d14c28	2
ftb-00901	0	sha256:24b4904a2dd1e12e2ec023e5a74c322f907893488884aca4d5f77b1f5bd3fc03	2
ftb-00901	0	sha256:3e2c31a5a8e38e051322b47949c5dda3bbbedc86a27187e65d509e64838fd386	1
ftb-00902	0	sha256:2a802d89211367524adbf7a2ba6b5fbc46303df4461cc44566494fed97940a96	1
ftb-00902	0	sha256:c56f541d283c01f66fecc3da3803668e5f2850617f4b30d142a5d62ef4dccb84	2
ftb-00903	0	sha256:211b98ebb463f992fbe6037413ff4f3fcff7ef69d51ac7d8af63664bdcf81918	1
ftb-00903	0	sha256:580267b3d86c6e6069b75351b579c176995437da186b457114d31849754c5e51	2
ftb-00903	0	sha256:724e6d991a781aafe6e51c6627ddfbfc3608bed52c24caf50357572b2747325f	2
ftb-00903	0	sha256:c71f7dfa074150f84cc6fe7bf6cbb3359da2d788682c64a9dbe9affeefacffb2	1
ftb-00904	0	sha256:7826e48f68ff101a06b1a7fd716ced11247d60bd067cda66511970b31205081e	2
ftb-00904	0	sha256:c419de6d304962967073658f60baa343583c2007dd50e4ebf79b47758a5ec2c5	1
ftb-00905	0	sha256:97d871d131976b959bfa7cbbf78bb50067a351e8d9d167c24011d592dfd4a47d	2
ftb-00905	0	sha256:e0790c2db64eea44a0ba200880785004264229628be278ec98814745e0b67c5d	1
ftb-00906	0	sha256:59a091638dc7e08c68a64125a7c00fd0776133f0128cb2cb8bd345960e66234b	1
ftb-00906	0	sha256:704ae809707d83f9ba0e3f42bda44a3318b7cb03b80f8c023037d31f47d035d0	2
ftb-00907	0	sha256:211b98ebb463f992fbe6037413ff4f3fcff7ef69d51ac7d8af63664bdcf81918	1
ftb-00907	0	sha256:5bb8dc7da54e886707f0c5a1bf727b558c829853514c517749f14f0da2066538	2
ftb-00908	0	sha256:b95b016e86fa0819f6e04924c9b268bcb7f9ce989077ab5c126762802beb4235	1
ftb-00908	0	sha256:d5842a0827ef29b11f29e501e4c98000c1274beb60768ab2a1561dedb714da76	2
ftb-00909	0	sha256:895900e658e7c12345220e2806211bd0c9db74986931b5d1c4bae1c6e90fede1	2
ftb-00909	0	sha256:cfbed412d3ab835fbf1aece24a75e486766872365ff4feac21fdb3c81b21d901	1
ftb-00910	0	sha256:0c88e4ab5a53d4f245bbe0849c9c90718439e0ceff5d91f035bc5bf4250ab3b6	2
ftb-00910	0	sha256:ef3195c6c71889326c9f4e12e967b2cd0280a45313c3100c77ccfd83b41e1439	1
ftb-00911	0	sha256:7be0e653b5cf373bd575e91354ecf38c7ddce3bf294fdfab5c79d46511d4317c	2
ftb-00911	0	sha256:b496a96cdd5de41a90aadcb9559f1a3ab5ff3c0c5fbbdb550320859cb2667fd9	1
ftb-00912	0	sha256:8d220368fe6bbc6842f44d908aba2f9899e2f2d4c162af5dfc99f029dacd1559	1
ftb-00912	0	sha256:97bc9837ea3ee95075801d41e923193ef70b09ee6db9d2bcf1225769a36ff1b5	2
ftb-00913	0	sha256:3759cb9aeec46658baf79f81bb08e26873761cb5e912d48a075948d577c11d31	1
ftb-00913	0	sha256:f301598c459933f004bc78b9be125dd0c57c122d2948199632e546bb0c916c8a	2
ftb-00914	0	sha256:144af2d4668dbecf4fbbff0810f44ea5fe0550f6e1daefc46ae6ea93c8fad3c1	2
ftb-00914	0	sha256:556733e592b4f6328927113d307c12d3ac6d74808a33c818e0f2b56c4e2a94e9	1
ftb-00915	0	sha256:6868b9af6fb30bbb03d82af35e68464140c27a82fb93b1a775ca455663a480cc	2
ftb-00915	0	sha256:f0059774d034d358e10d3c7c082e27dd5be7d27dbf49ed4fb269426001839c1f	1
ftb-00916	0	sha256:79ad715ac9fa9afcd9b6e08c0a9afe7496833b462a1fd2d9877a91005a4ad964	2
ftb-00916	0	sha256:bf61f8ac5f2ceb942dcf8ef526bf7d28b26b3ed363ac99d1516e3b9b6e3f786a	1
ftb-00917	0	sha256:4d06c10443433dd4e1da8596235f464f25db206a6586de4d84179f4af36c1219	1
ftb-00917	0	sha256:75016983eeb85de2939cb7ecd6ffddf78f51c258b116a079c2ce115d6c328763	2
ftb-00918	0	sha256:29c8a6ae5d0fe8e472d5d7bd533db5b440b98c24bee8a0802658c6c26ea42c19	1
ftb-00918	0	sha256:3a924e9a76b145742c275e8c81f2ae5f48ee68f1cd1a6c165e6fdf44f77fddf7	2
ftb-00919	0	sha256:b2085cccd93c9fba989e6b1439c0817e3fcf5e87faa4bd8cc60dc4c5221d926f	2
ftb-00919	0	sha256:d67bd97ada5239aa2ad961edafa3ee3056810324fa8697aeb9c3f03cd84c724f	1
ftb-00920	0	sha256:80da785d410b45cbbeba51e955d6880b6c64d0914e91ec72f2f2564e47f5cae4	2
ftb-00920	0	sha256:d1cdc09296cdc1f9f86ce899db33195231f5aeefa45c397467ad7c260b9c2073	1
ftb-00921	0	sha256:1f7c41d3769e16092dd478ee70376b1caa45d06fc977831fd61291fb99f0cc4b	1
ftb-00921	0	sha256:d7afdd91e4211cb05f085ce56e9d42572db1f51830230e3e54ca71934881fca7	2
ftb-00922	0	sha256:0440847f9db0116c95f0e23f42b2f7db14166feb7f98d8c531976851291045ad	2
ftb-00922	0	sha256:273a89c88caf0f52cd678745e715421d5c9afb579d3db9b16c49582c470a79d3	1
ftb-00922	0	sha256:b431b812a0078de10fd6a843e1f0ace03c22ed42daa292be1ae2e0c231eece56	2
ftb-00923	0	sha256:b2c45062fcc1350c388e4bff7e7ee184bc571e1db43a8cf764106751d3373c21	1
ftb-00923	0	sha256:ee97e50f984fe8a1710d53edc72b8a24b7dfaee3e18bb42d4ed088140edb7811	2
ftb-00924	0	sha256:6e1cf817e3c9ccb2601c6346b0ba77b5bf7ebf3ec13b2355168787b516084edf	1
ftb-00924	0	sha256:99a736988ee4c3514914ef1278066cf7741c2c6fbd8ef13912990a9f5db15fbf	2
ftb-00925	0	sha256:1f1434e6f73c2a17e182c80858a2b409a610c25fb65e61f5b97fbb2e05002375	2
ftb-00925	0	sha256:2765fd920459a1fdc232ddff6b96d47853a479071a2e868d00044a1ef86ee23b	1
ftb-00926	0	sha256:1b1fb618433b7ffd3326679ac83d7596f84171d7c3c5da2582c8484662424109	2
ftb-00926	0	sha256:c61352ef781c036cba6eb11fd06fd477165710e74a23e9245359da782c5a2b83	1
ftb-00927	0	sha256:af58fcc1a80dcbff5e7ee5fbe5d8ba14281cf6c81073ccae79e410735581facd	2
ftb-00927	0	sha256:c7c602ae9cfdc8bc3a2e00559c5d8564b9d293917434945205b660ad4663a96f	1
ftb-00928	0	sha256:8a9d7e507eeab1da0efbf76dc745d3746e487af9f0ad36d8cb9ce23356bc9af2	1
ftb-00928	0	sha256:ddd5f9cf4832ed215d055c863b7366bbe723c50ae3bf2a3e9ede4360ebe711c0	2
ftb-00929	0	sha256:22f02bd0e48be845a4d74fc075793ff47cb00e95c8c4b1646632ea4a6d4ba7e4	2
ftb-00929	0	sha256:57ed87666d61ab991da7e55aca7d161826f5d18f2316d3d67cc9c5cbe3d37966	1
ftb-00930	0	sha256:579150034d2eb343338791b40c48d97d0d564a82eb9fdede1c200fa957c1982e	1
ftb-00930	0	sha256:f53f97b6762a1938d8c8f403cb49ef62dc48a08159cfa1ee9c43e7441ac7d63b	2
ftb-00931	0	sha256:59797b81c04bd5d31b96a7b9a2e319bb4c1b5c02384f018ce94335614ab24b45	1
ftb-00931	0	sha256:ddafac593fe1f9e7f723939a5cc0f013a315134121f311b013754a0540e21a70	2
ftb-00932	0	sha256:5eaf00366869aaa5d09d1c4f89353ddf221f87e841d05301b3d34491f40189f3	2
ftb-00932	0	sha256:a1d89e909e349874dd8c5fb86e9a783b77703bb6fc9c60f2bb98f2a1cba99bc8	1
ftb-00933	0	sha256:7497f2dba18ace976ce8ce5ab424c9e95a422c2a25f4b1daf9f4ccd7f3e79f9e	2
ftb-00933	0	sha256:d204303ede4339a1ecc68f29e165f38e951e606d1850a290dead70827caa8f8c	1
ftb-00934	0	sha256:444a7080426a2fdfe127b63dedb05fca35927085a4d643010c90f4c409f05c23	2
ftb-00934	0	sha256:bc0c8f1442c8c24e121fc198f56ee59843a42adeeca53954cad75e03a3d1f8cc	1
ftb-00935	0	sha256:6a5c59d4e8ec36a25db228d962d89b31a6c5be31e531b614e6a51688d87d5206	1
ftb-00935	0	sha256:f405c9094ef8c0faa8748a7da17fb4b9739f89133e5a8206e715bc9650d3af25	2
ftb-00936	0	sha256:2d632950a0ba41ce32ba0cadf3a26f2ddd9b23377f3b62e6cbd2277c397f8dd5	2
ftb-00936	0	sha256:f677b1234e834d73c725111527a67bc7fa83380e7c6884d59b83143ed84cd9d7	1
ftb-00937	0	sha256:70407e62b56957750aca0a80142d3240496e67108e4d15671b4013d89bebb5f0	1
ftb-00937	0	sha256:a39b6aae3d2fe4c9fc9c827e17106779db8dd23e9e866e12eb7c91d8143eebc3	2
ftb-00938	0	sha256:0f645696907e13881fd512a6e909e66e42c88ee761f3e00a60cbde9b05d152cd	2
ftb-00938	0	sha256:e612e50829eb3cef6c5f1ba57e6c3333e9c79c90f6525f1a76cb5f0d24ef59ca	1
ftb-00939	0	sha256:4901ca341556aa5f6c42a46ce663056ec66962a858b719f0650c0c2eeed11961	1
ftb-00939	0	sha256:8b6304d8fc04581c0be5cc13ae91bc792fdba9cb55538ae5201e0bb1a88d351f	2
ftb-00940	0	sha256:13d1f648de6b43a9664c7bec97142bffd209d5c9a50828365e7de9848b52a8bb	2
ftb-00940	0	sha256:28b61204ff8ead7197244a0f487c2799e82faa12603eef8a79b3355b4d41113a	1
ftb-00941	0	sha256:20bff1a6db35b44bfe6755fe0eb258b49cf2255b96b7f3e4530d397ab1c80da0	1
ftb-00941	0	sha256:2ce299c1ca83b4cd5d4043f51a7b35b7d5e95eb39b883d72339986290e3f48ef	2
ftb-00942	0	sha256:2d405d6ec56b16832e4a559f5e90005452f2bb5b6053084c3cd723b00c1cf23f	1
ftb-00942	0	sha256:382d8a60a72176ee46a81781f6b6af487c6e6ffd667f9d763a523d0006464774	2
ftb-00943	0	sha256:5c35a5cad1090947b3330f8e8fd7e58db12da5c9c6593cb7ca1e4df4a849fc4a	1
ftb-00943	0	sha256:a86dc6f2aa14766d55bb846eff42fce34d80351bcc00f04e5c9c8d4a60245801	2
ftb-00944	0	sha256:8718d187960eea354d28b7e8c5bf4fcb733d66f10f4c77e179552b9d031bb89a	1
ftb-00944	0	sha256:fed7ad6c1541ffd6614beb721796b3460973ae71d8f6aa3983b403b6f0854cd3	2
ftb-00945	0	sha256:218ff0ac5ed7159beb1d9a2ade82d4fa48a865b4615b748aec2015488dcfca93	1
ftb-00945	0	sha256:bae7ba4a29b6364c8436d566b9a4722c22397980f2733c7c0c0e3f72c8992c25	2
ftb-00946	0	sha256:23799033a1cc344203ca7774cd6198a93e19b02d7bf24d32b58df7f1de60156e	2
ftb-00946	0	sha256:7966ea1afddc71a70fc17c577c4bf19798920bd7308c3e201357e69777bb6d32	1
ftb-00947	0	sha256:a0b517e4b5ac5ddb01274ebd933b199065b91ee83dfbd88608c1a21209b8e870	2
ftb-00947	0	sha256:c22dc9cbff3f516dc156e2b47b30f4dc7d524471d94b28c3f045d3b07d6b7268	1
ftb-00948	0	sha256:8ddd2231b4838543274dd83e2b96932bff746197047d5fc1f19836bc521cf8e1	2
ftb-00948	0	sha256:d8d6e4a3f1c1f65f6db51515204dba587d1534df643514a487ed1dbe98c54ef8	1
ftb-00949	0	sha256:696e405ef95ef6af68239dcbba8b57b568faf89568313cca7c471d235186c423	1
ftb-00949	0	sha256:dca9255269f66a02578d3787296f8bb4c5e18cd0b80379a83cb360c372f3cd81	2
ftb-00950	0	sha256:4b1849465c7380eccf96591c92a35f072b1140128245e502d5c3ccef95fd4c13	1
ftb-00950	0	sha256:99b70d6fb39a592341b87128fde0e8dfdd737d21f6254aafb71090fc341fb1b9	2
ftb-00951	0	sha256:052865e66c678a469d5179cdbc4e4569a2814c6b058edd9fc12c433ad8ff9323	2
ftb-00951	0	sha256:6afde19c5d4197f2639657311a9542ec1028b372d8ce1124877147ffc3d2a69d	1
ftb-00952	0	sha256:0868a5c7a7950e0075e9e54b91d25ab01a51286a77a5339726407c3b9429aa2a	1
ftb-00952	0	sha256:56acabd04715ec6558e19dc6e23fe1a0045a98b36d0096c82f3d097e799367d1	2
ftb-00953	0	sha256:18d59f49fec32fd07e6ee62648d818406a97104c2eb92f54cbdb8af77f65ec05	1
ftb-00953	0	sha256:863654a95c300e57b1e09247d3ff09afe000ecd963d0e680cd0622894d173e38	2
ftb-00954	0	sha256:42bc0de18390a5259379b4cb705f7effbc4ae4bac3ca4b6944d3c5662fa98042	2
ftb-00954	0	sha256:b6f5a1545df352b381fba1b2abb7f7fae9c677156524245b11a3c66ab4c9ce7f	1
ftb-00955	0	sha256:8899bac308feb91070786dd6fb48ffa4f43e1db46b52b5bb34744cd1f241d2b0	1
ftb-00955	0	sha256:9366732b7fe736b7c456a3a9279589fd2cfde6b40f59c50c3ce13bb1956a2884	2
ftb-00956	0	sha256:d044d8fa8747fb576e1ff0443a762001a6a413c5edc1e9e26c5d48fc7b40e788	2
ftb-00956	0	sha256:fce9111202ccfa24327bdeda42c60f3e70301f60dacf540c7029d39b5246146c	1
ftb-00957	0	sha256:dde7e2a90a370852b383df43ef7a732de20b5998539949edb8295df061a8a3e9	1
ftb-00957	0	sha256:ebc8b043d3a4d70e4ab635485e7c27c3c47e5f5b9f2df49b221d2a094ff5cc60	2
ftb-00958	0	sha256:2d405d6ec56b16832e4a559f5e90005452f2bb5b6053084c3cd723b00c1cf23f	1
ftb-00958	0	sha256:caddb737f7580155c29f1f8788ea122bc6f468aa807e3b45ce17abe08acae192	2
ftb-00959	0	sha256:8f30c3b7b95b360e8954eac010bcc0d6f21082e83aadea5bab59a3ae114cfe17	2
ftb-00959	0	sha256:d509608b9a7294fbaaaa3a3cea1bf9960731ccdadba1fcbc7cb3b7cf06b27d35	1
ftb-00960	0	sha256:95459f23fea7bb4c2782603b63236e464898d61ffe6ba38ae63618ffe7f613d0	2
ftb-00960	0	sha256:f6729c78d393e0d15bee9ab18326fedc841991557409e9550b3558707894f16f	1
ftb-00961	0	sha256:418b57baef1c0e7de0f0098f2867eb17f208b6c13a562a0db408e87a44a10073	1
ftb-00961	0	sha256:838603b5b62a3879b6f6f5e38dba9c8cfa305d9b65899aa6eed6b642d1b54603	2
ftb-00962	0	sha256:77e1cd399dac1539a556225dcdcf453fcca979e57c2079f1ee8e34de5a577ad9	2
ftb-00962	0	sha256:e9bb77ad7320ebf0631cc988db153d7a17e14bceca11d1d2fb0458803cb52575	1
ftb-00963	0	sha256:342e96625bf36e2e8e333358f427bafc7f815d4082d4c2fcafefb8fd6a244401	2
ftb-00963	0	sha256:bdda695bfa32113b70af478be8cb49a11f513889be756939cd3898e161d9150e	1
ftb-00964	0	sha256:6bdae56bd7b7a8fb01acf17c9f1a53765b9217b0ed781d1d4d9c35a614d38818	2
ftb-00964	0	sha256:9443cab929572f8cfd5507178e72f862c49b6a328a483ab61499f66835f296dc	1
ftb-00965	0	sha256:307cf8a6fe20608cfcfa0aca1e49343dbb165770b733c48c232751a02b2cc784	2
ftb-00965	0	sha256:7c7f14cfa34dce54477e74b12710b4d1e264ad18f9602245059bab9e80c32cd8	1
ftb-00966	0	sha256:653ccc4917a65098534713ea2092191f4ec2e67e067c4242ea27d3a3924a4530	1
ftb-00966	0	sha256:f49c641f2a9fcc482b788a782918ee69a4c8241ab29ffd7503f7a4b6f89409ae	2
ftb-00967	0	sha256:8a8cd1966f92a7bf274ee9a68c6b52aef79194524960e159846c5a5bbbdd0c61	2
ftb-00967	0	sha256:bf23ba39912e9eb75f3e86b58c70fbde5c50c09d0f5f6e3f19737840ed766177	1
ftb-00968	0	sha256:16e3891c3d2465bb34cee40b3a3d4b47ac0d80d9b87b8362138c9d8585442891	1
ftb-00968	0	sha256:605b00af9cd823ca0485f39bc4224e337d801b6fd0db252112e178f155fc69f6	2
ftb-00969	0	sha256:4ca41263d87d7982b10a55b33cb473982a6c92b8f5ada89dbd9d32230502818a	1
ftb-00969	0	sha256:e095a0e4d4ef088ab0eec5b5421f16f2effd981e300a3447c33351f381a16f42	2
ftb-00970	0	sha256:3665420eba360bd57766ebee83826812f386f4e48311cf19391e155282b9063e	2
ftb-00970	0	sha256:44468999ad5330b48de9052b6f4584a952461211c16160458294bf0042327172	1
ftb-00971	0	sha256:00b7055a2662d69ed5ac7f7fa4854a7d65131155a85493b6268418bf81c358d5	2
ftb-00971	0	sha256:68d38a8c92d483fe6985d7bec968492cdbdcc522e376369594adae874b806930	1
ftb-00972	0	sha256:8d47179524a517a139aa98616ff3db606d96b3f672e936c1b7bc02b2feaa7dbe	1
ftb-00972	0	sha256:cc73bad7d87545a3cab7c6b979d25802eda3cfe63572beaaa05bad523f72e3e1	2
ftb-00973	0	sha256:5979a94ffb87a3a25b18bef9bfbb8d6e3f074586fc9abd3b08a696b6176993f9	2
ftb-00973	0	sha256:5c03db29ff9dadcc4675904288a5567c15b0b09bf8e3b005c03d25a0e223c764	1
ftb-00974	0	sha256:44468999ad5330b48de9052b6f4584a952461211c16160458294bf0042327172	1
ftb-00974	0	sha256:ebda7ca85ef5e9e01fa5e88c44ff6851487d1ab6a2888a796597ebb75aa68234	2
ftb-00975	0	sha256:07a05d263bddac7c898d18d0fa5aad4a3739cf72edbde80bbdc3c163fe1482cf	2
ftb-00975	0	sha256:6978021cd59f90ded613f81c50bebc2cce17878fd7ea0ceaec22fc6478b0aebd	1
ftb-00976	0	sha256:5cbab25e2dcc7d3f351ac5d03f860d657fd9b871fca9a72e6c67329b088390fa	1
ftb-00976	0	sha256:c07cf5e5afe7907d7f0c79d06aadba09623b97cc490c3798ac7a92879447873d	2
ftb-00977	0	sha256:bf7e05bd684f48ed30a15b190ae231e59b4be2f05f5f0d734e855d75b68e15ce	2
ftb-00977	0	sha256:d53f7e747d614354ed2396936fafac469d822a717986eb82f32ae155c2a6c8ae	1
ftb-00978	0	sha256:d13c1f4c9b6c2d515bab2587459ef9a5a0a205a39430046dcc4623f8c8597ce7	1
ftb-00978	0	sha256:f717063858f5561fc59ddb49e2176d51d9e0248c0cbf63a10af960eac7330a6c	2
ftb-00979	0	sha256:a9765afc19f5a436ea30a4a3df31142f56a1e9531e0e5d427fd832623be7e840	1
ftb-00979	0	sha256:feebc30638bfb27349283364e4588c66ec40f4840e15ff173769de6fc72ef1c7	2
ftb-00980	0	sha256:5ad67abb7e58fc12252d978f851b3baceb0ad3b3c781ba1876d419a29ba5d8a1	2
ftb-00980	0	sha256:afd36a5fbaef93538470090f1ee4b23f0e80c2cfe6d8c292b8ea7221a1d2cdf2	1
ftb-00981	0	sha256:7ddd31df839171dc70751aa3c0ef747a1ab1951521e522a2cd3ca5fccef9f427	1
ftb-00981	0	sha256:fb3d3cb2048625a4e8323b281ed9d307f9ac0634d60673aaebdb0b1b11f0ab6c	2
ftb-00982	0	sha256:78e976663084520ba49a7e0505b74a735262c11d17a9a7e66efe54c2b492e3dd	2
ftb-00982	0	sha256:afd36a5fbaef93538470090f1ee4b23f0e80c2cfe6d8c292b8ea7221a1d2cdf2	1
ftb-00983	0	sha256:3450b9926e62f9c87815f4f540d72ee6c41803681c21e19388f4e38e6419de26	2
ftb-00983	0	sha256:44468999ad5330b48de9052b6f4584a952461211c16160458294bf0042327172	1
ftb-00984	0	sha256:15f8470e5f3f91cb314d3f802740b901ecc946919052d0371257ce60a88a5117	1
ftb-00984	0	sha256:a3e1e640c43e225928363af36a76a37c4ee3a871a402c563ff5443fb1a384a14	2
ftb-00985	0	sha256:00bf086bf4240047ab8202cf9a1ab4413949efacd623bf39abb3300651770a2b	2
ftb-00985	0	sha256:c76c38693c89f7eea8885312188e63ab02e05dcb54cba33c035cdda83c0f421f	1
ftb-00986	0	sha256:6736067cdb2c067c97d4262150cdb9cb398817b562991389551ca17523996209	1
ftb-00986	0	sha256:d8d8ea42786bec92fbf1d7fa2da80354808287539e8889e645e8d2dd24521771	2
ftb-00987	0	sha256:368fa846d2b3e81a44b244a4a4e9180c9d905aa9ee5f966193edfbbf5a017832	2
ftb-00987	0	sha256:3d1e1c0cddf874497d8ee4b6e4cf12378b71ddcb0984fecfa68c9fa2f69acd42	1
ftb-00988	0	sha256:bf2c652783bf111c016e674f0c44385797e205bc76266f832a421cb75e21b287	1
ftb-00988	0	sha256:e993b2f1839eb306e37d2da3c300342a7c41d9bffee198da5ad74b9dbb295e7e	2
ftb-00989	0	sha256:4a8d956446f19bda5f7b1d525768f32d0fe779fce1cd27dd6d4a356c2f007085	1
ftb-00989	0	sha256:67a16e657d5e20f97ee624cbf69da585b26b11733bfc2172e339f83546ec6e9c	2
ftb-00990	0	sha256:3f8f0ce656f7cd1b032126b1937ccdff30a64ddac90939406d62047ed5afd556	2
ftb-00990	0	sha256:83b700e332747865e6e3a3370fa0142cb616ae3f5a22d742e02b4f07c22f04dd	1
ftb-00991	0	sha256:92e3ce3a72d7e6ba2c3e2b6436187a912e567c29db55948a85b4ea29a3a1df52	1
ftb-00991	0	sha256:9d06d8646cf2c3b5dcb215f41d46b036b53a82873546449e136f84f724a6b607	2
ftb-00992	0	sha256:4a200d6eaedf093ebd1faa5035220badd32892fbb296f70d11940f53157e116c	1
ftb-00992	0	sha256:63d4e75ff5f8ecc7ebbd4a4c94c1d674ffcd70bf406d02c30c358ae8543c4bf4	2
ftb-00993	0	sha256:2e7bde4876bd04e51fcd85f262dc0ede6e8529287153860eb05a4d2f16ef62ec	1
ftb-00993	0	sha256:45637dd1cb53b8baf78a36e5ad52565a3149edce50182ebc14e99e50451d6269	2
ftb-00994	0	sha256:6d5a72a1a7f58686c1a2846ac74de2e08e0574cc0cbac98ae9920c8e560562d6	1
ftb-00994	0	sha256:78ffe9b60c91984264e334d860eedcce1c2bc20f3369fb61f7d1d5c179f85b12	2
ftb-00995	0	sha256:1076dc9cbbd425f5efa5f2eb45742d79e9ff587021e38627ec0dafab088cbf92	2
ftb-00995	0	sha256:bda0226b50709de91428687e42cb1b3aeb2f2656c0e37fa373c6c7f449e728bc	1
ftb-00996	0	sha256:0b561375f2bee94e17038a81089e0ccb58011579d5d4886b6dea9bcf0ed7400e	1
ftb-00996	0	sha256:cfdbb62b128230d55a182a9ac08c3f1f6aec12eb884833f013b7ddba4b99bb43	2
ftb-00997	0	sha256:00e65ef796abe8276e23e9575a7558c7e6c9cef1636a1429895aaffcc581817f	1
ftb-00997	0	sha256:f0627bce6df4aa5fec931d5e5c5cc10f1c548a86769eb42632430cec224999ed	2
ftb-00998	0	sha256:6735f03db2a4ee50af3698863b1d0b150b3fa0e6a95f408b9802613017c0f134	2
ftb-00998	0	sha256:a988df035e470039237c3577d2ca23f31461fe6a3378eecb2371dc7b903b38d9	1
ftb-00999	0	sha256:386e36b907c03de2d6af0c0cdc292d2b49d24d5678c73d9774c64be40274c023	1
ftb-00999	0	sha256:fbf5c9064f1a64d77465418f36a6145d4cbbce07b47bc6fe2e1b55c6f4a7d2e8	2
ftb-01001	0	sha256:ba3c1b93654820ee5460fc71d6e296483372a8f30a46748fd7ce1c5188f0552c	2
ftb-01001	0	sha256:bd99c20d386ecdb73b055ad87e32f5ef876973f303fbfa8bdfeffea65a285e3e	1
ftb-01002	0	sha256:6f3613b2400fa0a822d354ba231497bd5f90b2799be7447936d60ba4cd6e5fc2	1
ftb-01002	0	sha256:fbec9547772b3fa8d3b078c6234671c4983f4e3fe9b8f2c4e7d12e4782cbfe8c	2
ftb-01003	0	sha256:b2aab1f1d97a267d323c85aacf670d64296c42dc2d841e6255e67b2d0544261b	2
ftb-01003	0	sha256:bc0c8f1442c8c24e121fc198f56ee59843a42adeeca53954cad75e03a3d1f8cc	1
ftb-01004	0	sha256:7edce43d71ef3bd1332c48a6754db7c74a798ef282127214e133092a671c9a27	2
ftb-01004	0	sha256:8ac8b56de196b9ee7e52183303cb126b8460cc99c2650d79540ff7c748bf904c	1
ftb-01005	0	sha256:68bb59cc38b4193618d0983263ddbfb49e09904a21a7d8faed81357ed243ca78	1
ftb-01005	0	sha256:71b1217d2ac0f2e1701e4af27a5dafe904ce1f8ca6f65a6611003d3f43a81ce6	2
ftb-01006	0	sha256:008b9e30309d5dea974afdbb5729b7225d8f0680aa1c627918576d4cb629b94d	1
ftb-01006	0	sha256:781752af2d8558319b5d9a736f65071640435b65373e4117ed844564203620ac	2
ftb-01007	0	sha256:2fe01a413260f1035dc535468a1980244d21be58c97c2ed3c120bfe0c4954e41	1
ftb-01007	0	sha256:e06fa703a2521b7928f6ae24c3e42efc6bd2246f1b6388d4c88c368facd5b18b	2
ftb-01008	0	sha256:d57d725cb72fc4290c8482f41cc298ff47a180658767ae1dc61739091d8277e1	1
ftb-01008	0	sha256:eb2289d4d187f592862e32e55cdcee6239d8a48d96f7e6ab2c1cd87925261c72	2
ftb-01009	0	sha256:1c49baca0c322932dcbd9dfc05377ebf2ca91967aa131d70774214105829ecd0	1
ftb-01009	0	sha256:355c5b2e293e9be0feb513bf2b0276373d21dda1e41992ca6a6c3fe350d49753	2
ftb-01010	0	sha256:200caf938c1530294be1680b67dc1eb1a92ea6d9ccc4f964e410016d3f8a6ff1	2
ftb-01010	0	sha256:56f5c9369caa3f3f0ecf21b1d86db77e1378519d7bbf8654833ad7b309a45a18	1
ftb-01011	0	sha256:3c3f0fd69a20a5cd37db9c14225b3907b5a1d4a9b70494edc30cca4e36b91ee1	1
ftb-01011	0	sha256:4db21b2d77348e17759cbbc4c81955af1a1cc69f889739af209f633555b884fe	2
ftb-01012	0	sha256:103b61f309d5d3c6f193a731604a62ab76034dae7abbfded9de7b95d4328a9c3	2
ftb-01012	0	sha256:604fdaae0fb0ed6c2ad5d9dab135eb355bea78fec880e88b33629ea2c20e1981	1
ftb-01012	0	sha256:7455ede68a34c282e157b47548c9004e5d2330a0581d2f6027f1201c69ab79d8	1
ftb-01012	0	sha256:c5575a6177be8d3010d189d9f10f75f097354df6aa96ad4ce05e61be68a53447	2
ftb-01013	0	sha256:1606a78023565fe1da7f9378a02dd50e00c7513b0e737982695cb36b5c42f22f	2
ftb-01013	0	sha256:1b010407dde8b2cbdd7c72c50adfcb55c0f2d64794109448cf59939f50d2f23f	1
ftb-01014	0	sha256:7173614388f7146566081eab676976c4a129db93ccea478d8c74761c51841699	2
ftb-01014	0	sha256:79b461d26b76b03be822dbff6867e2a4a018a2d15c05b29e92cf5233c5c10b22	1
ftb-01015	0	sha256:1b010407dde8b2cbdd7c72c50adfcb55c0f2d64794109448cf59939f50d2f23f	1
ftb-01015	0	sha256:7a8f6fe8cc6fc7de6a8d8624c4db38463103336c3ab8044e518e04ed49bb0cbe	2
ftb-01016	0	sha256:1b010407dde8b2cbdd7c72c50adfcb55c0f2d64794109448cf59939f50d2f23f	1
ftb-01016	0	sha256:a7d10db1d0e7ea75d31c0512f3ab80db10f5a564b02c18ca8cb89ab6437b9f1a	2
ftb-01017	0	sha256:1791159530da298e0e081d0e4490f1a34b2772f8db2b5bdcac3dae73980dbeea	1
ftb-01017	0	sha256:be0f01f2af5e0ce4eea8aa5515e4e48857e0b51986d7e013d7b30b4108070a68	2
ftb-01018	0	sha256:204cd5116dbbc36df789becc7a3290d1deb27e9769292b369504c993bdea3f23	1
ftb-01018	0	sha256:f2896501ef949ba81a53d9ed650b9a394385e38ef94c12dd31f21c45897ba4bc	2
ftb-01019	0	sha256:76a934bee1b8fe2ddf3b46b9ae24c44cf5d5e8716f9676b5b0d2f74a8dbf72e4	2
ftb-01019	0	sha256:f114331c283cc01cc720c62224dfce49006da82ec6fd2d352276fe7e6bc4f1d7	1
ftb-01020	0	sha256:7ee5f0101b49c538443c391f25b6fbdb111340003de85f2b58fdb10630e3716c	2
ftb-01020	0	sha256:b38164de5a019a2877ffef27c8c70187d3014d06c8867bb8af218fb668e9e5ec	1
ftb-01021	0	sha256:64e74349d92e44acbfee8f36df33ec90cb6b5df1c3ef60898c05f02242d44563	2
ftb-01021	0	sha256:efaafb20f44d107527af02afe1284ef78f1e1b556cf1cd1de78843142ce4ad98	1
ftb-01022	0	sha256:12ce31f818e534a47b6710374e933c0896cd084dbc5aca23927d97e6654dd10f	1
ftb-01022	0	sha256:30ac1a347bfe231cad826037e0f58dac322806e42e705eb356823bfdb4b985b0	2
ftb-01023	0	sha256:44111ba8033602acbf041c3339bb74961b772e9a6d032afbe10e4b4ebc8847fc	1
ftb-01023	0	sha256:8c443736278ecf71dcead5e404609f862ac20dcf2e09cec19815db8980ddeb0b	2
ftb-01024	0	sha256:1b893c957e4e450f6289c7975776f0e971ddf67aa9794f15bb19fbdad2af52b3	2
ftb-01024	0	sha256:e576a06d5c54d01222f89fe4266c3870b53344942a38aa727a7ef32c2bff7c28	1
ftb-01025	0	sha256:6e8ea05f89ef69b9f72252aa08846b3a469af73af9f1ea16723fcee82eb01d5d	2
ftb-01025	0	sha256:d509608b9a7294fbaaaa3a3cea1bf9960731ccdadba1fcbc7cb3b7cf06b27d35	1
ftb-01026	0	sha256:c07dfed213051834698ca74b0f46b8de9c3da7017d484dcac70316bafdf05eaf	1
ftb-01026	0	sha256:d9379583fec16bce304a97b1c301b92183460753f67b4c79f4bb5acc21a6e4d3	2
ftb-01027	0	sha256:c031e6761c389b49d0352da7094e2e183bc9e315ddaf612d23205e75d8fb664c	2
ftb-01027	0	sha256:f831689c5b148a7a858ded833e9e2704a01e52a12dc31ccfc44925587240708b	1
ftb-01028	0	sha256:04033a44a7f31fcd6f13fcacbbc53104670b944a561771960aee6aeb9ae4e26c	2
ftb-01028	0	sha256:357b6500700268f9550a5a55981f480b7519c73cfe62999e22a75847324a5a88	1
ftb-01029	0	sha256:09f83f1fe3ad2dc3c9e1bdc7f3e105beab9734bc9240c0d86f12f01bc2b091d3	1
ftb-01029	0	sha256:6a52b240b013dc16eadc6b3d96c6290995dee3392ff657b290767813d424a30b	2
ftb-01030	0	sha256:10607f8c8c4590b465cc7e02aa00dcb46754f16da52a1477c7cb018b25e52609	1
ftb-01030	0	sha256:480947ee7f1584b5b0d742611a77db356127cb1e41aded453015f6d8aed106db	2
ftb-01031	0	sha256:8ae39c093557ae6bace816f2352933e221c19cd4e51a6f10cf5da8405f304cc6	1
ftb-01031	0	sha256:b9410ea125f8927fd4b5ebf3129d02941f6278ed7e2a865f2b21125d690cf44c	2
ftb-01032	0	sha256:4b505747ece138266cdecd26dfa983b0afe417c42d99c7f46f940581c8a07671	2
ftb-01032	0	sha256:cc92a037902a0c5bfbe6ec41b716f5616f4a58e924539a38ffc9fbc301b1a07f	1
ftb-01033	0	sha256:4124fbe4d4f9b3a114e363961f68d968d9dff610169d211733832bb2cf9223ce	1
ftb-01033	0	sha256:494f983e96dce546624caf5e8c567163fb315687ce5bb0f0d994abcae9d0b99e	2
ftb-01034	0	sha256:5e53e01b02e01d82c5abb25ccc6b382fbafea3486c1482efc3c7f1259d84b88d	1
ftb-01034	0	sha256:fcf56804ac91885de06106636e1bb57beaa73734c545a63a8dd794e0d78ec6e7	2
ftb-01035	0	sha256:1c3ab33e28284052f3d652e9232863a8d176f14609dc852fb3337e5430eb1061	2
ftb-01035	0	sha256:418b57baef1c0e7de0f0098f2867eb17f208b6c13a562a0db408e87a44a10073	1
ftb-01036	0	sha256:1412f7824b766c589876c0d10d1387bdb9d5af3fe418ce1415cbd3d692143638	1
ftb-01036	0	sha256:1a9dca06fb81bf4de3a2fa69144ca03741e07a2ccb3a4a35d8b9904b300b092c	2
ftb-01037	0	sha256:813ed6b63e69fb2dd6bdbb18bbab84405e323c4c222f76737abd359e8bb183cc	1
ftb-01037	0	sha256:f3081fbafa72dd1ef0c505ec127ddb5376ec42ffa30689814e4b7b45a723cd40	2
ftb-01038	0	sha256:92ac17f115052a7c204189b31f9553e73b3267b4e462c15858891c461c6a226f	1
ftb-01038	0	sha256:cbb03138cb13eb451c7a74a93afac4eaaf74ab9cb1027ac4a8c94dc1cacff385	2
ftb-01039	0	sha256:ca0f3daa374f5506642a46ea04aef2d1e968446197cde635f2a9ebb2acebb331	1
ftb-01039	0	sha256:d96d130e8d0e25d1c504136ba822695d1be415fc00c81dd68efbf3132db7b8f9	2
ftb-01040	0	sha256:c465d64d642f3a9cd3bd3e11b00f7546b69b1752c07100fb4ea75e76252715ec	1
ftb-01040	0	sha256:c6c041a1e318d07a9da8987e40c41885d86134b135c006aa016540a704c48d73	2
ftb-01041	0	sha256:6e86b4203dc66fe3fb0f1ba0b25882ad0a7ff2f4fdd0d7da8a3d67c93f32eca5	1
ftb-01041	0	sha256:f1060714aa2a35c5f7b6a48670831c2b9cf65c03b5234cfc58b67a153ec04927	2
ftb-01042	0	sha256:e268d58b7fad57d67136d7bad38a6df2c2d5f32f4b7ad691626de858242bc71b	2
ftb-01042	0	sha256:fb3edbbcbab32bb5f7246a3fb421882a9afa2f662f2e01c398503c2ee467df95	1
ftb-01043	0	sha256:1eb5e9f40be604b0c98ba2d289d1039f83556e09dd3c85735b078ab02a4b30ce	2
ftb-01043	0	sha256:ab70cca25be7ffd4357ccb037470aff2133e3b3d22e86d642e1cf0228eb9aa96	1
ftb-01045	0	sha256:b8275ebfd0532dfbd4da044efcb5420f4a5e98af64cffb0c2539a9fd2b9aba1f	2
ftb-01045	0	sha256:cd81127f03d1a72a3c53cc9034349fdef44e712d674693705e736920c95e78ae	1
ftb-01046	0	sha256:a38851eb94c971b03b1773923a119064670ddd4fd1c57fa12bad8ff77e00076e	1
ftb-01046	0	sha256:ef54726703f86ce1682b57defe7a1b89ebbaceb64d221df0f209a029f43d9654	2
ftb-01047	0	sha256:b0eb4f45850f212bd5de2047639fdc50379eecb5d1cd029953f7a86b9c04d828	2
ftb-01047	0	sha256:e4893041b4a199a493ff4990bccb9cfd2c1f76ba6556b7cf53b3592c50f00308	1
ftb-01048	0	sha256:47d364d657135b42ff05614bd02d8b31262201b182be53b8567c3eb980819b3a	1
ftb-01048	0	sha256:6287ff7b30baa13285d479af7bcc6aa3df8d0f7c5b3f6cc4e96e8edcbfc141df	2
ftb-01049	0	sha256:090000e3ead601630fa3e753e82c0ed14568e9de9d4dd4fabdf26c757c370fda	1
ftb-01049	0	sha256:16548e13b5dfb39fa7a99e6327b384d219afa6e1b91f297c9f650bfd6fc42e04	2
ftb-01051	0	sha256:abef0ace35a503d1a68959c493d44c254bc559818d3305b279ae9d97141be806	1
ftb-01051	0	sha256:ccdc5167d6286894951b9287f406762384db6d568a7445e68c530ae21a77f635	2
ftb-01053	0	sha256:4d0121a8ae094f3e9e45a832ddf04e418dd28eea9a14e6a303cf04ce807c6d00	1
ftb-01053	0	sha256:f212c51009d3820e66e329db62944cb2f5bff90f2e5a8d66411f20501026ce67	2
ftb-01054	0	sha256:56abd32eac07c16b9e20183d51aa223f35a4db86061fc361d0df7485d8a0e92a	1
ftb-01054	0	sha256:a9bef9e0ccc999b1597dd5697ff25f6cd14914f3703e4461747ca73d491e73a6	2
ftb-01055	0	sha256:abef0ace35a503d1a68959c493d44c254bc559818d3305b279ae9d97141be806	1
ftb-01055	0	sha256:eb23d96f55648ce68c7daf7d4463b031857bebfee469bfa18acfb1f35d0d67fa	2
ftb-01056	0	sha256:40c619a17f44dff84510b89f3c0eebc7f09b54d67e13fab319c78ec81376b8ac	2
ftb-01056	0	sha256:5ca9f819a69ec4776a7db3e33ea4a9715f6a5c2c5e41a4c3bfb6e91650e0e1f9	1
ftb-01057	0	sha256:27400d1844de3705a6b6872b6e871743c520b651079c85134e0dd4689b9f464d	1
ftb-01057	0	sha256:b428ffc2ead6195df7e1a747fb1d8f0f8c07c823495cb495200839ed6591f4f8	2
ftb-01058	0	sha256:b75ef2118b35ef155e4994e8218065dfcef0077ddd377035723440a228f2146d	2
ftb-01058	0	sha256:cc83f4ea1538219e4606be8832694527e0add325358cf9edd057287a00d55c9d	1
ftb-01059	0	sha256:090000e3ead601630fa3e753e82c0ed14568e9de9d4dd4fabdf26c757c370fda	1
ftb-01059	0	sha256:2407ca63686d3c64b892af441c89402c62e13bfaca616c0dc8003605f6c32a01	2
ftb-01060	0	sha256:51333c26472a55be6e7d55ea29fc0f9b22eefd7a9446bef3c265877bf98ff9d0	1
ftb-01060	0	sha256:6d3277e1cfcde1019ac1c1d57b7b506bb37ca83b815bf8ac45c60e835a8fb3a3	2
ftb-01061	0	sha256:1dcc89654e83ee76d9a252b025cdabb594465733d90b92ed5445576110578dfa	2
ftb-01061	0	sha256:e68ee00170d8542652ff80ce7282faad10fd80fda6d59cf6b8a81b081bc7f4bc	1
ftb-01062	0	sha256:0cc1aeb57cd87287ed18213f81efbbef435541589cad07f1c607d634709b0536	1
ftb-01062	0	sha256:5f459a4a7ba9d5f2f82483cd7ed9b0576f4c58ffb781515e096e5a82943e4796	2
ftb-01063	0	sha256:242c9af30e2dfcbe7ffc40d55f1120d30a5b291113ca1f59e1e4625731a72465	2
ftb-01063	0	sha256:71086a02d8d9ac456ce0433860e6338916ddf37432596b25c1f8daa590f8c2ac	1
ftb-01064	0	sha256:5a370ecaaeeb14c262958565d918fc990077ba4211475969dfcae4e8ae49e1ef	1
ftb-01064	0	sha256:9e07eb54c978447a1dd91d5bd3444d1d493be01ac25aede837e44a63cec5d9c0	2
ftb-01065	0	sha256:4760235eb44c34d2dff55312f0140c9a39345cbb946fb5b2850fa07c575e6309	1
ftb-01065	0	sha256:eefdaee9cc9715c608515d613ded17f6d7f3bf5c47bd721836589538831978cf	2
ftb-01066	0	sha256:ac2dde3f1ebebb1db28a829574ca1d1b199e79d0e33ca3e9e05400ba6e4f73e4	2
ftb-01066	0	sha256:df7a278a5187e580757620b73df1d4f785ba67c0508245be75448194d78fdb58	1
ftb-01067	0	sha256:033146d15ddbc783bbb702e346c322dba06fd2f1b292831c9f6f96ce3b5a966e	2
ftb-01067	0	sha256:62e0df21593e48db368f65b5bbe2686ea177957f9270ba05fb3cc7932eb21ccc	1
ftb-01068	0	sha256:92c2ba38b67910214c6ce5e915c2fda121b82e5d867682fba5a636b39a61091a	2
ftb-01068	0	sha256:96d718fa9f4312b6142bb0f217d00895229cd08cce8a5b45ae1609944619085f	1
ftb-01069	0	sha256:94a55cd5ceaf6f95d29d9abcb5805a51e66e11501daaa15b11d92f41a246b0ba	2
ftb-01069	0	sha256:f0fe398c0598e592f3e6c0bcd93fe6a4a18fad156a69741959fc23689c6cdbda	1
ftb-01070	0	sha256:32c00de1ba9e792091bc3ae72d7705fad12ba67bb319562856935dd38af1c871	1
ftb-01070	0	sha256:6556407b586c402047105e557bc277004d822acc497245f406a22446e92f43f2	2
ftb-01071	0	sha256:569411ae285d3ec2e72d84455311384319991feb1f9c63f1a56ee732de9b292d	1
ftb-01071	0	sha256:d8346967d18dbf0177a3ad23f1365e28ccab602a95c489ca9f7050608323c1e5	2
ftb-01072	0	sha256:95e1f65ec0c63f764f292fd60da026a5d05f0d9c4e48fbd9848769c52adfae35	2
ftb-01072	0	sha256:ecf57767d6efdf96ee50bdfb418f64312616b0289b154b301524de1b3e5c64da	1
ftb-01073	0	sha256:0cc1aeb57cd87287ed18213f81efbbef435541589cad07f1c607d634709b0536	1
ftb-01073	0	sha256:9fcb4d301f6d20f3f5bc413117937a229cb4ffd76b625aa5ea2f3530618a5891	2
ftb-01074	0	sha256:0d6ba55f9fefae2d4aba1b582cac2d6b9bc655bc726deb99abbd614ba20e1cb6	2
ftb-01074	0	sha256:3c7bf894ac90b9b902e6d7572ee4d1a0940200494085de8e7f0ceb347d861c35	1
ftb-01075	0	sha256:a38851eb94c971b03b1773923a119064670ddd4fd1c57fa12bad8ff77e00076e	1
ftb-01075	0	sha256:b34cd93226df8a5175b98b59e41149b5559094f188065e463b6763068d7b427a	2
ftb-01076	0	sha256:2caa915d6be733c04b5ba2497381f0c3423d34b31267e75932677942d9c68805	2
ftb-01076	0	sha256:f950495b32b0f729d91f7a24946e88a5e6136e13ea68b5813bd3e068acfb73c4	1
ftb-01077	0	sha256:b07dd0ecdcb1d7cd17636923d6a19b1020f3dbedff5f51d3cf733a10c3ab2dfc	1
ftb-01077	0	sha256:f3dfe5d54c137a63a68a85ab5fe836291ff052b1a1ccb1847024828b565fc9c5	2
ftb-01078	0	sha256:49d812aae41590a8ab94abeb7adffad63d1a0e19fd67aa910f130d625e84d7c5	2
ftb-01078	0	sha256:beb24a09b4143ea0459da1825aa4d6d6ff469231d692efc23371323c3d6c585c	1
ftb-01079	0	sha256:7db4541169270f1b35ab25a22350ec3230f63e9209e9aa60df1f63b6d6ccfb3f	1
ftb-01079	0	sha256:9b13d14614693adbc221a741248321864609c65817488aaab6b08091da0c44dd	2
ftb-01080	0	sha256:f92b49cf24160334decb172e020c0c0b19dc2d139fbe0d2c2db955829d6d8b0b	2
ftb-01080	0	sha256:f950495b32b0f729d91f7a24946e88a5e6136e13ea68b5813bd3e068acfb73c4	1
ftb-01081	0	sha256:1a6d43b50e6b771d5402047be71b11a9c207dc85a8e7871fd7eef46c61b5ac95	2
ftb-01081	0	sha256:4ad3538dde56a2d7bd20710e18b8744d322e07820178eafeb57410ce31a37397	1
ftb-01082	0	sha256:7d628d427648e3fec3a4480d4bef553ab9cfd27ac9946dafdd20a19ef6a49a7e	2
ftb-01082	0	sha256:f8507805fca5cf84c269815d706a5d5cf104d5620e3f7cc8c2acdf87fc8cf431	1
ftb-01083	0	sha256:c2e8f58e696b4ac3faf564f84307784493e5d6bf3e8d3df04ee32f6e670ac95b	1
ftb-01083	0	sha256:e7a8e71d3919b75246eb5ea195e892aeb01e50eec69b2d9a11a942c6f98f6361	2
ftb-01084	0	sha256:1c5791ca3a40c3b4bf209b591cfb7a41786638079bbbe0e30520daa3c74ac829	2
ftb-01084	0	sha256:c759aa86a11d2633256a143e63b49f56068c50f312a31b9280b564434540f18e	1
ftb-01085	0	sha256:bb2ec012d17ac069b7f9f762433dd197db1e91f426367f6fb45f91be52cafb33	1
ftb-01085	0	sha256:f22c7b1a8df124caaa49875bdf84e8eae5f65c0ed62dd6eea4ee46b992cd7c45	2
ftb-01086	0	sha256:4d0121a8ae094f3e9e45a832ddf04e418dd28eea9a14e6a303cf04ce807c6d00	1
ftb-01086	0	sha256:faea1f727eba722761a6d1f6c047420331f2baf906bbd5d70a0dc0cdc7318886	2
ftb-01087	0	sha256:6181a97eb833b6066e47f03afc67b5b999637c3ef35d03a39dc3267e0c00bd27	2
ftb-01087	0	sha256:e718fcfbe484bbea796f45768926cd6cdc584dcfdf2a6a8f9161baa719d986d3	1
ftb-01088	0	sha256:7d1aa249e528faa74dd2de0dc4ba3625ff82fed97b4e91bc1feeb5e9bc818e21	1
ftb-01088	0	sha256:8736e4c99242eb5709444cfd01b8e60f1670dadcc90f483aaf1c7fd66d65dd57	2
ftb-01089	0	sha256:4d8eeb1f21c721e5ceb54b5d31147482a10147ebcfb5309677cd58f0469bd2d0	1
ftb-01089	0	sha256:86ff5e9e2a760c52b3a24ba7b16493684531ee7f074b676282e3f7cba3bb9ef0	2
ftb-01090	0	sha256:1b855b47a02587006213b1c73e8ad45674701b50ae1daa3a173e91f912e24ca8	1
ftb-01090	0	sha256:451dd4a8a52a2e8f0c07517890ada47b07bc63d331f5326a987549f51f99c929	2
ftb-01091	0	sha256:55d0178380890b7cf14f8e13bb922eaf108a28e51d4f2cf6dd389e5bbd27d3c9	1
ftb-01091	0	sha256:dda7b52d1700ebdbf8a0c179e2c91818366a3faca9e417d0b461e483ef0e11cf	2
ftb-01092	0	sha256:36767ce14ff674e91100e669fb8326c4b29996badd26eec60f85d8720d6adf2a	1
ftb-01092	0	sha256:8c34b2190566089d17f9fdf62513e6c60cb51c3aa11e26b40098ebbf8c99413f	2
ftb-01093	0	sha256:7b9fa6d0dc87f804ddd5388419440717800827e58a44f58b34d440644fcd423d	2
ftb-01093	0	sha256:d08d889ae25ab1e490a8de0218a641df9ef148b3d0595cd82d71971effc9424c	1
ftb-01094	0	sha256:f53f51722b46e16282d44c6a4aaafccaed15bb10b3e66ab789e0a7a0728b0db0	2
ftb-01094	0	sha256:f8507805fca5cf84c269815d706a5d5cf104d5620e3f7cc8c2acdf87fc8cf431	1
ftb-01095	0	sha256:5194a68e9921b3367572c3733a7b567355758ba5129b7966844c3bf5cb152c9d	1
ftb-01095	0	sha256:808bcb79b93cb9c7e6cdff081bd2d08ccaa154f012e09b820a649b5b56d27d58	2
ftb-01096	0	sha256:2cf1761d291241a95c90df7762df32980ddf9aee7e332028700f7f28e94f9ecf	1
ftb-01096	0	sha256:99600e87a16d1ca2c4922acee4991f3e93215664953d134dce38c7128a7d826f	2
ftb-01097	0	sha256:5cc03c468367025ffe6cb93e7287223c2f6a371a321f5993bddd44b8dcc347b0	1
ftb-01097	0	sha256:7e732a3e2d35e2239d227cb613753b7b7b319a950102367b025b1f49d2c72bf7	2
ftb-01098	0	sha256:51c65d1cc96497f62653f505ce7f086790701a52f01ac30c62f06e228ec0a421	2
ftb-01098	0	sha256:607e24b27176a68535fc04f5e5b6c0fae56352d8fe86d4f682b85a1165ca167d	1
ftb-01099	0	sha256:3c7bf894ac90b9b902e6d7572ee4d1a0940200494085de8e7f0ceb347d861c35	1
ftb-01099	0	sha256:8820bbc42546526086dafb71bae57048a39107cd78e3f571276cafe02b40e1b5	2
ftb-01100	0	sha256:404618bde8759bb3ee37ba1a5233073df151b4eef68333045804ace341636259	2
ftb-01100	0	sha256:d393d8ec38234fd36cdc29aef1b3d4cbb4e65f6099d44dbb6f75ebd2464db4e5	1
ftb-01101	0	sha256:199075c0d1e39221509c6be2695d4043f0352e0d6e77ac71cfdbf54d572c64fd	1
ftb-01101	0	sha256:33b0c1dd1ec4de7708d73b30c81bb393206ef35bfed4020581aa21b2ffefa765	2
ftb-01102	0	sha256:cf2728e89ed4487184ab55740be737c87bf835ac2c830dba1aa3f855fdbdcd64	2
ftb-01102	0	sha256:eaaef05d9224607ca7efc68006d41821d6335686861d7f4e9413e060d1e6a176	1
ftb-01103	0	sha256:93299e5914bfb95a55c70ad940c5ea745171d2141ae92d7a5459d5ad16414b12	1
ftb-01103	0	sha256:c34bf424d4e7efa89e904d9a08df15419c5a8af6ca447798679f3acb4324b3f6	2
ftb-01104	0	sha256:99ef13cf4e05eaadf01aadc45e0f39b5696ff4d0937a600190e50a21d9a6d7d7	2
ftb-01104	0	sha256:abef0ace35a503d1a68959c493d44c254bc559818d3305b279ae9d97141be806	1
ftb-01105	0	sha256:16160c910d7f9821b02b10095c77b319d0950fcdad7ff0c2eeba88cd47dc38ea	1
ftb-01105	0	sha256:e9fb43f15c9cb07929229bf3670d6f5b3912f7b11429ec4e3a6eb202bfd19d77	2
ftb-01106	0	sha256:cfc6ac1a6ea5ec62afb4eac2246c5804848d2919d6f389e3d5a8f70ba14d64c5	2
ftb-01106	0	sha256:f950495b32b0f729d91f7a24946e88a5e6136e13ea68b5813bd3e068acfb73c4	1
ftb-01107	0	sha256:4086f02c9441adf5639401dbea0fc9db7720ac7fe490e6cd741dd580b6682753	1
ftb-01107	0	sha256:bd0540e779d2fee5c054afe11d036d4624fb6e502cc021f8795624a012145e8e	2
ftb-01108	0	sha256:1b5127b91fae9f0debe9c1d946b3a5acbd7d7e5417de45ba1e1778a39afb495d	2
ftb-01108	0	sha256:f91eccc087252c14fd4f47a37f948716e444aec0f667fa97060583176942de16	1
ftb-01109	0	sha256:959ea3ba785236f4585f1cfedba060e3d6bafccee493f7e2bb3a654524eb56dd	2
ftb-01109	0	sha256:f91eccc087252c14fd4f47a37f948716e444aec0f667fa97060583176942de16	1
ftb-01110	0	sha256:4645a792bf973b6bcbfc6ecf11c401760206316a81b7bda0149ea9ecfd0eb676	2
ftb-01110	0	sha256:cd3cf7170fce7fc855b92e28c6e2f3dc1167370439c0f5e294a16f9114e9612a	1
ftb-01111	0	sha256:78dfd1f4fc23ff44bc5c7132033ce768a8c4f20ddfb7d662b002971ae70490bf	1
ftb-01111	0	sha256:9a30ecf7b45b053ad1a5eb4e2d9977b40b5125c2ebaf355787d0ded881f86bf1	2
ftb-01112	0	sha256:31f63a771466338a7c63b682306d89ec27a0e8f53d5d12459f8eaad8be18cb83	1
ftb-01112	0	sha256:c63488c7e1adcac5823393510dea3ced094012b9a7ffe3a3e7a588d531d33c01	2
ftb-01113	0	sha256:22e280c7fecd7f76525e4679bd666c292f224e99be9f19a6e64197aa4f0f039b	2
ftb-01113	0	sha256:9e52dd02f1649b56c2f5bf7043715a7a52ab9ce15574c9c0b4f80b702f46ac26	1
ftb-01114	0	sha256:1067387c7e343b4fa2b8bf17fd04de7a9ab4dafd58c02c0b23c7f6e251e53ffc	1
ftb-01114	0	sha256:ab7e063ada8c27d471ccce32e6a6bf6756619a53f2d246f6798b10ec552e1d61	2
ftb-01115	0	sha256:2a812360be2f25e03909fbd7e8339c3b5af44cbf0c508ca8ed4e4429d40998e3	2
ftb-01115	0	sha256:f407b035bf33bbb4f51582a1bcfd45c2a0fa4f948f3efb8ee39b04e54173feb4	1
ftb-01116	0	sha256:ee805b6bcb65e594efdb636d081a0b542a69e99a8969c6977c4dda055a6bafa5	1
ftb-01116	0	sha256:f669498fdf1241b3702e2fc9dbedc7ba93db20298173565f9967122cabc9667a	2
ftb-01117	0	sha256:bb2ec012d17ac069b7f9f762433dd197db1e91f426367f6fb45f91be52cafb33	1
ftb-01117	0	sha256:c00c173c86ec7e25735a97c83ec5409622481bb050fa5567d733e2289f82dcde	2
ftb-01118	0	sha256:1c0949334fb8c7bd3c6c4e0f0f09f72798fe564f92111f169b862d9caa7118d9	2
ftb-01118	0	sha256:470b1eb1df4e6cf800c7a3ee3c707f7922e26610b179250bfb1508bb5397bec3	1
ftb-01119	0	sha256:3e50f17398023d44345938e1137fffdc2ea22a292f6743543e2becb57a5ae9db	2
ftb-01119	0	sha256:f407b035bf33bbb4f51582a1bcfd45c2a0fa4f948f3efb8ee39b04e54173feb4	1
ftb-01120	0	sha256:2beb22734646f61a711f9d718c082b8b466d7b53137926fe076e19667dc9db82	2
ftb-01120	0	sha256:d5a62469857eb7845e7acac103c26cc23b08d856a848bf94736ccb2b70c531af	1
ftb-01121	0	sha256:00d35f04b44a38f2eb9823e0eee17e95a2b13be39d9e73d9e3294642e595fdf8	1
ftb-01121	0	sha256:4a7eab6c319bb72b2aeae19fd6bc2431b5b40a412459b63cc85d832dc7d8e557	2
ftb-01122	0	sha256:9eae6632677918b3283b16b31c0c0eae0d4e2b16bfbcf093da7c08867b99d2f7	1
ftb-01122	0	sha256:9febb9da34c6d903c03da031f47382b6409a0cbd127d8ea86447b718b3432873	2
ftb-01123	0	sha256:1c230347936968ff783fc08d2a5795a334a7a9adc160d47c5b46287639e5d7a3	1
ftb-01123	0	sha256:bbbb3e29bcd548e6060724c870812d5ce46235bc78e17fa8b5a040cd17385835	2
ftb-01124	0	sha256:ef08530f3f76beacec2e2061ab25efacb9287da50239f48a99fd690d5685e94b	2
ftb-01124	0	sha256:fdc3f9969bf7895830a20a8c0cdbb1d8dd6b52783e7c8b502e45e3d6034cff81	1
ftb-01125	0	sha256:e134fb25ebd73f40454e75462d8c93c5e837715b8d2b0497f79f4f8b3f6daa49	2
ftb-01125	0	sha256:f5db3640dcb7cadd46371f246221338a0959f910ebcfe2c0c8b58245557e4254	1
ftb-01126	0	sha256:c24b2b671765cf6e1fb1f9f1a96595d2bbf0456c1a49423ce6fa53e10ca2d8ce	1
ftb-01126	0	sha256:f166f2befd57225b8ca3b1f6972b496af2d912dd1ff0e85a21124cbe8a228fbf	2
ftb-01127	0	sha256:193cf989432b16080c31f2e27a094eb8a7adbac0567b4a3bba90a83982089808	1
ftb-01127	0	sha256:3127d59d869a5a702231b3f0fcc9bdf3ae0bae25a2985d403d4f3eeb62c78514	2
ftb-01128	0	sha256:9e52dd02f1649b56c2f5bf7043715a7a52ab9ce15574c9c0b4f80b702f46ac26	1
ftb-01128	0	sha256:b53b6ea7b360a72f11b4579c8b33ac033e1fbc1e8a672012a32c574a84930003	2
ftb-01129	0	sha256:3baa11851a4baab94328d53853180fd278bc2d75678f14ea811d8c7308ee7138	2
ftb-01129	0	sha256:839302ff9f9c27e26c83ee9d4dd4f2bf945bf9fdabee672c2490967047eb05ac	1
ftb-01130	0	sha256:2ed7501c592c6da57e46c53b06a8f41462ff54b4d7984bff6466738ee8d5905d	2
ftb-01130	0	sha256:58d62590971186ed7aa529fb32d7edd36ed0bd0519c8fe2823947211700fb56a	1
ftb-01131	0	sha256:3d3061bcafcce087b957e32e4deeeb45006800274bc3ac8806020d7616740add	1
ftb-01131	0	sha256:fdd63880a0101ee43f4abc637389a231a8231161185cfde3978badfce3609956	2
ftb-01132	0	sha256:5f280e216df7a62cdd09c733f923450886b1f18e3859392e6b6c50f5c3eb0e94	1
ftb-01132	0	sha256:61cfb0208e264b84651b806bdfb469a36511ca066b820f5ca07bf339eafb06bd	2
ftb-01133	0	sha256:cdc54afcbed9d8dde0c5b5a2017f8feea0f56f281ebccf2458757789b14c2854	1
ftb-01133	0	sha256:f40ff5c00866dea60c5102ab310d48b1e7aae2b95b890ec807b3c807d4806338	2
ftb-01134	0	sha256:532df984d70a0bf480f2fe8c1caef9a9d1b90cca2c4380b108a0e7594ef82c8b	2
ftb-01134	0	sha256:87638dbe634d0859668bae1182ad6dbe6ed399238c717a39a4018794e9bd2519	1
ftb-01135	0	sha256:a4cb519b0d8d86410061435721b1206bef29a55e1d523aca42db893a1f74babf	2
ftb-01135	0	sha256:ea7fc56b0c8d629b6ce8fa2d3bbe24d488daee8508c332ad31fd4fcbb5db7578	1
ftb-01136	0	sha256:871c8e481188214cb5f94444e10ceb63afd5a52a9d22f5c69e801d41293b3c24	2
ftb-01136	0	sha256:a0388a1904fa9293e0d32dbd6c7ddea84a07a1434f0819ee2da1aa973601c6dc	1
ftb-01137	0	sha256:8f711ac8427d35527f781b7891239338cede8a6ea9c7961c5f907cc7ede9d84e	1
ftb-01137	0	sha256:ac83bb3037ec862db8ebec11aaedf03173aee20f79cbbee78d50b0a46b57faed	2
ftb-01138	0	sha256:a1320b36ea1c9ee3ece07ecfc1d69a5fee12ff37f36b4c3cd8c91bcc42742b77	1
ftb-01138	0	sha256:f85f5dcdb2aa9fbe86e8d3589f084435398c713a9e0f1d6ca63639aacae42570	2
ftb-01139	0	sha256:65335ac8ebf1ea6dca5667c10d624769ded4844eaa18399f76febd98ca614d8d	1
ftb-01139	0	sha256:888a58f48bc87bbac48a0537f14050d4ab8035197f5e28f33765c934380862d8	2
ftb-01140	0	sha256:62d4b16912bbf0e15e59ae4f4e22016a8042d2cfdef20ae1a0ef6f43ab2294c0	2
ftb-01140	0	sha256:9a9bd5cf17ce4c4bf24191a33746025edf02109ecc5fbacd0fb0524f1606419a	1
ftb-01141	0	sha256:affa3a0cd4beff2ff5d1c604df6b10ed32798f5cf39effd7da3f13dd1c381f6a	1
ftb-01141	0	sha256:bc3c7aca75a1d14378dbecdb69177aa743cdda98c0477019e3d5d0af8ce784ff	2
ftb-01142	0	sha256:756d4105d60dbc102a24077efb4c12ccb9391761dac6679132cae503960659c6	2
ftb-01142	0	sha256:fea9119d585fee6a7125dcad180779886417550a67baf5fd4ddec087bb854f06	1
ftb-01143	0	sha256:1509a969545a22617f701963dccfda891054389d531861a31baa45ef8a77cece	2
ftb-01143	0	sha256:d52ff494e0186612b654ec353c76a4e0b272f43130ee5679777db33ab84489b4	1
ftb-01144	0	sha256:0f33c8f96cedd0bd61fa1ecfabbfea6ae7d65f467279b576afa3eca50b7a6669	1
ftb-01144	0	sha256:ac94a70cc7362c0a8724d322bb3dd0e81d71dfce7055e83a51c7fba441e9d2ff	2
ftb-01145	0	sha256:53b841f678e9f48000385f9cb8096fefa42a805a2f27fad597cefbede614ede2	2
ftb-01145	0	sha256:9fa3101939bfe8ea3a66aa18c2a08289c8439fb963925d20030a5597a288b70f	1
ftb-01146	0	sha256:6c9098f56a75c0ccd30036005a96342c8fb4b175fbe48466090986a8e0938110	2
ftb-01146	0	sha256:9e52dd02f1649b56c2f5bf7043715a7a52ab9ce15574c9c0b4f80b702f46ac26	1
ftb-01147	0	sha256:684f4dec58c9add17aaf74402b025e411ff35aca9ae3a7d3d3af6e545b96bfac	1
ftb-01147	0	sha256:6d5bf4dfb97da0e8175126dcae620cea75e62c9ac30a46b79cf036b3e76a1987	2
ftb-01148	0	sha256:65335ac8ebf1ea6dca5667c10d624769ded4844eaa18399f76febd98ca614d8d	1
ftb-01148	0	sha256:f9e4b8594133d514e3f80878e2d625885881d54bbdfffc9705937c026fba962d	2
ftb-01149	0	sha256:589738861a2c27170a1b6c3d9e3b5f0114edbff27f3e362dcbed506b0c7b2ec9	2
ftb-01149	0	sha256:fcb3b0ddbe34f281aaf1e9b54df09c83fcdb1924e039b643a881678c46feb983	1
ftb-01150	0	sha256:3b293a162a42cc5e4ee419006fc92cdc8088b52279676bdcdb14898608ab80b4	2
ftb-01150	0	sha256:44dd15c471e22a8f39320a1395362bf9876d0161d3944c353889d2d9dfb69434	2
ftb-01150	0	sha256:50f6557d151bde8167677781ffc401035dae37d2f4551ca6362745223ebb20a2	1
ftb-01150	0	sha256:d19895ecc40933b9dd390b81e218b6f4cec99f7cfdd34c661bf9ca0734c5aa49	1
ftb-01151	0	sha256:dc511a03fc5a65a132f81ea637e499024418639e91d06f6abd1af8ff12bde340	1
ftb-01151	0	sha256:e2dfa667aec71ac3069a43855bfe2fddc1e1e2a91062231f79e77aeb4ec57c6c	2
ftb-01152	0	sha256:613064294a7aa689043805a112001174c1fb1144a0ab1c16bfba7ee92b15e511	2
ftb-01152	0	sha256:7133033cdeafce547f2dd5fb5706a7e3f5308aff603fe24eabda335653b4b44b	1
ftb-01153	0	sha256:5ffcbb658bd5f487616247a2a9853b704d812898e7eb45d3abd8362c59363aaa	2
ftb-01153	0	sha256:f292a93c8ccd194554176aeb6f01ddd13b49e133b63691585a460bb418400f41	1
ftb-01154	0	sha256:189384dfc2c8ba4ad62d87f18008d533976d12aa21c0ad3e3a11094a3e70ce93	2
ftb-01154	0	sha256:5f2aad9b0af4b5e80de5e08b3388669b8036fcfb7067f7020d7a47ca3118ea1f	1
ftb-01155	0	sha256:1184b0f68e27f6203622366cf621d2eea1e77b35ec9dd4ddc18fb918258cb927	2
ftb-01155	0	sha256:68fbf06ed6ecddd7378fe37c8c319795c90a71d3fa20b5223724123447649ae7	1
ftb-01156	0	sha256:adba84dec5604019c20344ab3ea369e48845b2563a1a7b6c230fee4a947880e1	2
ftb-01156	0	sha256:d49669d4fe36628c1bd561df582a38678e987a5a28465030ab0ea43288590b86	1
ftb-01157	0	sha256:9f85d929cf50c71df56edbd412adcfc4eefc585dfb8ccee343cc776ba4a34cbf	1
ftb-01157	0	sha256:a404d02065cfa8c765abed9c2b0e57ded0de3a53cd1012d9ad1bb200dcd577ad	2
ftb-01158	0	sha256:10d1a887a701ef00801910a1b3d9d00cc99f39cb194c695b51e68e1f878e217b	1
ftb-01158	0	sha256:aee2ab46508e5252440f427a29cc40ee330fe7b6cd0e45a8a1bef05f4af6cf9f	2
ftb-01159	0	sha256:af0784de8f6d3131f8243b8bce6ee69c55b948e36b439ded4796d9101a8099e3	1
ftb-01159	0	sha256:f75e5a23c614f750bd7dd50a8f9f42581bd1b00e0283e51f9efedec36e98ae30	2
ftb-01160	0	sha256:43beef0c2402c54523f6e4278df2970731181fd2dfd9c88a038059d8be05b7f0	2
ftb-01160	0	sha256:6b57a87490dd6e93280ba6467e2009187faf89bba0befc06b75bcd751d2f9495	1
ftb-01161	0	sha256:8a9cfbbf350631ea8a765e6b3b1b18c2a6204ba7044e462c76560c61cd343820	1
ftb-01161	0	sha256:f1110a9e868b0b95108f0671feb22b3d13d9a6064f3980b44f1a97ad968e5b09	2
ftb-01162	0	sha256:0adaffd32501447e0d000dce2be1982e6d693f6c2eb7dd9601aa395a03430bb0	1
ftb-01162	0	sha256:a7bb31ac5e41096c46038eb3075e3eb4d5da19362a2b498dcd3deca56be98567	2
ftb-01163	0	sha256:38fff52276d2067c24fcc4a7361da54f11420b57b97bdcee8f0ccd0316d835d8	1
ftb-01163	0	sha256:e1f2ec5a955465612a3a944650fdae880b92339aa7e54219903240db50f853dd	2
ftb-01164	0	sha256:7dfbeac1b5f55a5b58ed611b05a7f8f54fd349e1cbf9e5553d86534d9ab75ff9	1
ftb-01164	0	sha256:bced232ce59e98ab95c75bee21742cd92b59da63cc1b2fe4701aabe29a049523	2
ftb-01164	0	sha256:e91e3b8dbd9063bd90fda098a30437c8fc92971714cbb2422d26faaee1e8be08	2
ftb-01165	0	sha256:00dfc3f26c957bf90a203cbca043cf1768a84345c0150fe62d26ab3852e904cf	1
ftb-01165	0	sha256:08a1b6303f6a8040db6aebec4198f7e943270d9ae47b9ec0eaf3216e7addb06a	2
ftb-01166	0	sha256:131e8db630a8ab5f186b73f550c65d7b35264d2f9b6fe52ae12e6cf50a55fb6e	1
ftb-01166	0	sha256:ae741b7b7d58f8f3ae628ccb8d004814a6e42ae3e6842e6db29f88579dd55968	2
ftb-01167	0	sha256:367f079ae959929fd1b6318803c863fa47c97e296b07d98f93e2fcfa75f18926	1
ftb-01167	0	sha256:996c8582278a8b3fcc471c4d3274a9fc5b569c4d63505551860366031506a06e	2
ftb-01168	0	sha256:0b51f1e1bcacfd79129522a53a329a35619540a46b5a4bc8ba06c0ecfc210a56	2
ftb-01168	0	sha256:383059c5d07e714da5a860704685bbbd988276848159c8e407bc312ba79113f2	1
ftb-01169	0	sha256:24c11690900f25a17c29b830d5c9013dbe1d9e934f4739dc123abfceaadd6f1b	1
ftb-01169	0	sha256:500889584c4709c275365a6dedbbe2017ca85241076051b3419e20a3fdb149df	2
ftb-01170	0	sha256:b46c59fc384a1da6625c7aaa5fe9a5502e4a7eb645bc36ce35f5b7520649c5ed	2
ftb-01170	0	sha256:dad99d315c125a3bc488d0aca3b467f8eed04cf3402613c55dcd20aa0843ba77	1
ftb-01171	0	sha256:21f154b1c8a48dcd644f156371fb684cfa259f9ff55b4c66dab46e9e5599996c	2
ftb-01171	0	sha256:472f6077413ec4e7ebfce5939ab1b1159c21d928891be4e0e25570310152b559	1
ftb-01172	0	sha256:0e58431226f776e45f8c891b4861fd50d91b545e5ac40c1aa547277735c6ab85	1
ftb-01172	0	sha256:b5f8145100eaa5a45b4c464de519b07eaff72e991c0d0f051ad9f1db720bd2a4	2
ftb-01173	0	sha256:581879b6779c0be82704177c95372a102d66919a080a7878bd28d9c92da4cb80	2
ftb-01173	0	sha256:fbef3a0277cf7e2ba696988bfaba2c3be932fbd0511c616c8c14e94e2d9a30bc	1
ftb-01174	0	sha256:10d1a887a701ef00801910a1b3d9d00cc99f39cb194c695b51e68e1f878e217b	1
ftb-01174	0	sha256:122139de0da400a8ea3d261912bff8a89b03cb17f1ec1d2c8680b8f20c89cc72	2
ftb-01174	0	sha256:53f3d006858662ea492dc48b537c3fd651b3b07be291aff8fbfdd1787d8df99b	2
ftb-01175	0	sha256:ab671c1c7cb5935229eb0b7ee685504b2678ca668f0c4a8381cf29e5ce074ec8	1
ftb-01175	0	sha256:de94d81461f90d96d2fd6bf31bb951a068b84d2e3d2cd6907dc7e566c801fe8c	2
ftb-01176	0	sha256:6eda7b410e2df527de267f3039160546d5d3381ec3786454410987e2e2a5a843	1
ftb-01176	0	sha256:ec6f9707facf5869199148ee8dc80db3d18269256eb4933e5991f22c6a0484a5	2
ftb-01177	0	sha256:77218c1332a94a38e1962bcfc774d5a9b2140d2651d7fc8f5d0dc1ec16f84136	1
ftb-01177	0	sha256:d1d7fc45997495d892e9b3b302a72ddbf657819c6abbc859716690c9500fc07e	2
ftb-01178	0	sha256:1c230347936968ff783fc08d2a5795a334a7a9adc160d47c5b46287639e5d7a3	1
ftb-01178	0	sha256:2507cd654d546fdac708abde422f4cefa332903fe99ca3fcd25fb92731e5f53a	2
ftb-01179	0	sha256:5194a68e9921b3367572c3733a7b567355758ba5129b7966844c3bf5cb152c9d	1
ftb-01179	0	sha256:d300902c1f8fe05228c2fbe8f4769eccd4b2b37bea75c82c595a46e9fadf9487	2
ftb-01180	0	sha256:91801ec3fd79ccffaddff6bacd1e50b9ac519f4ca829354b8092bf0791cb18f2	2
ftb-01180	0	sha256:99cb3953509d18381b480345c4f305912fb8a94e75740486104d253bac7c7ac8	1
ftb-01181	0	sha256:73fac85418c3bebc90ee27a6a634b54fb99e391d287e1859452d84ef75b28e51	1
ftb-01181	0	sha256:b34ae8e668944ef60c9f07a9e1070b175da1c3220caf026362bf58eed60cc4bd	2
ftb-01182	0	sha256:31f63a771466338a7c63b682306d89ec27a0e8f53d5d12459f8eaad8be18cb83	1
ftb-01182	0	sha256:62a3bf8c5d43f5a722bad58a772414cb4f0580532b8236f63aa2a918f0bc83c8	2
ftb-01183	0	sha256:d728d442bad91bc029f9be415ba98bb17ac5ec7b9249bce9e99b67b3f7f62b0f	1
ftb-01183	0	sha256:f33529bcaf2b5b1aff0f392f9920e7f1826e250631771ad9f94431758a897060	2
ftb-01184	0	sha256:5accfd4b988a00535e97f6ee0ed51bee174267ff41faaef36bef235163412227	2
ftb-01184	0	sha256:996a3f895234595ceaf480dbfbe73ada44af4b9e4b80cbc9562c501fbf7bbfee	1
ftb-01185	0	sha256:2cfded1c6fe05611968d12216db5c0beaefd0a2458ebde8155cf0bf3ab8174ce	2
ftb-01185	0	sha256:b03a6329887c40649d111d7ef8768de98fb7341aa50d79b5936f105104b68d94	1
ftb-01186	0	sha256:2837144e4d4933849c267941a8653683482a19bbf92c1d569fd69b53486be94f	2
ftb-01186	0	sha256:70c98c180e36f0892737e9861ac74dc68f6a6716623ea4ef1a432c4e72e4cbef	1
ftb-01187	0	sha256:9860a614757875502277fa047edebb7b038df9a5807d56fea089d4c40167ddc1	1
ftb-01187	0	sha256:f924544674bc7614f2ceeb47b08edfe59d00c7cffccdf62cfc293b4ca541b6e9	2
ftb-01188	0	sha256:066066f45f1a63008f724456fd8630ea1791872015ffa68ae26b2c9f122828cf	1
ftb-01188	0	sha256:db9ff7fd9f5951a58d7e76f75650ac60d379b62e1c1fd66f9dec3eaa3a4837c2	2
ftb-01189	0	sha256:38fff52276d2067c24fcc4a7361da54f11420b57b97bdcee8f0ccd0316d835d8	1
ftb-01189	0	sha256:b5cbec0f2846d2b1d3ea6ec58a383d3f837b790f39eec9c697dd081c3692a760	2
ftb-01190	0	sha256:323b4bd99dfa7cf03f330e62aaef3c584d6220bf2f1031309b2c69b6c8558848	2
ftb-01190	0	sha256:a38851eb94c971b03b1773923a119064670ddd4fd1c57fa12bad8ff77e00076e	1
ftb-01191	0	sha256:b5764a01b6f7c8014bd7bf3f4d2698120bc678889bc0a214f072ec9226617fd9	2
ftb-01191	0	sha256:cfffe26e1abd5652dd7daadb5794aee82df70d0c0d64f170b8059a326e98e48a	1
ftb-01192	0	sha256:23c3aacd9aac6771a7625e9a2957499c901acaf738b384b4c3c9ba0f1eb25804	2
ftb-01192	0	sha256:d4f02be26353da8de2940489d042a741e5aff5f5b74df4a8783eb9212be06d87	1
ftb-01193	0	sha256:15413df4ecab22201812f101498f1e025c66619afa79937dfc0c640d632dd075	2
ftb-01193	0	sha256:24bc9a5149a0d394f0444cd0778dfcd70c5d2e950e5d1ab3ef8a7fb765e7bbd9	1
ftb-01194	0	sha256:2f3d9d9ebc7baa1871fc5b23dfd21134815a3e22808a249e7dbed0e03c673ae4	2
ftb-01194	0	sha256:a38851eb94c971b03b1773923a119064670ddd4fd1c57fa12bad8ff77e00076e	1
ftb-01195	0	sha256:590b6e71b5157d8fb43c18152597e3da31d852e4be7d72b946b5d3b3dad0abbd	1
ftb-01195	0	sha256:8f9f9f33881c0af186311cb0cf13fa35d08a07b2ca6dd19e996c6c959418cf26	2
ftb-01196	0	sha256:3d596ec98d4f75b2411fc3d49648d5a12896e6518747646c45d2d3b475e45543	2
ftb-01196	0	sha256:f0fe398c0598e592f3e6c0bcd93fe6a4a18fad156a69741959fc23689c6cdbda	1
ftb-01197	0	sha256:2d9c684d51074a5367fa5eabebd76c69dd9513eb139e701a4fc1b95e0e6fc569	2
ftb-01197	0	sha256:7d1aa249e528faa74dd2de0dc4ba3625ff82fed97b4e91bc1feeb5e9bc818e21	1
ftb-01198	0	sha256:6d3e283ed868694600f527980442ccc6b5d017a4cb29632e6e6b6a8910a4729e	1
ftb-01198	0	sha256:761fddf19aeb1438f07bb10199e6dbab109a1568825b4e9ccb83fbec8b8b0058	2
ftb-01199	0	sha256:668ae10181f26ded86f0ab8bd969c7e625193629a0f3c57abe3221019b07a712	2
ftb-01199	0	sha256:c19d0788dedf9e0d2492f01da7c2e7bfa6003f4d5a2b25dab8bae97f669653c3	1
ftb-01200	0	sha256:61197c739455173f1deda1fa1a4d56575cbe15dc0b803cf88fb42e4c3c35ccc0	2
ftb-01200	0	sha256:882007dae4e5a8c56fcc84be1ed94c4510405edc2562ef801bd01f292378d065	1
ftb-01201	0	sha256:67fc639437c5ed38a270fa0b2505859734d921fb14f1a0f0b077ba8d77701613	1
ftb-01201	0	sha256:b8aa3bab455274cac95f61346691c2324b74379403f1f1b2fad3c28dfd6f4265	2
ftb-01202	0	sha256:c13bdacffa14434a37f179bab00f16e1eaa54f026473ce109aa8eae05af8d8ab	2
ftb-01202	0	sha256:e625a31964f5eaf83f00e763ef88feb49669fda2dcb7c890a9941e0678ef397c	1
ftb-01203	0	sha256:5ad3982f247cac2d11a49c0ba6407dd72fb79ea9dd468205374b1dccf52cc871	2
ftb-01203	0	sha256:f950495b32b0f729d91f7a24946e88a5e6136e13ea68b5813bd3e068acfb73c4	1
ftb-01204	0	sha256:58a191f4c47b6386161c664e986c800a9ae6092a4f0a1ef48a268af997e5c8e8	2
ftb-01204	0	sha256:65335ac8ebf1ea6dca5667c10d624769ded4844eaa18399f76febd98ca614d8d	1
ftb-01205	0	sha256:2f04fd1b17024bd5e459a02cdb1bc3473a6f49e98f4486443bbcf8e94fc8f5f8	1
ftb-01205	0	sha256:75736e121bf98652e85f219cec70d5d3a72c0f57f31f89f2d86318f5b4fabfe9	2
ftb-01206	0	sha256:6f1a4c9c9c4530eef6a6161e9e81a5f31b51faf7dcc3d5008fcc3fcb9f4d1795	2
ftb-01206	0	sha256:f1c3440118566cd7288f23c14d30f71c366f97823519ecc862958a6ec66e2c99	1
ftb-01207	0	sha256:4f39216194636ddb986dde0f893a0f7f188110c628001cea153929732577031d	2
ftb-01207	0	sha256:9bb1da04660c0d6ddb85d157a0dfc86c26a005c91d54f8bf08150af11ff06148	1
ftb-01208	0	sha256:188179796314ca0f8b4b2a6721d805a396e39fa0b0bfe43858642b9b70a26ebb	1
ftb-01208	0	sha256:b37b3237f16acf4025c7fc639b3ea70ce012c8efb29ea5699f1928602c45f274	2
ftb-01209	0	sha256:27e9d1d497322704a176b6629a0b9d98f7c099caed9b054b0c9255f118622f86	1
ftb-01209	0	sha256:417e0734abf5c839c2c1ab3b005a87cb42d11c7de260b318ca6968c4973ef134	2
ftb-01210	0	sha256:b08ee95a44d265486d1a6dfb668601b1c8014aee3bddd959e2260ef6e2baf2fe	2
ftb-01210	0	sha256:e564fe59b217cd7584b1063897a246d6a13bebcecf60b11d0630cd2300dd0d8e	1
ftb-01211	0	sha256:20be31ae79d6da5bbae5b9237508db140762c099ad6b5d24e03745d4d372fbe3	1
ftb-01211	0	sha256:67ff6c6621ee94f06ed2e2ca5f8e87484415e97a34ad398ae68ee6de3f04c9f6	2
ftb-01212	0	sha256:04c6f4fdbaae7cfca97030f822662ea513da97d47a5c3b075ddfa97ea5d29460	2
ftb-01212	0	sha256:b85cf574cc5ac5f08f283ba1fceeec3be0262cc989007f26b68465b51de0d66a	1
ftb-01213	0	sha256:3e31cfbdf5cf1c94ef46f0b98b14dd14784c4efc4a6ecf3ba77a4f5ea597f887	2
ftb-01213	0	sha256:b9cc94dcf6edaea4e3581c39fa67bc0d905c6e81ff68ead050eb21546705c003	1
ftb-01214	0	sha256:22b449c585eec3c93ef4e3c4a47143fc20e8f3ff7136fe17188a872c819d26c7	2
ftb-01214	0	sha256:3e5c9f0bf07548f4a13694b1167f3e11bed7ebcb1ecb328cc2fbe6dec76c3351	1
ftb-01215	0	sha256:7cb46bba07c9033f9f49efa9059025cd826150a65153c8aa272c5c9e0cc17927	1
ftb-01215	0	sha256:c95bf031e517520800a518e55133ff3645689c0a3e99290891de7480ee4738e5	2
ftb-01216	0	sha256:66de8d99bbe67c04024d35dfbc82b13f1498c2ff370964401c32f8b1e971ad2f	2
ftb-01216	0	sha256:c466b5ef7fc401d47619f95fa99d6577adcfe933dd291eb0c37a8d9f9f04f8c8	1
ftb-01217	0	sha256:5e74b6b677a9fea8e23058498a2421af7c71c11e3918061c43ae59a5899b3be5	2
ftb-01217	0	sha256:beeabc9b3259217d53dbab7b8bac7210e52dea8514d9969405fea0b70c8db7fc	1
ftb-01218	0	sha256:9bb67515a58c0136ee4581ef1626808d3d92fc5193a848156215463e17061021	1
ftb-01218	0	sha256:e208cffe21c9a75e9c325d0c6c3a513cbf75de9ed1fa4e1a883586ded9f960b7	2
ftb-01219	0	sha256:70a585bedf35dfab3148c1fad52976d8e14babf3d681481e9018db5780335499	1
ftb-01219	0	sha256:9ccb920c67297127ffd8075c089dd9610fbdf17797512290e0ff15f09d53be93	2
ftb-01220	0	sha256:5ff4b493a0e0db8b6a68d3c42cae9a9f37ef66570f4b824921258092889e0ca3	2
ftb-01220	0	sha256:7d4ab4c89853dcfec33bf1c702a1a04edec60125fc77f0617437629f8db19e4c	1
ftb-01221	0	sha256:2e53ca47d217b2253b3477d03c5c18cc95fee98ae87ba1bc182eea8c9d8f1eb5	1
ftb-01221	0	sha256:d772ba42a5603bd627afc41a168e95e9aacdfa4b1365a2b052585177d807bcc7	2
ftb-01222	0	sha256:8e2a949e1bed216c4749dbb4259271bf5bcb6a2d380f9185e1f05bc83b7958f8	2
ftb-01222	0	sha256:b85e8cfcd8d0f6a214a88750d3713db76b6531a2438eddb509bfde197fc9517a	1
ftb-01223	0	sha256:358f4d157b3a700b9ec6746b2e1d2ebaea43e3abb9c77a53667ff4888bba5553	1
ftb-01223	0	sha256:50376b09ecc0afdd73be381830900b57a4ae071c6b69d44e02af7e6126ee2e42	2
ftb-01224	0	sha256:80ea156350cb9b5b11d6fa00b012ce534a3387bd73b58d2dbfbd813dd04c76fa	2
ftb-01224	0	sha256:eafd5a0ec051e3b3eea2d7bd259241be79db1e52ba73a15a94e864f94f416e5b	1
ftb-01225	0	sha256:113fbd6e48696e4a61fc80fdf1d8a5691c090a5c2ff0e77e5ee2d854612fb51e	1
ftb-01225	0	sha256:34dd57b6316404676c0f7fec2dfd0452104fab3eeb9f084ef7204896ce3b5982	2
ftb-01226	0	sha256:113fbd6e48696e4a61fc80fdf1d8a5691c090a5c2ff0e77e5ee2d854612fb51e	1
ftb-01226	0	sha256:8f010d0b37c77e0242db5f9e618ece49c205b3c22a3d3c72025d673ef1cab2b8	2
ftb-01227	0	sha256:3164d859f47cc6df1b901d64ba3ccc8ce146ce4c9826834d2a8477c02b5c4fc5	2
ftb-01227	0	sha256:457ffd85cc15148dadb2ab2e12ad5f6bf8261291e50e6797f19f1e70b351b188	1
ftb-01228	0	sha256:6ad6c373759fd76c347c4e214eb15d2b371ee3280b24d43ea2648aea6966fe7d	1
ftb-01228	0	sha256:76f347a988411108db0001d9a2b50b188d905f4ecc629b69171c5eb9d297d917	2
ftb-01229	0	sha256:19d1bd6d1cf2e2a8c313b7b62b5b98728dcaa0c1a98f0a300f9f385cfe7958d1	2
ftb-01229	0	sha256:41948d141695d3542f3dbe5d0c141a3e138ca53586ee4571a0d161e1cdfc02e6	1
ftb-01230	0	sha256:028ca045ee53c16c4482bbd74fc7055f3b165b61cfb07ddfd58d4c82d11a666b	2
ftb-01230	0	sha256:4c263d18e7a8b839ebf8dfceaa771e1ae9c92606b4b3e3f2ec3a33a79a8d588c	1
ftb-01231	0	sha256:62e000f4b2492427b9899998e2a5d6ffa748cae5f9ad0401e9facfda9e88a4de	2
ftb-01231	0	sha256:df6d033e009ec1deea8e22b93f875cbb8f0948d269c646dabbe810f2a4679c36	1
ftb-01232	0	sha256:5760f054fa5171290f04956b812b58821a0a4a7f80c8ae0f35185b2a93d37394	2
ftb-01232	0	sha256:e0d9f7939673e89522605490808a87ad56e128a32717738f255604f2559f7474	1
ftb-01233	0	sha256:b4177d91b42f9cd80e2c43fbcb054426601e4c7e6c23f308480f997b62dd170d	2
ftb-01233	0	sha256:df36e9400b92ea01e27faa307ed45519313c66d7f01d15fcc1c442f6e3277557	1
ftb-01234	0	sha256:a516344981db9ff18a8d9b9cfcf92f3657207cceafab3c2555a97970a92707e9	2
ftb-01234	0	sha256:e0d9f7939673e89522605490808a87ad56e128a32717738f255604f2559f7474	1
ftb-01235	0	sha256:b369fba07997258683136d5d84cd8e7865bfe5e289a987051c20a1735f089347	2
ftb-01235	0	sha256:bc0c8f1442c8c24e121fc198f56ee59843a42adeeca53954cad75e03a3d1f8cc	1
ftb-01236	0	sha256:0fcf12ffee63fa9d31d83f77ad0b1a5d07a4a91bc86f6010a4f088a3acf77469	2
ftb-01236	0	sha256:38a7216866b3309014081094b1c22875f833868a3a22c77e53c448ec9a07f879	1
ftb-01238	0	sha256:03039aef5d3bdb565ea4de2d92fcbf1105f056e78ea9fb8d7880d2d636079968	1
ftb-01238	0	sha256:4ff2e3069d542dffc3c7d90cbfaddb3eba8cb49df8d61cfec00fbb78f1d642c7	2
ftb-01239	0	sha256:2a8286722f12be173ab15adf7430275b043ee969fffd53919b3a4644c937eb62	1
ftb-01239	0	sha256:f55168a9a90cc70ccc05ca7944acd3e24bbc7457c8d6807cd735f417a03dcd92	2
ftb-01240	0	sha256:263b673dc90656c2906568df1985d63f00e4efc43e28a6079c80041594c6f93a	2
ftb-01240	0	sha256:dda96eac05b95f50e674288961fa755e44bbcdc5cfd9e52f47b8513d9dc33de3	1
ftb-01241	0	sha256:25b81e6dfdb3ae75ac9d29e579a5763e17cf678392fa31efdb2b5de7a4005dfb	1
ftb-01241	0	sha256:4604e27acd8ada4a58622cba51d517d11f8fde89a7cf77268f18f32b994f85e0	2
ftb-01242	0	sha256:d4f02be26353da8de2940489d042a741e5aff5f5b74df4a8783eb9212be06d87	1
ftb-01242	0	sha256:f6ee63fdca840bb3e1f07f63efea2801512ab40d19b91f6f606c4af9ae21070e	2
ftb-01243	0	sha256:4d0121a8ae094f3e9e45a832ddf04e418dd28eea9a14e6a303cf04ce807c6d00	1
ftb-01243	0	sha256:9e7799872bf5973fc233fa31f32156a9e28fdda4934c1e7be3219b6728af9cb4	2
ftb-01244	0	sha256:18484373e8e8051b233756106804b67997048f087e6079adb74b7e9bb297284e	1
ftb-01244	0	sha256:d034978c90b2bce446b3643e1976e1961fa61dc924e01866799e7aa1bb37c136	2
ftb-01245	0	sha256:354c0a65821f4e179da62d2e6c67abab2767c27a1467d50f2be45d1acf4b910b	1
ftb-01245	0	sha256:3d3a57d664932759c18aa69afe9dc59fd3905e1f362cc7196653632f3ac82221	2
ftb-01246	0	sha256:2118de91e98ed4b1bec61aa3fbc8a62643b1a416dc9af344228549d4ca1c38e8	1
ftb-01246	0	sha256:e63098a7f35e93844de933ea37ea875b1bbc48248878c29128f4423c73ee2b4f	2
ftb-01247	0	sha256:09a0d573e9fb87b43452eca0f8902fa482e05246f5dce08783cee59d63672283	2
ftb-01247	0	sha256:51333c26472a55be6e7d55ea29fc0f9b22eefd7a9446bef3c265877bf98ff9d0	1
ftb-01248	0	sha256:0b00a6c3df092e835fec5114b3e767febb6f7f4e254ae9a1658cc60e2e80d274	1
ftb-01248	0	sha256:75a04919f34a344a917f8436e683a1bf54cb4d16a6190a77063b19731f3c1fac	2
ftb-01249	0	sha256:837672f99ba6ebe2b3c195e00c1aa595064f124d4d6c14dc146d026087699636	2
ftb-01249	0	sha256:d0561fa7c9240135f9590a76b0639bd1112dd648395622c7383172b2f408725e	1
ftb-01250	0	sha256:5860c6bb0385392dff9e0683c302e3c2c115175d3a87450925e374102d8759c3	1
ftb-01250	0	sha256:c96f88d2a17659a51c631cec4994dad2d0d3ed70e3df04d786008f37fe1b79f4	2
ftb-01251	0	sha256:10a620ca8af91abfc313b3180c9d195a8b5829f42c7f447a1f338f7ba1b2f488	1
ftb-01251	0	sha256:7e157cdc964e6adf872772d6a8797e7d40e49525deabb02f6f86194b4bbb0a21	2
ftb-01252	0	sha256:42629925933acffeb529537c4903ccbb5af8a4d7053b4ebc252e13886c8e29bb	1
ftb-01252	0	sha256:f7e2b10cae394288d0b9a5c0b112db597f7986697a80fa62ceef87b856136aef	2
ftb-01253	0	sha256:6adb5a7ceb4ee786dfdad67c8792e24eab9ef969a7b0a9d54784a5220a874069	1
ftb-01253	0	sha256:d7f09e75a7459594189aa469661e89fb3ad578f3f8bf7e286b221db606b74d6e	2
ftb-01254	0	sha256:c3186fb229f27c959a8e152f60eedcdd661554089d925e6cfb8303b2903551d3	2
ftb-01254	0	sha256:cc92a037902a0c5bfbe6ec41b716f5616f4a58e924539a38ffc9fbc301b1a07f	1
ftb-01255	0	sha256:382dc7375ed3d63ebe162d7a4f3f2fd4002fff57854213620f0a5d7039015c9d	2
ftb-01255	0	sha256:fa854d66e94cf5508cf60ecc3b1fc3040a899c583f5cd67b56d96714861c9f4f	1
ftb-01256	0	sha256:1791159530da298e0e081d0e4490f1a34b2772f8db2b5bdcac3dae73980dbeea	1
ftb-01256	0	sha256:e63296d115673aae3844b03c857369231496c59b363898f8f34780a625d2dc78	2
ftb-01257	0	sha256:2f01397f5e1087371f57b3049a62e05686ee693e4d3e642c788c5e84a1a5cd53	2
ftb-01257	0	sha256:75b3ef1340761b79f9713cdda69c6569715fc38166bdcd5344f202ce6e946aa0	1
ftb-01258	0	sha256:d4cd233753164b138bb2bcf26f3f4c97fabdd7942af07fb2d31fbfafc8a20517	1
ftb-01258	0	sha256:d65e93f0ea7168cc2bfbc69e08d3b1084d5db28873a8511c302a7c8add8d78ab	2
ftb-01259	0	sha256:5eff77f2ac17262dc5cddf0473a93e66571d7898ef93479edc6e2cf1fb5cf61e	2
ftb-01259	0	sha256:62e36a1b3418396bd43aeaf7e148cae6912f48750caa5dabb2d11da9a4efa79a	1
ftb-01260	0	sha256:03b9657ff46606d582f27388e94c1b18fb9cac57d56e26e782b8df0544038e67	2
ftb-01260	0	sha256:fc109b29ac4ea5e25ee00c4aa0922d3565ac1d951b62e3b03c6ef23da8679c33	1
ftb-01261	0	sha256:16160c910d7f9821b02b10095c77b319d0950fcdad7ff0c2eeba88cd47dc38ea	1
ftb-01261	0	sha256:7c274de712077a3c58adca7dc2ad4d32585d499a6c7c71688bba9db853da4b24	2
ftb-01261	0	sha256:debf9be9fb8ab1985f55f4e5a5164f4025d58b1cbe46dfaffb73ee37e8bdb59a	1
ftb-01262	0	sha256:1a9342524968bbe7778cb7c8d838d99f2c24e2f45895742f548b1e566e446253	1
ftb-01262	0	sha256:47d9997fd6e6a42e3c52ccdddc9ba5c14baf446897c5a8053425d25d5163c1e6	2
ftb-01263	0	sha256:68116cb820bd64deb352c7c558a3dddbd5d3f4883ec7a09299d3130b3607f35e	1
ftb-01263	0	sha256:91d9439ed3c8bbd319212c5cd6dd7448bfb42dd189dc81552f024f700e36a031	2
ftb-01264	0	sha256:1fb1d5d5d6872bec0951cff1aba7c40eabedd95ee6458fedbd2423e0c0462d87	2
ftb-01264	0	sha256:6adb5a7ceb4ee786dfdad67c8792e24eab9ef969a7b0a9d54784a5220a874069	1
ftb-01265	0	sha256:67163e84ae8d3a20b8be28569b27ca9fb6ef8c3e9a8f8afdedf03bce02c1a310	2
ftb-01265	0	sha256:ca2f65281a1e19ea2f75ef6446a00d22ca3465665e96f1b5966b768d5a849ed1	1
ftb-01266	0	sha256:0b00a6c3df092e835fec5114b3e767febb6f7f4e254ae9a1658cc60e2e80d274	1
ftb-01266	0	sha256:30381d562d08f3325fdcd3a40afa3b38315c868bb1bf672dd7265f1529a3d7d2	2
ftb-01267	0	sha256:94191049a27fef23ff583126c7b944ab82d11f3ea0b78b12867fbf138a6cdfd3	2
ftb-01267	0	sha256:a85041e4613b2db9319eb53e163398c2586fe0c722bea2657cb375b09d1603e9	1
ftb-01268	0	sha256:0362f053a655709b01a98034630d462c431abde72cc5a220491c316da758f4d2	1
ftb-01268	0	sha256:ddb7c2b5069574931cf5d014166b379b95ed274a693786f5ba2f01d66dcd3658	2
ftb-01269	0	sha256:45f2217cc1158d3d7d2f807b52d782bd72bc39fac11ec7ef6d97663332bfdf31	1
ftb-01269	0	sha256:e0c349aa3fbf6dfbd7afc07612b47a1f7a133500cb5b54655ecf12987f3e0962	2
ftb-01270	0	sha256:3ba474d20d3a68197e25398490de2f7d1984122e3c7f86b13577eb085401c746	1
ftb-01270	0	sha256:7f55f361ebc4e981a7b4286f3a934f46b817e206616ec46b9b8744afc15e165a	2
ftb-01271	0	sha256:0b00a6c3df092e835fec5114b3e767febb6f7f4e254ae9a1658cc60e2e80d274	1
ftb-01271	0	sha256:e3dcdac0bcefe665744acf12a13ae52b3e38d2578fc3ef8d7efc7e309662bed7	2
ftb-01272	0	sha256:030cb0071070b528690f6b8bb4022200ef09c49b49f8eb21b5f60aa7e0577613	2
ftb-01272	0	sha256:30d3d412109be285cd5489438bc6d5f4e169a698492af08b84e4322f2efa2a0c	1
ftb-01273	0	sha256:baf2b0c737a3c6c8069b427de77d0403bdbb5a93b968f4b00554ea84992f0c0d	1
ftb-01273	0	sha256:d62ba4958ad9260433546c07f0a39fbeb8356688d86c44c681e26de105a6e6ec	2
ftb-01274	0	sha256:2ef0d589ce75b82ae97768d0d3eb04747dd2baf18f2ebe39fe68b8ed0ba67943	2
ftb-01274	0	sha256:f9788b9b2ce0bcd598b8d516e7e4aba1a32243d47c44c6f59753edf5ddbb38f5	1
ftb-01275	0	sha256:55a30cef0ab4f2368973fdb45c023ba7a2f9483a82c43fb8d7cb06026c13cac2	1
ftb-01275	0	sha256:d77ed276e0a2a78a82642a104ccc5b604f2942bab129a29385e89b5db21f41f3	2
ftb-01276	0	sha256:8f198c76006bbae4da604a08fe6d1e2439c4f84d74be02818c04c9e7bf1b33a0	1
ftb-01276	0	sha256:95f9d2503dbc6f6f0fe4e3a2ad025a63ff06b61c9f036ca2f9185b3b416a82f1	2
ftb-01277	0	sha256:45f2217cc1158d3d7d2f807b52d782bd72bc39fac11ec7ef6d97663332bfdf31	1
ftb-01277	0	sha256:cebc177ff1e1ee93b4f56b74c686ddb65b17be22ee8d6b6b47420df77dc1f459	2
ftb-01278	0	sha256:670e406db106cb27fbaa288956bfebf82661a81d0f5fcf036adff908cb9e1240	2
ftb-01278	0	sha256:6d1b4a60a995af0aac49de63fbd0c2b0b1241ed65975465eac1d1374ae94ef78	1
ftb-01279	0	sha256:0b00a6c3df092e835fec5114b3e767febb6f7f4e254ae9a1658cc60e2e80d274	1
ftb-01279	0	sha256:fe61257622863229ca20128c2a677da6d82aab8e3384e3081b92bfe0e3f93ad6	2
ftb-01280	0	sha256:49d46f1f336d8d329bc136ecb2c6170b27fbe61f0fa05f9a10131d3a32d03577	1
ftb-01280	0	sha256:da3acdebe61c65fde378ede75b63b69cd4bd463cd8b3a595a7fbe5ad971512f3	2
ftb-01281	0	sha256:41df0b6973f36ce1c4b0f7c48bd070989e7c119a3132f469c3a7501539f1e20d	2
ftb-01281	0	sha256:fa86929977103f3de12f1e47a3060df2e3980afaa80d5ceaa1bfe50e6afc0938	1
ftb-01282	0	sha256:76b28c4ca862a9022dbd977ced4f114c12824389e365bb26ed0c498a22015ea0	1
ftb-01282	0	sha256:95d6629f8048ec0fad64701b9981188b581b403fa04c7f6fc0b73cc5b5fe17df	2
ftb-01283	0	sha256:036fe2d30146fc754dacea6c281ca5275f618caa22de02754978648a89a0b3d3	2
ftb-01283	0	sha256:ffe26b9c5c7edab4807ff291019f8d53f6720e6b2786b94d9ee3fe43f9516e9d	1
ftb-01284	0	sha256:61cf2a5ebbad0390f840d333e05807bc30a50df47c94ee254c46a1e7726a7c8d	1
ftb-01284	0	sha256:802bd0af60e3b2654523438802a14a6aa4fb662e30883f56aadb7f3f2f1e9782	2
ftb-01285	0	sha256:b1af416594b141fd6e5fcd4fb0199706f05123b0e37b83d0f61e3eaffff1b039	2
ftb-01285	0	sha256:ddcddcad4584df8f2a122ac24eb6df8ebec9d18ec8d83baa8fb9d0183d19ae55	1
ftb-01286	0	sha256:23f24a78d09b28132161e86591afde7abda48ea1f652a2eef1b4b4b11dddbba5	2
ftb-01286	0	sha256:575e3d70ac915ff155d17f64bb5ce1beabfd42b954d66536634d5ec72d5a55cd	1
ftb-01287	0	sha256:9be4cf38221b274165f5ca8f5c9053aa6975fc003e72cc11b0fa95b49dad4398	1
ftb-01287	0	sha256:fe3ac0190cf5a4677ef1a01a584bb8eb722ba7b573c277394ce01de54b765290	2
ftb-01288	0	sha256:306647bd60192e552174e04e763a2dd21b97c97e8b44cb2daef86ccb938eec39	2
ftb-01288	0	sha256:607e24b27176a68535fc04f5e5b6c0fae56352d8fe86d4f682b85a1165ca167d	1
ftb-01289	0	sha256:19a85f88855fe808a66b2c0f5ecc19ef30ecafdaeebedbb81300be62854cb12d	2
ftb-01289	0	sha256:4901ca341556aa5f6c42a46ce663056ec66962a858b719f0650c0c2eeed11961	1
ftb-01290	0	sha256:ac1bca6503e46a81eae1b881a3e115a09747db9626d9e2215fce132a9cc144a2	1
ftb-01290	0	sha256:ad861914cc901e9ede9bdb1ecbd26eb0db3b8e7f567ab6f0648f1c31056100e2	2
ftb-01291	0	sha256:5441e88bf8a28f7a33380257488194e0de5cf7760b2a5749edd71c07f8665864	1
ftb-01291	0	sha256:b7db34bd0faf339792e44b39864734becdceae40c26e7e27f289732efd3f1be6	2
ftb-01291	0	sha256:e5aa6a81d9b8c16aff8708c6d7df93d8a7a5c284ec95533bda9df31246be6678	1
ftb-01292	0	sha256:8a897a7d84b18f33ee1636872f70ac78186141bb9f69fad9582b640824015501	1
ftb-01292	0	sha256:c1060fb0248ea8a4155efe6e3d91f148178cfde87fc916393def9c4f600bd0cf	2
ftb-01294	0	sha256:253740d6a7dcd0a0796a84d98f5bbb5026e102cc609c0aa847fc09eb72f062c9	1
ftb-01294	0	sha256:8c045f128fe62f5d11ba27dfb087bfd3fdf4d993f331808325b1a387a4dda952	2
ftb-01295	0	sha256:08298c720add9230b382f41f8a567c525734d6a2123d0c2f2f7d397796fcf68b	2
ftb-01295	0	sha256:fb807761fe7b1cbe4e28ab42377e80522d3d33bc9fa5509c5a4bab8047e56f70	1
ftb-01296	0	sha256:7488f15dfe1c3f2a552fe85dac3f6e30713ce3f55ef1f672e447d3522ba83963	1
ftb-01296	0	sha256:d0c95510f2e6fb9edcf2b0972d9428cdb0ab9e678987ce800b81cfe402ae23b4	2
ftb-01297	0	sha256:90db316fb99b59f35363f0f4f4a501ba247ae6b605ba71099b3beb5c41aabf65	2
ftb-01297	0	sha256:9b15bdb9b89cd0a1fb0e9bec67ba67faaf62cdf189b43f0c422c203c68981a72	1
ftb-01298	0	sha256:0389ad559ee4696a8870b10d608801d13eba56809b5b5b3645be9740ea7b8054	1
ftb-01298	0	sha256:6fadd2a5b954034866e61cfa8d551f5b84d180ff8bc441bfd8e7b31ca09571bf	2
ftb-01299	0	sha256:5875648611ea5baa757b113ea743398746437f01fe528565c8f5c4d41f3d3437	1
ftb-01299	0	sha256:f18f3c5355faee309403d87e906157f5022ef2c5872963cf088b180a0643de8c	2
ftb-01300	0	sha256:49631b14f7d6bd96d8633f036e467062b87437c3a462eb08858a82569b69bda7	1
ftb-01300	0	sha256:66bafd86e461b17645e7e007f442e718228e7bed6590683621a11e325fcf44a2	2
ftb-01301	0	sha256:6f7971b1b98460100ec8c23d40fe2f6f61c132b9e75667a925543bcd9c059b55	2
ftb-01301	0	sha256:8d195a14f16df634b341c8ea69306e8e0989479b571feb09536179124ce5123b	1
ftb-01302	0	sha256:5362796bdec802826b5405637ac969296acacc66c1975d65915bd68e0bf38072	2
ftb-01302	0	sha256:5cc03c468367025ffe6cb93e7287223c2f6a371a321f5993bddd44b8dcc347b0	1
ftb-01303	0	sha256:1bac8289d5cc2acc33888cb25913de43b4d57191c4ac2742cb5d8040ce5d2280	1
ftb-01303	0	sha256:476a2a2486b74f071a852d5fd2e4896a00d4cbaa2abaf646c5d7c172ac6db76a	2
ftb-01304	0	sha256:b1cebad4640024c8b1df79b57ebdff6082c738494a4316e949f2b2ec90cafcb1	2
ftb-01304	0	sha256:f8507805fca5cf84c269815d706a5d5cf104d5620e3f7cc8c2acdf87fc8cf431	1
ftb-01305	0	sha256:d6f11cf6dd8fa04fdb981380c2e9ae9d1d6e9b4fa56fb954326315c0a930f3dc	2
ftb-01305	0	sha256:f8507805fca5cf84c269815d706a5d5cf104d5620e3f7cc8c2acdf87fc8cf431	1
ftb-01306	0	sha256:4cf49b38ac93ea10914c8f8b2433869cf3d7a14a02d12f7b3a70708ad9b7a657	2
ftb-01306	0	sha256:5888707b49cc860ad04fb6767d36b07a6f8ca53790bfee9fe5148c4e28bbbe43	1
ftb-01306	0	sha256:a4700efe1a70da9fc13e2edfe885581f036b66141e4884b5099b14eb518f3f22	1
ftb-01307	0	sha256:39b9d6a377e91b70f6082f5722766b4c04be6b95411e11e4edec4d497a24b468	1
ftb-01307	0	sha256:a0a50bb82099e155bc76a8caa2202e1840514bf6b2f41ca1100627aee7f32d6c	2
ftb-01308	0	sha256:696e405ef95ef6af68239dcbba8b57b568faf89568313cca7c471d235186c423	1
ftb-01308	0	sha256:db178c0f0359757cd9a955270e7ab27f47ee5b3209bc4cd0aeff93f3082fe7b3	2
ftb-01309	0	sha256:1f4707e39e3730d8c22336561d4da2d6fdcef89a0f74a79123a2f988a207937c	2
ftb-01309	0	sha256:23d5244b4c6ed340bbcb705d91262692b12788ee764798b8359297e6738c2e18	1
ftb-01310	0	sha256:5db5428abeb596732fda2b0a604d1d68b549f06aa56053ec08205f90f6955322	1
ftb-01310	0	sha256:921bb4d31f8161205d2b914077b3d4ad3fe9ff248356266437274dbe20865d1f	2
ftb-01311	0	sha256:8f5d71032feab5f7eda47a830b4d2f79f429035616d667fbfa95876d7f3fdbda	2
ftb-01311	0	sha256:9b917b0e13246c53a92506cc6caf4d00cf90b5906ab6d2aef39f708fe6891953	1
ftb-01312	0	sha256:3d59ec867c779fe168eb8c8a133f861278b1944657e5cfc10c281996478e2b56	1
ftb-01312	0	sha256:8f2c43680315d78e98c3025cc275ae38e7f3ac2c26c68011151df9588d4630cb	2
ftb-01313	0	sha256:89daff1ae5ce433296735cb6a44ad6d21d3d45797dc96651b1639f597bb70578	1
ftb-01313	0	sha256:c901c1cdefaafba08f6bd51b2204fcd9a0d97f0ae33addf61fc2ee2f30eecd99	2
ftb-01314	0	sha256:611831ed63add9cb6e4516fb60a77cb80bf81f7929308e4f5f34f19fa093cd4c	1
ftb-01314	0	sha256:c3e0cab21afe51e7c0d615272de7dea03670f57fadb2d458f1f472e055cc5281	2
ftb-01315	0	sha256:45f69667fa4be0d2bfd5d7acda4dc48a63a835bd624890c20a07a470890c89bc	1
ftb-01315	0	sha256:8a1d195f20ccd1c689482045bec800c7caf77d9a915a4d4adccb1cd8c69b38cf	2
ftb-01316	0	sha256:a563cea8629a6327103abc1550252d91b3b5f404116b45048fd67096d558c757	2
ftb-01316	0	sha256:d509608b9a7294fbaaaa3a3cea1bf9960731ccdadba1fcbc7cb3b7cf06b27d35	1
ftb-01317	0	sha256:d4f02be26353da8de2940489d042a741e5aff5f5b74df4a8783eb9212be06d87	1
ftb-01317	0	sha256:ff287069efbdf030d1b14930074fd47dc08fc6b3a3c41e430ddb213713dcb23b	2
ftb-01318	0	sha256:91ae6805513da96b40c17618a1d4a9d14bc484bd5a48f077c4d9f8fad097d71d	1
ftb-01318	0	sha256:931e4947b20d1618e84a94bb108a3fc1c0b0f382043c2c4aebcbc759cc18ca96	2
ftb-01319	0	sha256:4cde9a237398b1af489622a8f762a2061d8d17bf11b1a2c6682c25eb11fb6ed5	1
ftb-01319	0	sha256:7e8a27a86f8b4c625ad68918b678f940b50ba600789bfed784fd97b06a29777a	2
ftb-01320	0	sha256:2c36c73d1e22d0b2b2cf067181d3ff88d0235ef9fa96ef3cae691b7457e6eeb2	2
ftb-01320	0	sha256:bdda695bfa32113b70af478be8cb49a11f513889be756939cd3898e161d9150e	1
ftb-01321	0	sha256:267010398c3b9475e0565cfc56f3dc13ccb7eb3e917aba1b6ef31e32774f30e9	1
ftb-01321	0	sha256:9eb8625e2e42fec5a6ebafa33d0bbf7b14ed6630b82f30715b7886b5e464dd7a	2
ftb-01322	0	sha256:5c33e5a683922d79ec065a239718277af497d860ed9df0a557276bc8949a1859	2
ftb-01322	0	sha256:653ccc4917a65098534713ea2092191f4ec2e67e067c4242ea27d3a3924a4530	1
ftb-01323	0	sha256:ca0f3daa374f5506642a46ea04aef2d1e968446197cde635f2a9ebb2acebb331	1
ftb-01323	0	sha256:f57389509756eb2cb12880f7aeaf70b43636ff2c2c42e3f11f80fe33c8e9419e	2
ftb-01324	0	sha256:163af7478b1d208bc7fa87e63875e8540abbb05a92c8331ca369afa0800a1f0b	2
ftb-01324	0	sha256:5cbab25e2dcc7d3f351ac5d03f860d657fd9b871fca9a72e6c67329b088390fa	1
ftb-01325	0	sha256:7df8ef455dfdc7284064f32c603a99a871d43339cfacfa092846fc22d404d2e8	2
ftb-01325	0	sha256:d13c1f4c9b6c2d515bab2587459ef9a5a0a205a39430046dcc4623f8c8597ce7	1
ftb-01327	0	sha256:4102f5226b8b1d6c1960687ae5676edbd2c6efe11f63569d34cc2c5a9128afe3	1
ftb-01327	0	sha256:a9faeab67ccd4edb853b7038cfc6b40410a6f47910c38491ac5d23e46cc34a10	2
ftb-01328	0	sha256:1db1bcf243d13f1464a7dc9ae8b8c462a03a7d0bf1848765cbf8d9a8e16c54b2	2
ftb-01328	0	sha256:6736067cdb2c067c97d4262150cdb9cb398817b562991389551ca17523996209	1
ftb-01329	0	sha256:a3f427df284c5dd9dd3977f84d379faad5b1f4da8bf99a90dc7c6ddfcaf5f5c4	2
ftb-01329	0	sha256:a988df035e470039237c3577d2ca23f31461fe6a3378eecb2371dc7b903b38d9	1
ftb-01330	0	sha256:e749af6ea64ae673ea7188964d88025ce3c9616fc7216e34cc649923b6f2c5cc	2
ftb-01330	0	sha256:fa635098c4cefb063514ecfbd2d34f40fff5e94030ce747aedc16b1ced5943c0	1
ftb-01331	0	sha256:b38615c5258fed94cf7a5f181a9330a482cad26c44460efa30a0adb11f8d43dd	1
ftb-01331	0	sha256:dce9b8c29975a9cf0526fadaa185be7257d25eca6168611996b2f1a9b76d568c	2
ftb-01332	0	sha256:3552d52974f0c03e8e0905ea5c1c19614f5544af83c33881a37ecc61b81007dd	2
ftb-01332	0	sha256:48c127cd6884c2df6686bedf45040fbea548289124962d4efb9f0ee4e54b0bc8	1
ftb-01333	0	sha256:5bed19481276ed8459090a87e28a2057e3adef311aeb763af86c0402d14b09ea	2
ftb-01333	0	sha256:c3d931fa9dcadfa4014dc2d3a2b0ba695e5a52e6a3cb75ba9fdff36076799bb5	1
ftb-01334	0	sha256:4d966ec99386f79d252db0ffac2fcb47f98e9fc62d5d6edcd0e1820e83f9e1a5	2
ftb-01334	0	sha256:fa4c4a502ba5d55a411dc3d5af96337c23abcad064160c0688c74126fde2f440	1
ftb-01335	0	sha256:c5ef016a0e90493b185ca340c10a6edb2989219e2979a2d1a636e0f9926a4484	2
ftb-01335	0	sha256:e0878ac1952fb709582528920c8eb45178a29a2fab61b5c84dd9c0ea6da49e62	1
ftb-01336	0	sha256:bfe2f5c83a6ebd119da45e0d9f06560674267831bb74267c25f2b883eb0cbcab	2
ftb-01336	0	sha256:f5db3640dcb7cadd46371f246221338a0959f910ebcfe2c0c8b58245557e4254	1
ftb-01337	0	sha256:10720c2790f2f36e12edfb17d197f622abcad8d68cb3ddfee64f0bd2976e57da	2
ftb-01337	0	sha256:1f7c41d3769e16092dd478ee70376b1caa45d06fc977831fd61291fb99f0cc4b	1
ftb-01338	0	sha256:1ad4414163215baa795efe2c50a4c51e8f1d9ec6ffefe992e8099a04fea587b0	1
ftb-01338	0	sha256:486a82673d8650a6ea2c6d2bf8ee69e8bcc5aa1cd0bfc93e1336a3bd5999b1f7	2
ftb-01339	0	sha256:c36ae161534dada9f94e6cd2517f5791fd2d4ec301d8c2e1af8082b6efd8cc79	2
ftb-01339	0	sha256:d509608b9a7294fbaaaa3a3cea1bf9960731ccdadba1fcbc7cb3b7cf06b27d35	1
ftb-01340	0	sha256:1468b1212e7e8e6406dfc178355b0a21d2c91e835e28efb23ef3db4e4b58bad9	1
ftb-01340	0	sha256:266984fca5824b70c6a6bd1372ceea5bb2695cf9f0ecdb004a013a5edd914f26	2
ftb-01341	0	sha256:1e1e14ce8c7313ebb67604d0b316d02306283d8e05d9dacc720b444f725b0eda	1
ftb-01341	0	sha256:f6064d4c1a3903a46bbdaf0b3a485ceded399db7591ca3266c1b20ac96cc66ac	2
ftb-01342	0	sha256:4d7ebfce81a7ea6f5d3c83b6307c829a53db6c0e657f47b14e1575bcaf847126	1
ftb-01342	0	sha256:d74022752e32e7de8b96dcf1af865e0e4eae226c8e7f78a48d3004ee9508d473	2
ftb-01343	0	sha256:2ac89effd706e2cad8f277a34cd586db5f6fac80716d87f967a8563fb1c22a67	2
ftb-01343	0	sha256:2c83a1c16d0257b208e84dc71c6f0f52a9d715946bb23a264dc46652a1abea15	1
ftb-01345	0	sha256:2bd05fd8810710371d337018a4d9e12cd7b3903500e38c6c4554074e99f66324	2
ftb-01345	0	sha256:c7390a09e4c434d49c3b044d84f8ba086467582ee7b372d6419af912669d8b38	1
ftb-01346	0	sha256:550893152046a0626ae44e6da51d5a1c690d53c256ad970b998b35354688a9a4	2
ftb-01346	0	sha256:7040131d1368b3becc964b3967aa9a16168b719fa72785de8d6fe7fe1b0aaf75	1
ftb-01348	0	sha256:3b09089a792a2ad5d0065a2485d13149ea58d1382c9b8ed3eb27d36a1df350dd	2
ftb-01348	0	sha256:feff27c42aa25f97657f7d3c8a9d5c8ada7973727dee078d633104036584728f	1
ftb-01349	0	sha256:14ecca82fa69db09b6d8062eeb1ec2427b2759f9609ae27cb064cff8f6c6cf35	2
ftb-01349	0	sha256:4b897defad916d442b8e793e011ad9a99b1040b069ca09dfc94b29f993ebd9d6	1
ftb-01350	0	sha256:0f704eeb429d1a261e292d0cee5056b92f76d337d91a2270e28bb93bc0a55b53	1
ftb-01350	0	sha256:3cb8877f226773e05843457376dbd1904f57310a191ae1a1d2f0379b24f124ad	2
ftb-01351	0	sha256:8efbca721be2d1abb01398c394901bf2749ffd5c882af0414557807b833e1c5a	1
ftb-01351	0	sha256:df7b216abd8072d92b371d2b00202ba8e195fe56dd1ab1ef419f3614a0fa3604	2
ftb-01352	0	sha256:7989e307475f8e947ea8ddfc75b6924271d61de68a813a8cd84bd3918cb01a73	1
ftb-01352	0	sha256:e4447294bf019fd13d725c1491219de922f09d0b584de47153be5cf28e32fa25	2
ftb-01353	0	sha256:953c64b89ec7064d31d18b21586310a50a54e294fde3d8b4eadb37eca1bf2aec	1
ftb-01353	0	sha256:e594282400aadfcd3be0ff37949d950279b4879b3ee5fe78d933f35219dceac9	2
ftb-01355	0	sha256:b4bfbbb333590ad2156054ad89ac7a74371ea0b014a560035dd5adabdd5c1ba9	1
ftb-01355	0	sha256:cf8669c69b594ae87b03828fbce38cedd9e020c16d2a0f8f97aa95e266eda773	2
ftb-01356	0	sha256:28b61204ff8ead7197244a0f487c2799e82faa12603eef8a79b3355b4d41113a	1
ftb-01356	0	sha256:9db412565a94069c531f4b5aab9c96af7183cb6a20e64eae83107c574a8b4abd	2
ftb-01357	0	sha256:ae3d2659622015194e9ab3bd0c984ce119af2695046fa9cd2a4edec9bb6673af	1
ftb-01357	0	sha256:efc3b596785078e3a921ca6c7ff359d9d74c9772d411f31fabdbbb649ffa7e10	2
ftb-01358	0	sha256:470b1eb1df4e6cf800c7a3ee3c707f7922e26610b179250bfb1508bb5397bec3	1
ftb-01358	0	sha256:5d1df9f8911299aab288bbc382ec2b3a0628a7884a0987aeb52c85b6c03a2eeb	2
ftb-01359	0	sha256:53f699a8460df46eee1c50f2d2be1c8bdb763337b2c2662c979bec685fbf9c32	2
ftb-01359	0	sha256:b0af45b88461c2b1e8d5686c53a8afc1bcc081b45303973a9a46c390f0d1bb94	1
ftb-01360	0	sha256:2113b76622c0c0ea2e30514e0fb820632e32c28185343682ae1887a1d5e8a1b1	2
ftb-01360	0	sha256:e599d30abf6456b231a11f91e6edb12dc94205337fc56fbc85e8b21e007b7a6f	1
ftb-01361	0	sha256:0965ab290422f35bc925cd35f76fe3f18daf64b048c81dc2756a0752a365e483	2
ftb-01361	0	sha256:6b7eb60e26252b3b55a0c277b887a72eb84f696a89d019ccc32645782944f863	1
ftb-01362	0	sha256:801f47dc3d801a654dcdc25b450df55cf322fa602f64af9e12dbf820e80498b4	1
ftb-01362	0	sha256:921c3ea261be2eb8765d36926b348b848708d60d3a4a080a46e3bb31b510ac17	2
ftb-01363	0	sha256:5fb3d8f366f01a57f4636dd8cac11604846df9b560d8872b5433e7d999ae6562	1
ftb-01363	0	sha256:7485d0386884dba9ef2cab9b40008b1e5f762cc725e822d8bbf3519325afeb81	2
ftb-01364	0	sha256:2a1d1a97b32cebf819f275820aeae25646af0c0e5cf55ad74622794bed5c059e	2
ftb-01364	0	sha256:dfe6afd9422ec5b1c852ed93d722791d45d76f8a432ba157e8042e7a318243de	1
ftb-01365	0	sha256:1306b4bda91d723e38deb4aae4f92d78d6db9c9fdb1d44fa45093890983e0c40	1
ftb-01365	0	sha256:e870b5d60e0ae413633f2fdb216f02b5e6b86170a2d6e652274edb5b274580fa	2
ftb-01366	0	sha256:158228ed0e1861daea20057ae6ccf7dc67827fbca66574e3c355a4ccd8cb662f	1
ftb-01366	0	sha256:cd4e601a3e6e2e98d468a23f5b8f515fce27702c7fa14a1a8e25db355a0307fa	2
ftb-01367	0	sha256:8232dba6c71a47f3ac29c6b2ac0096291f785d144f661547115da9bdf656105c	2
ftb-01367	0	sha256:a1c33047620591634299938eb1dfbf975fe97d31fb92f7161c67cc2003d115c9	1
ftb-01368	0	sha256:7bc9c08f6f27af7279784c34bace44836e61260ae83b99ed17277f84d19db271	2
ftb-01368	0	sha256:7d4ab4c89853dcfec33bf1c702a1a04edec60125fc77f0617437629f8db19e4c	1
ftb-01369	0	sha256:3540f00b8911ceb4a9e5433d707778097b5cf8d2f7a6e696b35b20760e69088d	2
ftb-01369	0	sha256:eb1249045657cad443f5d632ec77371668e4d25b589698901870fc311618b6e9	1
ftb-01370	0	sha256:01a5cb0e92a02663bf5b05814c0f688212a693a9ae2c23d432d9e2b7332c076e	1
ftb-01370	0	sha256:e864f02dffb37a725c5aa1fa48b412ecb90c3ed6c917e433497f5a53c30b1a46	2
ftb-01371	0	sha256:470b1eb1df4e6cf800c7a3ee3c707f7922e26610b179250bfb1508bb5397bec3	1
ftb-01371	0	sha256:7a7d70a7302efcceca714c154f62987ec4fa770b2856181195a8bcc8a1450786	2
ftb-01372	0	sha256:18f42558382f2722a076ac5636bea593ec8704ae6a0681ceca840325a91d8364	1
ftb-01372	0	sha256:d7cf656448dc5e21d45bee175590143cee8aa1bfac39f1527ef7bcc77fb15df5	2
ftb-01373	0	sha256:6d50f0dc9595b25507e00b767a5317357a9fa9b2392960d7b42dbf764b367ae1	1
ftb-01373	0	sha256:c4441d97adc469ea5418abbb16afb04985e92db01ab3ec885b5f4ae30c70bea6	2
ftb-01374	0	sha256:46dd54058fbf664b03efc08090930e9d15d078464a93dc47dc74fbc6bdc6a64a	1
ftb-01374	0	sha256:4a200d6eaedf093ebd1faa5035220badd32892fbb296f70d11940f53157e116c	1
ftb-01374	0	sha256:7c11f424e8416608775295e6a82793826a85f880e38e65b02eb8080a49a9fb51	2
ftb-01378	0	sha256:9a6b9cf81d517ae5ce2b8787f80c08762cf522ddd3c940f15bfa732ea867bcf4	1
ftb-01378	0	sha256:9c85f8d8a0b15efe7fe3e2058a57ebfabda2db728a4ef287ffe577853bf12d2f	2
ftb-01379	0	sha256:5240b5867384b0e2ed515e83cd0d1f19ce2709c1a61f5d57d756da4d68359a24	2
ftb-01379	0	sha256:5f32c8a80ca3354779775a0bd73231f0c8eb7286c9570ea7a7be5770e6ef5e49	1
ftb-01380	0	sha256:599e3a87bee36d599f696786d9f71795ccd938d69d76c3b3fbe0d9050cba7a12	1
ftb-01380	0	sha256:98b5135195ca8b731526b48d16d0bad30f60bb56b0845ea7fe76d9ad22bdcd7b	2
ftb-01381	0	sha256:3cf05314cb923a0540539ce8e03abc7d36fb9191739225cb6bdd00960f915975	2
ftb-01381	0	sha256:51918ce8519af36459908ff490b000cd373ca093c810fba2b23cc42126f46d7e	1
ftb-01382	0	sha256:bc88506faf3e0acdb95ca414574286eaa2e0c3f4e9fd75b7ea63a7cd044420df	2
ftb-01382	0	sha256:e549a4eaa70147497ced670de067c78f9e84fb2c14b312d174383149db18b754	1
ftb-01383	0	sha256:5e2c51bbde0f828447461f0dbce83faf7d6a07d68542bb1d3106b8f55594d662	2
ftb-01383	0	sha256:eafcef4cb244357e203a5920a6cdee51fda759639fa10933a539655ea1d3011b	1
ftb-01384	0	sha256:10648fae6f6690ff69aa0095b4f033e647802e740e040db5117c727c57e49fc1	1
ftb-01384	0	sha256:e3d6d718dda28a9d9d3d0a4e94e228ee6d3501122e05afd74b889d714e36caf9	2
ftb-01385	0	sha256:9a9bd5cf17ce4c4bf24191a33746025edf02109ecc5fbacd0fb0524f1606419a	1
ftb-01385	0	sha256:e7a813bfbb7213a0e24de0ce42d961489eccbfc4c7cffc849bd1f2893d8ddf19	2
ftb-01386	0	sha256:964cbc0e1d0f418205e181aa0fba06bb4ca54c992691c2cd5a1b1bda33899a10	2
ftb-01386	0	sha256:aab0d92b518e502cdf20a68d9095dcb43f77a936b4344d3a0e6e4aa907ffec30	1
ftb-01387	0	sha256:48b1b8bf00defb23aee60037f5c5a06f58c8281d7b0756ba7c2d298780cf0d90	1
ftb-01387	0	sha256:494e378a93136631a6999184fd1f8cd9ef6b7f8e8cfd7b6401fd883ff77e05d4	2
ftb-01388	0	sha256:48eaab9cd64e20bf0d8ad31c29b08d45c7349b8ac9e8057d0454cf93c3b1cf72	1
ftb-01388	0	sha256:e31019971c9d509cce9f2f9b1bcb0c681805be687cb73c632c641a053d549983	2
ftb-01389	0	sha256:0305a35c0cb6bfa84355bbb25f26c3c0c735dfea07ce35b5755c06f17695e2fb	1
ftb-01389	0	sha256:624341d9493422480cac1e9148c41aa9c6fd54545f13dec7925f912f8b513c1e	2
ftb-01390	0	sha256:02e650255c793cb1a1b9e8390514791acde6236046c7d7d571acbe1d90a81081	1
ftb-01390	0	sha256:176def0a4ca06ac9e0b08486edd7d8dcb3e887daef9f08cc675bdc4b1f5ca939	2
ftb-01391	0	sha256:3a6392c3aec53176672490cd54c5a017560749c2bbcaefa450e50b8ff3940404	2
ftb-01391	0	sha256:4faed0af66bdd1852130953a15cf2e8dca9602a2c0016a9470206a7b61e0fb60	1
ftb-01392	0	sha256:0b2703d881e79ffd7cae705dc4c69ae3a5c5a20a46aeec0eae84df958b17af57	2
ftb-01392	0	sha256:7a98957bfdaed59e15c6099b6a5d15b7d5eefd95b0e5790b7cbc6d1c2a7faf62	1
ftb-01393	0	sha256:ac1bca6503e46a81eae1b881a3e115a09747db9626d9e2215fce132a9cc144a2	1
ftb-01393	0	sha256:ee88015ad204d293014a07fae1e4228c19c87770b83be11d35e250d5250fbc02	2
ftb-01394	0	sha256:66e0cc78893f7c758d2908e6a7e32995c2b180e5b81478b7e20871b2384d3297	1
ftb-01394	0	sha256:9e9429416a93dea4054685c760a137d7db8eaa0ffd3670f1241287255876ddb4	2
ftb-01395	0	sha256:19238af9cac6ce25fd3a630e403ad70c8797e80e92ef17811b930a91a0bfbe81	1
ftb-01395	0	sha256:82ad35d5eb9d093bdd40fa413ea7500e1bcb800e919d3858afb2ead2feed913d	2
ftb-01396	0	sha256:375f55ffcd094c6fc09b0ba799b8275374081c9aec55fc3c9e0cab0939507868	2
ftb-01396	0	sha256:606a933685039e1237c447301337c017c50168940e80a8add3454a2b5b4255eb	1
ftb-01397	0	sha256:f2d334391f9c15bf513bb31af6ea3eb5c64119b088276406928386bacdc8fe3e	2
ftb-01397	0	sha256:f71997bcd47589d9cb6630231f33d60b114ee7e518c7e756da6bbfdb72c31879	1
ftb-01398	0	sha256:e5e0d3de4590b5635f91f915f11822b912109849b2001f736ea5ef242fa61af3	1
ftb-01398	0	sha256:f48ac65947e0b41dc459fe8fa9663a155b5af8a4388b95cd2e74f5692e42207b	2
ftb-01399	0	sha256:60ceee37a88d06f9c7e6fffb627e970d3a502a09877f0d4db2344e32f91c46da	1
ftb-01399	0	sha256:a37cbfa91058e9a1cb6c7d06e13cbfbca6025f0dbb11ffa86d6851671f3c26c9	1
ftb-01399	0	sha256:bf9b1f21546b200a09f359a5dab08d7091fe4903af5bd376b231ca3ebc514661	2
ftb-01403	0	sha256:783f2b60cf6e789154c62ea90dd09c2c805180177eb0f5ae3c6b9492eacc99d8	1
ftb-01403	0	sha256:83d205e7a4e7bf3cc0b37cd0163a292c696f95be5ff37c5cbc54f1a0af06777d	2
ftb-01404	0	sha256:04f58df212308874357992309379b9b8ba3dc72abd7c7b46f289e42652e4f1e9	2
ftb-01404	0	sha256:0e79b37ce2379b5c2d9e24d69dab7ba6f653a807257a12b2fc576fd5d44351ef	1
ftb-01405	0	sha256:1baeca571d39eedcf12ba6680141516487b4e66f94738109a0858aaede03ec7d	1
ftb-01405	0	sha256:7d025e3d6a14d8c5e829102c1c7f00be6d8bbf5f421133fee29fbcf1a490b366	2
ftb-01406	0	sha256:3ce2c0255a3242a7fa4f8b8dc34c8ca9552628aab376ebd2522735127ca5b149	2
ftb-01406	0	sha256:f58a66eacf6237e48aa32e547c0a17b7d187e249f85ea5d80282784a6d1d12de	1
ftb-01407	0	sha256:538bdfb63e939ad88864f639ce108709990a459b7d6e058b0e3901ec9c58a0b7	1
ftb-01407	0	sha256:b96e588d13cf397a123c86bf9854b70171d7a2401ac3cd047ef8065670f443c0	2
ftb-01408	0	sha256:554e2e9c60a6c4a9f5a8a1e7839d5aa487f1cf8b2127775d4f002cd54be918f7	1
ftb-01408	0	sha256:6cb729001a0c57f00d829087a7121446dc3d8f1aec7d37d79f0e8ae5f9a7f6df	2
ftb-01409	0	sha256:5915620004778e4d23c7b3080fd72705637d09e616bdb677be99ff8631895007	1
ftb-01409	0	sha256:8259bc0a14c267dc6f08a69dfa0de74fcbcf8d80b9d729e1c8563b85d1c5bffe	2
ftb-01410	0	sha256:139b33e5b90c413a06870f4bb8c45351336bbbf9551bcb5e279c90355d68a9f6	1
ftb-01410	0	sha256:3bb4485a6437dd71b39b15c54034322f546ee07909664a93e2484e7a4930d1e7	2
ftb-01412	0	sha256:8be662d728a9a2997f6eae9915ba5f818d689815f555593006a3ed35a6cc063b	2
ftb-01412	0	sha256:99b5ac9bf77378df1cb927fa36ac8db8970bd80bdd8a157b23c5e3d86306e36c	1
ftb-01414	0	sha256:30a856008b4f544e058c0055c5ae1394e6dce5829fe0944b0f15c588a8020823	1
ftb-01414	0	sha256:80d933d2366e32e992395e0a5f52530f4d4d5214f66fd68ef19352a3a2728391	2
ftb-01415	0	sha256:011afac610ce5de009a80c884f3b9a4fb34e94098d91f860c41974c3e389f9a9	2
ftb-01415	0	sha256:4cde9a237398b1af489622a8f762a2061d8d17bf11b1a2c6682c25eb11fb6ed5	1
ftb-01416	0	sha256:08555b54489ba026abfd6b06ea5c58cc3b3a434606695f0b8f8cbb7564ffeda0	1
ftb-01416	0	sha256:e80a11209795a7d819bed08eb4b19ad892ad956ffab34258363da990923f9a72	2
ftb-01417	0	sha256:2a36ce2e9192a839beaa9ccfb9586679e31ec2287887edbbca95738dba1461cb	1
ftb-01417	0	sha256:94541a8bc4c3f72f52fcb6a7113b059cf7c4f2e23e4dabd2cf06d9e99c7ffdc7	2
ftb-01418	0	sha256:7e7214263e21f78926bae5c095ef9534dcdafd385e1146fc5ef876aa90babbd9	1
ftb-01418	0	sha256:96af999b1972a290e1d4727514c04100111eae740a2b7f3da7bf9837918f73c6	2
ftb-01419	0	sha256:a52875e0c3abb96ea0a9ad5fae9e77ca2db8b88221b6a72abd8afc94d049eaf5	1
ftb-01419	0	sha256:fb1322fbc632708fa6a873673dd08e475180a5620338058fb523276f7e6eb26e	2
ftb-01420	0	sha256:667358c5f364acb17eb0fb4403776313c48e7217d0358c0746a6514a0fddf07b	2
ftb-01420	0	sha256:68b7bb0071db7dd00fc81b844a058b9dfaac70e86fa7c3d0eb83235e5f4844ad	1
ftb-01421	0	sha256:b5c023ee48e1f09826ce744e428264db6ef72067995c43892f152f37ca2cf66f	1
ftb-01421	0	sha256:ceb76b722dfffba65d69e876c79c81d220f9e2315d5850578fe0929d96000bbc	2
ftb-01422	0	sha256:9f2f1280c00d0f0765d7419b355412f3d954a6821154c850e6e565a7ffd58210	1
ftb-01422	0	sha256:e284b47e66ab1379a3707a0929eddccda6baba8fc11103e7a3fb56a1efc940e7	2
ftb-01423	0	sha256:0b0055faecd5ea8a9fd00526226cddc60b879a39e1da9c331741186e2bb85d04	2
ftb-01423	0	sha256:cfff5a2973d335ec1eec51e1435530290616c4e5e6d37da89880feec5bd1abc1	1
ftb-01424	0	sha256:18eaee5af987f042cd690e7811c88562e1d2efb88b231b0f9988476e8451b706	2
ftb-01424	0	sha256:c2c2b2c22303f8be46be816f3142aa9ac64e32739f7fe0b2a73610017ac8f855	1
ftb-01425	0	sha256:2a2098a8903a8cb670f03ba38c79795860d456cd041206264800092b2f79476e	2
ftb-01425	0	sha256:642919283475e52ed4427dd559fd670830f1b00e9306073335b15298ab628eca	1
ftb-01426	0	sha256:668462ecdca04c654ad9078db28feb533a5f204f35ae5aa94142218f7d1a1a90	2
ftb-01426	0	sha256:b5c023ee48e1f09826ce744e428264db6ef72067995c43892f152f37ca2cf66f	1
ftb-01427	0	sha256:6a167dab7c685300d0c19ffdddcac94a084654e9ab6000b2ec4e4ec88a8c1e99	1
ftb-01427	0	sha256:d63cbf108af1f05834eee1386009ece9bf1cf221eb8e14bbe3d8d80f64534bfa	2
ftb-01428	0	sha256:20ddb2426d84dfbbbdee3760011991fa308a3d35d36ea3c4b74fc76d3900a35e	2
ftb-01428	0	sha256:684a03962d0f5c23f94c803f5b6eb0834460d59409f15e83831bef73d2bc713a	1
ftb-01429	0	sha256:3eb86d52be8e5319fdb0b64b00b5247558864d242c2e4cf6b812f5baf943c215	1
ftb-01429	0	sha256:7a63ef969801115a695f5464fcc3883c1cf540787bf6db1d4af9d008aa21ed93	2
ftb-01430	0	sha256:39e709a42fdc437bd80bd0b43663f88ece24c78c93130488ee3ab747ce48030a	1
ftb-01430	0	sha256:e572d8ad2dd9d1240ace1f0c2e3acac4ea18140e88d58e7415cc61b3933c8c3d	2
ftb-01431	0	sha256:73d9b61a541bee68c1e96e9014e35d0baf737e5d37fefd9a36ff4b2179e78ebe	1
ftb-01431	0	sha256:c2eac21f2aea6155d01313e1292581996b0d0ca57b64719442359daf284f118a	2
ftb-01432	0	sha256:41060e6bc9d00f5a8267b1ac9088e106fad86892a6792c3c2c66baf3ba74a310	1
ftb-01432	0	sha256:c24f4a18cbdec60fe8a49b30135baa9f85f2820c442ec65fd32220da90eeaef4	2
ftb-01433	0	sha256:69ae88c7a959926254897b6e954aa95a145eb372859f9189074f8c7485bcc5eb	2
ftb-01433	0	sha256:79c0c33fd885133888b3b11479da0fcba480cf4f5a25a1ace8475d702c05aafd	1
ftb-01434	0	sha256:0e61f32890e96a8d4fcf931acca281a2849116b0cd826f33122d7fa6ba6af80b	2
ftb-01434	0	sha256:263b6e9115e21fea79f617d57fd6fbc7ddfd0c72c81b703df248c684ecadeefe	1
ftb-01435	0	sha256:33190301fbd30f210295a5302b0c72507f1d30a3ad662767bf038d73b6aa2604	2
ftb-01435	0	sha256:e2127734577c376216086d9a717d9dd517ea9a0c3641cf7a0633f962989d503b	1
ftb-01436	0	sha256:0b7382083f441db6cc30e1c80f878ad1acd1144b74d16e5aea3bd5e1c064c6ab	1
ftb-01436	0	sha256:c0aac95b092a1ad5b31927cc2761ac53754ab8062ce912615a3ddbda44f355fa	2
ftb-01437	0	sha256:0a0c0d5a136b3f055c8d2a5f6075fb9544c6aaa624a2084c10967cc8ef587e02	2
ftb-01437	0	sha256:6cb9d6d661516b6c29fb1cb85b21ed1b5256f453265fe104266b4abac627fef7	1
ftb-01438	0	sha256:8d8e139fcc3d960cbe572ef405c7b5505e0a6aeaee932634c7368c0025c7a1ba	2
ftb-01438	0	sha256:f093ef13471066035faceeedf60732cbf1bbc66df7e0e9fe7e151069922dbba6	1
ftb-01439	0	sha256:acae982170e7276eb41849d00e22475535a42590bf80773f618c2a5f134052f7	2
ftb-01439	0	sha256:bb8c5c744dbe279a43017bf2c35e911176b262951b8843432dca6a81339b56ec	1
ftb-01440	0	sha256:3c859e602f9c4b0d9c16f614aa441228366303d35bd408e94c2e8901ce35f6d4	1
ftb-01440	0	sha256:c70c5b634f7bf00e41a72ab9a3b6319c6b5737a3b1acfffe738f2fb29e32b3d0	2
ftb-01441	0	sha256:6c8ed6eaf4a4100a90a5ddd1b13ff827ddce4c7c71b50dd610175e143e76e4ff	2
ftb-01441	0	sha256:abe3ecdce31313c5dddee6ca2945ee3ecaae0621cf4debde48783bc3ba6327ca	1
ftb-01442	0	sha256:14e18ae3ea3a72ac95bdae7b0e7099e461506681f9c0372f804ad8547217fd82	2
ftb-01442	0	sha256:39e709a42fdc437bd80bd0b43663f88ece24c78c93130488ee3ab747ce48030a	1
ftb-01443	0	sha256:1870a87c65bb6bf19cc273487819537c92ea22411e4625131f7be9940155c02d	2
ftb-01443	0	sha256:56a3b85b9fa1088474ab25a7330b3b84b913ec32324d8452f173bd2739ba4a0b	1
ftb-01444	0	sha256:5f900f3ab435960ae23449afbb7a89e80e4f7a77be4f822da50a762a92a164b6	1
ftb-01444	0	sha256:e3566048c7d900c42733ad7b49fcb6b1a8e807e0720d204a0f8cc44111956ce5	2
ftb-01445	0	sha256:7e371a8bfb5d20fc1facaa073a71fdfeb17c0564117e2129c2a89128876b766e	2
ftb-01445	0	sha256:85697ce964b034f58ea8e304051e22d87347b23a1d7d3b3eb62abbc0b2a6e367	1
ftb-01446	0	sha256:0e48506c837e799299d09e94e137529dc8a70406241b0dcf183542b89811b0af	1
ftb-01446	0	sha256:e729ce759182725eaf0434a4ee2c0eccd3d0dbb85706f50e948b39828f61684c	2
ftb-01447	0	sha256:a104ca23ca2d8238a16469ec37dc209d736d3d15b589fb72f1feae9063af11f7	1
ftb-01447	0	sha256:c42e64993b2997ebc247ae3d0666e99bdb4950711345ad8be3f45e39f98e907a	2
ftb-01448	0	sha256:1fe12856d1436efa536d98f0fb1d391fbb30db281f8bc0c9bcc91695000b3a7b	1
ftb-01448	0	sha256:74c19853d9de8f11f3840edec9c6632fd38486f5749f9620c689c11d13a9b440	2
ftb-01449	0	sha256:9476ead92ae246e6f0c3a57540d3008185be2e1ac8f71eff5015bd61fcfb48be	2
ftb-01449	0	sha256:f1c838fdceda0db2a7df6f3e7b532a7f0f1c1a74abed6d4ce91b9e15921ae84c	1
ftb-01450	0	sha256:5dbf4b3ced66f251494aca3cef892753f0cfba9d6c6cc4fd2749c711e8bbea52	2
ftb-01450	0	sha256:d577c735ed2c832d889702ac6bc02e27d31de777ecd2d5e97e46e5572e0feaf2	1
ftb-01451	0	sha256:1fe12856d1436efa536d98f0fb1d391fbb30db281f8bc0c9bcc91695000b3a7b	1
ftb-01451	0	sha256:27fea4c28e153db41c48635e8c82e74e2dc05d84565757fc140854ed8bbf90b8	2
ftb-01453	0	sha256:55d5ea3d8b390e13e68ab9253865f4ac3ffc3409a8e9fcfc60755c151f6aaaed	2
ftb-01453	0	sha256:adf173bc7d9e62bac34df032744d8d68488e2ed6d72fb6b007223edc7d58c862	1
ftb-01454	0	sha256:38c3b515c3730d37254c52fdff277e108b21a212089c3b8310f8465854203d18	2
ftb-01454	0	sha256:f56b8dedffb87492d7c90c1ba3cdc250de52db7e14d66106f9061703491727ee	1
ftb-01456	0	sha256:2b8d913697ea198f1c3ca3afd20a448a3df928e8c821499590d074c629b46a5d	1
ftb-01456	0	sha256:409ec4cf3c2ea050788b596cc887ffae6b7bdd910aa72be6b5ba7fdbd052faa9	2
ftb-01457	0	sha256:5778a7656ec1e92bfa1123fddea7443412cdc14984b4ffeec77b681e52ee3e63	2
ftb-01457	0	sha256:ca1aeaa764561747c1852279b5010f39026c3e39deba2a991ca974aabcd1c342	1
ftb-01458	0	sha256:e583916e21fddf7205f5a289dc4a8524826292d0b8ac7a7894a45a2373f6bf5d	2
ftb-01458	0	sha256:f19a2181be081ce1b96b5c2cc327a9ab86df4198b8f6f8611e3fc27067dc22e1	1
ftb-01459	0	sha256:65845188f43ebf26867e9ae03fe8d0963fc65f59c4443268f71dd98514c2e543	2
ftb-01459	0	sha256:f7b60f6aef2613719e9ac15c72b62396e1cf82e6dabc5b0d7accb5b40e099ba8	1
ftb-01460	0	sha256:6cc18ac178a2a3fa3e3cdb6393d96144bde0cee3c33176875fc555ca2ca75dda	1
ftb-01460	0	sha256:8e1fd919b0662a5b99e56bd5745b2bfacbd859c90e5d6afbc5402147b6220b87	2
ftb-01462	0	sha256:4f7ce5107ef9f503615e2ed9101bfbe2d12a7f1fd0bc893b8c1a6d3cb26c857c	1
ftb-01462	0	sha256:d0de2f49214d8e31da9c852e349f3f5e986a7f38cad42bbaee69991078042e12	2
ftb-01463	0	sha256:22e729c62b8770e6e7a0610e0afab77f44d0dada529cf4a0fdb046d21766b782	2
ftb-01463	0	sha256:472f6077413ec4e7ebfce5939ab1b1159c21d928891be4e0e25570310152b559	1
ftb-01464	0	sha256:bfe88d93c4c94aa625b9686151d6418f5d3b4aba9d035020e6a06448bec25c46	2
ftb-01464	0	sha256:fbef3a0277cf7e2ba696988bfaba2c3be932fbd0511c616c8c14e94e2d9a30bc	1
ftb-01466	0	sha256:0c84d150cbbdb3010f5084c17751b3a4bc3996dbd2c99f0c902564213b12919b	2
ftb-01466	0	sha256:c0f18d398c729c1fbc4ba8c0f2554de0109f8c9f75d0c2ab80da31669d0b8bd9	1
ftb-01467	0	sha256:0ae634cf150cfbb00c184bd76c892974fc27abe4b32bb20a41e3126b2c478d1d	2
ftb-01467	0	sha256:4ad3538dde56a2d7bd20710e18b8744d322e07820178eafeb57410ce31a37397	1
ftb-01468	0	sha256:3cf1461008af112571b944f0ad91a140184dc89fc9323b9c6764b8c9eb859def	1
ftb-01468	0	sha256:c525f4ec0a6645f6ecdc3e55598dd476325ec5332f572404d169584c2da2547a	2
ftb-01469	0	sha256:00fcbedc1aeef3e8dceb82b198e80dd9a164b339def6e2f8ec39b2c35e2713bc	2
ftb-01469	0	sha256:093619b972b49888a3c4cd01ea7fd61eee33e4477dc3d94d403828f203835590	1
ftb-01470	0	sha256:3f4143b28c612d1accc05f4ab2a340ade5cb54b8c4f333d7880e95707745a6ef	1
ftb-01470	0	sha256:be87d30bb598299e878bd50a46dc632411312b85f4cb49f3134dbb8d6a35f7ba	2
ftb-01471	0	sha256:0a0f3982d52f956ed9dfab4f5d7bfc16b4f23fe994847c5fcdd79eb89a5a294c	2
ftb-01471	0	sha256:bda0226b50709de91428687e42cb1b3aeb2f2656c0e37fa373c6c7f449e728bc	1
ftb-01472	0	sha256:137e7632100702ec9d0d2fa02ff962001089ebd40c3f25878714ad014773ccb3	2
ftb-01472	0	sha256:cec2e68287de118ba51c19180a2d6861ee4be6809f92202705cf8326ed53c8fc	1
ftb-01473	0	sha256:1e62e04e75336487bd73092f56031282e3ac525997ca5b02c249ca36bdd0126b	2
ftb-01473	0	sha256:6eab03c2986511cb485c2498a65213539cd268bb2d17830b8f6f25a3128f896d	1
ftb-01474	0	sha256:77218c1332a94a38e1962bcfc774d5a9b2140d2651d7fc8f5d0dc1ec16f84136	1
ftb-01474	0	sha256:a934c6fc6bf4a4075bdcbaa46d0466de4e5508a095c87132926c2f52fb39fdd1	2
ftb-01475	0	sha256:26c573d8feda51dbb06b3b410426c95f96ea58f250a3911dcf0b8472ab5f17d5	1
ftb-01475	0	sha256:66612b32a72fad0094700e11cbaea3c408fcaed10f726f6a76eb5287b2271720	2
ftb-01476	0	sha256:40a9c4c551b72e84a9a0ea4bbb2210d7a56e9cca5e36bce80c9a291ba60b7c52	1
ftb-01476	0	sha256:ce315a3eb6191be3634d8527ec20c5022889b5b438bde50ca82092bc90817067	2
ftb-01477	0	sha256:6722ec4b454c75db5ee1cee194109147f1e735a76a778e4c1cde733a23d37a85	1
ftb-01477	0	sha256:ac7777e9c62417a1ac8437fcd6ef279e1f2e370bb54fbde6cc724613c6dfd173	2
ftb-01478	0	sha256:48e5af600348cf786776c5ed27f897ec601e6455880dea1abab7e4a0d0e36167	2
ftb-01478	0	sha256:bc200d2d3ae14d83c060df94b427366d1c664fd0954cadb9e52e2a469e2807a5	1
ftb-01479	0	sha256:58f38152166f9e66d02c8a0b070181e816977183f17d5964225a5462a58dbd2d	1
ftb-01479	0	sha256:a27576f465ae2c0ce61e3ab4aaeadf64c834b9aa969884c8fe991b40dcc48e26	2
ftb-01480	0	sha256:1fe34e59eda3b209d265fcab223cb388f63f051d9c0e5ebd64f4002dd8c528af	1
ftb-01480	0	sha256:947caafb2b402585970e3c257dc9d31bfecdf2be8f1fe340990e89dd6d336d86	2
ftb-01481	0	sha256:01ffcede8c87127a776016ffdc4d85420f97a9b05b7b40d4c97571fb2f16b11f	1
ftb-01481	0	sha256:b3aef04c4f86c5e258fd1b4bb8a51c434859ac3e666c2dfebd26cc9802a0a1c7	2
ftb-01482	0	sha256:0a00aa83f3f88f79177b521ed30e6e493a9e23ab5c1eb9f44b76ee425d3c87a4	2
ftb-01482	0	sha256:b03a6329887c40649d111d7ef8768de98fb7341aa50d79b5936f105104b68d94	1
ftb-01483	0	sha256:0fbc696b563671200f379715dea8b030cde9b0453355512d9f2c1845e267dcd0	1
ftb-01483	0	sha256:54ac5368ddd65165c7f141abf89e938a5e3e558b69d50bf1a8f136b2a5657b8f	2
ftb-01484	0	sha256:19830df20c04ffdfbbdaff65313af1bed2bd9c434eaeb0643c753c1881d5b60b	2
ftb-01484	0	sha256:2482c0e98873661359c9bee66a6337112bb15bbaf0c0198c37241701ca0f474c	1
ftb-01485	0	sha256:213c2467f16d89a9c50106e7d8f61dc84081e5121c07f7a164b95fda187a46f7	1
ftb-01485	0	sha256:767878bc510402d6171f10b9296732dd396efe461ba37b4837da4cc31fe7a015	2
ftb-01486	0	sha256:9406ae2c43a33b820643a8362f0c2f5d162eae2f7cad29058308912b90fff3c5	1
ftb-01486	0	sha256:eec62cd912c9a7db32b61007c4fec21918f491ba10dc4953039d1cb520959388	2
ftb-01487	0	sha256:70422b6597dbfb5d398aea898de53d3d3fdaf2a0102776296c6cb45c1da92f8c	2
ftb-01487	0	sha256:75119f87df8864049ce834860e72f6ae05ed0eea7544a95e32c41ee714412507	1
ftb-01488	0	sha256:dc72db9a91465338c0fcd8d55c62703f079d791e59bbe748c1f30d5c77f43824	2
ftb-01488	0	sha256:ffcbfd3aed73db985c8962bf33d267c523ee19808708d22b57c55341897d6905	1
ftb-01489	0	sha256:066066f45f1a63008f724456fd8630ea1791872015ffa68ae26b2c9f122828cf	1
ftb-01489	0	sha256:a29a160a1262c3af94448b6f690b4d1d0a558cc354c5055da53649aa546b5485	2
ftb-01490	0	sha256:3316386d5feaa302c760a9541be96368d54aec302494d6c1226386d4cfdefe4d	2
ftb-01490	0	sha256:f51fd3052ac014c651c6088eddaa153b228ba4c278962c623bc247191f28e411	1
ftb-01491	0	sha256:3ed7a59fd891d77f2bb7ff439b0249bd0e3709e76c3191a0c9ef4c209f9f0cb6	2
ftb-01491	0	sha256:cb10040f0495c6e395a44af965788143ef7afb8a3a70f4eabedc59b6d307278b	1
ftb-01492	0	sha256:2189ea22b2ee59f08df43273b892d897437309ad8ffb3813a156d458bb2f53f4	1
ftb-01492	0	sha256:27a9950dfc8f7d0df0a20a4832245286d7600d8b51ccf1a307ded02ae28ede68	2
ftb-01493	0	sha256:73033218cdd5d122104d16be8502a1120a0388def026f6a56255d5bca662f1ce	1
ftb-01493	0	sha256:89a88919cfd2b6ff6b8d74e1961b3d7be04f80c465299266be2f9cab58d92786	2
ftb-01494	0	sha256:60c9e204bb4aa3c67b63a73f98a7c12af90013de77ea5da7cce5f149444d3181	2
ftb-01494	0	sha256:cfffe26e1abd5652dd7daadb5794aee82df70d0c0d64f170b8059a326e98e48a	1
ftb-01495	0	sha256:570581776d97bd294c556b6a2a5be12538a392cfc956ecc29b5cb6c1290ae614	2
ftb-01495	0	sha256:d4f02be26353da8de2940489d042a741e5aff5f5b74df4a8783eb9212be06d87	1
ftb-01496	0	sha256:0a463990884da55795da35cc6e2b6da31f87e9616737a1199504a5047228e9e9	1
ftb-01496	0	sha256:b3a480ed17d70da5b8c788dcd8a9d3181239c67125d445a65adecb9e9888f543	2
ftb-01497	0	sha256:3c7bf894ac90b9b902e6d7572ee4d1a0940200494085de8e7f0ceb347d861c35	1
ftb-01497	0	sha256:f4076c960f8ad5d4f8895612fc742105641a2f96dfccd06c99871dfe7a7cf74b	2
ftb-01498	0	sha256:1bf9afb0f5e0aab8c8e5a4ccfb6c7b2a0016e2f2c62f37ef7565777493a0ee89	2
ftb-01498	0	sha256:4b8f50a275863a3a1960a085f4625c3ca35824016c45ce60c8d745afc726b4fe	1
ftb-01499	0	sha256:16e931fc6994777d87bcbaebb06532322387037de8fde838096dba2a26239d88	1
ftb-01499	0	sha256:ea738081646ba01b696745ac07b8eb6e9c97b1eb613cb0cf5d67b0663e43eb32	2
ftb-01500	0	sha256:9d1a2db0db82888357320388d96edbbdf20e37ee54c5fbe1c8141f4649d5628b	1
ftb-01500	0	sha256:a68000e690afe2292e30d4b4ac358d8187272ceebef6cc8005843c308919a2d0	2
ftb-01501	0	sha256:2677455d428ee77e443dc99b50cc49ab87f1b5e6842b45b4209232c46729c099	2
ftb-01501	0	sha256:f407b035bf33bbb4f51582a1bcfd45c2a0fa4f948f3efb8ee39b04e54173feb4	1
ftb-01502	0	sha256:9f21ebd39488edaca95a7e7a07b321cc910d70ca8a7486781b5da37413c99a99	1
ftb-01502	0	sha256:dff99abdd357d7480c18dacb10002dee53ded5d048f6ab0b2942d1bfd8d63bad	2
ftb-01503	0	sha256:5ca8731f503a5e24f6b6df29b370fae2cf20a16ea80fb9f15c7587b6bb7b8e68	2
ftb-01503	0	sha256:e4e199a8692f97e5247af83b6a9b8858c63bf5de035685da1fd04b89657afb40	1
ftb-01504	0	sha256:41c07c1acb499506afee1e4377d66da1ad502a2dbcd1f1d000710e07836f27c2	1
ftb-01504	0	sha256:b8f7d1e25c9a54761028e86accba3a5d80f5a8b2443ade0d290b1c4d9e5b8c50	2
ftb-01505	0	sha256:1fece651eb1cef537172269c3edbcf415825d5c68986f8d84ba95986b68771fb	2
ftb-01505	0	sha256:63cbc99e581bd2984ddf68908062d93458fcb4c22f62b723166bb7217f81f5c2	1
ftb-01506	0	sha256:3824a33e542fcf679dab9ec526ce723350b35083ca46d49bd284ce32e4e4630f	2
ftb-01506	0	sha256:58d62590971186ed7aa529fb32d7edd36ed0bd0519c8fe2823947211700fb56a	1
ftb-01507	0	sha256:470b1eb1df4e6cf800c7a3ee3c707f7922e26610b179250bfb1508bb5397bec3	1
ftb-01507	0	sha256:7ad8b169c48cb29a7ba82a2b65cda2a2223d0440427642ab93bab6cd109150f2	2
ftb-01508	0	sha256:7910629ff656730976cfb74c491a77d6b6e557fb4f7660133db9d8f53a1cac94	2
ftb-01508	0	sha256:f407b035bf33bbb4f51582a1bcfd45c2a0fa4f948f3efb8ee39b04e54173feb4	1
ftb-01510	0	sha256:09599d85302c8f95fb751c3dee463dd0e1cfe205130108c3ba801ee108fdeca9	2
ftb-01510	0	sha256:1ccc849aa7fd8ceaba4ca9a4bcb3da9c6821895a1ba82d85aa0dcd673b37201a	1
ftb-01511	0	sha256:9eae6632677918b3283b16b31c0c0eae0d4e2b16bfbcf093da7c08867b99d2f7	1
ftb-01511	0	sha256:c2f1c34aa5b99dbb8e465dd092ef7f1b96e2f44e0becd3ac47ca609457a3a92b	2
ftb-01512	0	sha256:686ed33fcc705eff325fb3e18b4420bacabf5cf7faf3f7ca3e157e225ddfc9ed	1
ftb-01512	0	sha256:815eae720aa4250e49d6461f86ad885cad7b09541db727450719344f83e5f9de	2
ftb-01513	0	sha256:b24a7f6ba614c2d620c63cb01f998b9384307d3fcb0e72f45f9363298e7ff016	2
ftb-01513	0	sha256:f5db3640dcb7cadd46371f246221338a0959f910ebcfe2c0c8b58245557e4254	1
ftb-01514	0	sha256:7f5bc3d5d0d1dd75c7fa7873edf6463422318a9ae77ff91bc78c8c444d4a135c	2
ftb-01514	0	sha256:c0dd723c78bef8f7b02d08090c5b54c3b38b21e5ceb6dbb3350b37638b705490	1
ftb-01515	0	sha256:9712ee827f5ab06e7e653c48cc3a21a784908f92db88b4d4f6208fded5b88fb1	1
ftb-01515	0	sha256:fbc7f291bc08cdff7b511c2e530b94f63482ae611bc877349eba56c66b603d77	2
ftb-01516	0	sha256:1eb7b968e939842ec97f2c697783f84fc7884cec54cf084db353db0c061fc6c2	2
ftb-01516	0	sha256:c24b2b671765cf6e1fb1f9f1a96595d2bbf0456c1a49423ce6fa53e10ca2d8ce	1
ftb-01517	0	sha256:501c6a63f2281f9ab10a906ec4af11c451a4d3978920837fdb122a1f4b107d45	1
ftb-01517	0	sha256:5dcc55a737a0e99f5c542224d458466188d6e18d64b1fd8959ce76480623c3a4	2
ftb-01518	0	sha256:5e03efbaa7adffe6eaca11249d5b093c1aad4537150cf9c2a70c97e8e30ffc68	1
ftb-01518	0	sha256:f0fe10272671105b9e648a6f8a0eef5229786a8de1a950ff0039795dd2645d67	2
ftb-01519	0	sha256:3ce0ea5b4abd71e22fbece736b20cbd83057316943d817f09c53f1be984133bb	2
ftb-01519	0	sha256:9e52dd02f1649b56c2f5bf7043715a7a52ab9ce15574c9c0b4f80b702f46ac26	1
ftb-01520	0	sha256:6d6d1b9f736f9a5a1ed6139579a7535091eb86a71a39ac087541b0b0eb6aa0c7	2
ftb-01520	0	sha256:839302ff9f9c27e26c83ee9d4dd4f2bf945bf9fdabee672c2490967047eb05ac	1
ftb-01521	0	sha256:109693fbca6ef0bbee3a9d2f3ca949296e600554286dcf33316ec6bdaa0ba451	2
ftb-01521	0	sha256:94c89fdb914c7d33b730dae5da4edec61bfbe26b1510edd6c3316852bcdf17ac	1
ftb-01522	0	sha256:31800b82d450474ebdb67d0a8d3d6241d94ec9f87146c9b503789c1b740f9ded	2
ftb-01522	0	sha256:96012160c0c1c74f70a4c47bc29ef5dd7ced8daef96a05a284a3d0055353ba0a	1
ftb-01523	0	sha256:58d62590971186ed7aa529fb32d7edd36ed0bd0519c8fe2823947211700fb56a	1
ftb-01523	0	sha256:99c5e519e97fd96c9b30058cf938f85737387ba659daa24204ddd67cbaab2b9b	2
ftb-01524	0	sha256:23d53d52a11167eaf5fc7b1bf8e7d831d975979bf436af3d297009d667947e29	1
ftb-01524	0	sha256:3bbef1631af97f6546fc7b22c8951e9bd512ea340f46484ec4fb6aeb04f6a87b	2
ftb-01525	0	sha256:3d3061bcafcce087b957e32e4deeeb45006800274bc3ac8806020d7616740add	1
ftb-01525	0	sha256:43098efe893ec87239a7989b2c6864f3d9e00f50f2b8f4f478c83b1a58b8c00b	2
ftb-01526	0	sha256:87638dbe634d0859668bae1182ad6dbe6ed399238c717a39a4018794e9bd2519	1
ftb-01526	0	sha256:b32ff171304cf16a8cc753c91a97333b6b0c499e7b3baa59de00d777848ba613	2
ftb-01527	0	sha256:323315a3d0b2f14898a55ee2abc518066ba7c608bda3a20df668874e88e5e99f	1
ftb-01527	0	sha256:7d64f2b46bdb00ea6dc65a55f7d7bf97efa20533fb40d7225a0efc0aae0cbbed	2
ftb-01528	0	sha256:8efe177b04b1d27c024dad0ad31db7aaedda85782e5202a79f7a5476d9f71716	2
ftb-01528	0	sha256:a494faf82717b5f67298702509675873a587a8bd25406b024b3eb67b1b12684a	1
ftb-01529	0	sha256:6c9ccf55a1239ebe1ad7663555f1450e1151f3f8668ac0b888a6409c9e0ae18d	1
ftb-01529	0	sha256:8912f69df11deb4d702794c60bc6dc6a9f38a8f24b050af54738e6dfe5d48d05	2
ftb-01531	0	sha256:d728d442bad91bc029f9be415ba98bb17ac5ec7b9249bce9e99b67b3f7f62b0f	1
ftb-01531	0	sha256:ec2f69f5b2097ffbe2ed19851da20e7d23cd8e37e93740ea472a216a52443bfd	2
ftb-01532	0	sha256:65335ac8ebf1ea6dca5667c10d624769ded4844eaa18399f76febd98ca614d8d	1
ftb-01532	0	sha256:9416609d5592821ba2e3030f7e8b3a97d6993ff900af3468015e888d435f61b6	2
ftb-01534	0	sha256:affa3a0cd4beff2ff5d1c604df6b10ed32798f5cf39effd7da3f13dd1c381f6a	1
ftb-01534	0	sha256:d4a33fa87ea1a20b0bb50856dacc53223f5da02a7edd4e451a61ba6321503fc9	2
ftb-01535	0	sha256:074acf88676242bea5c7970371a2afca4a2f6378e4b4a4b2ff0e861c23b6b3b4	2
ftb-01535	0	sha256:fea9119d585fee6a7125dcad180779886417550a67baf5fd4ddec087bb854f06	1
ftb-01536	0	sha256:5b879fc998d0289d185d8f30f22d814304486ab7445a05d6ff5a4466cd2ff9bc	2
ftb-01536	0	sha256:fcb3b0ddbe34f281aaf1e9b54df09c83fcdb1924e039b643a881678c46feb983	1
ftb-01538	0	sha256:3539ab1f521e4c0adfe452d3756779c1bb4255c2f34d8d4b4a937c3b19ee12bd	2
ftb-01538	0	sha256:a34bf72980cc08f0a265f3d1fe01b0746d13b8f0760e6db50497e983dd4219d4	1
ftb-01539	0	sha256:746ce9ac6a095e7f193165fb020bb26b6344c6e7ddbe748de3ad20795d01a18f	2
ftb-01539	0	sha256:d49669d4fe36628c1bd561df582a38678e987a5a28465030ab0ea43288590b86	1
ftb-01540	0	sha256:52614c27b42a82e5ab5e16bad162589a8ee8877a798b82615a888addbc63f6b1	1
ftb-01540	0	sha256:f991f2b683b11ba5f1b66e6b8e21a4c8ecce6ad0dc6107ffa16670fbe7997574	2
ftb-01541	0	sha256:5238a2b65beacb441afce18fbb9c9e678db11fea0514a041febf8d26f85232d5	2
ftb-01541	0	sha256:8c423d7e81f20eff7bd912b1604f7f4305cdc498a8c9ab87d1bd253f5c79fbc7	1
ftb-01542	0	sha256:f5d65e5337692b9e9f0bfd50d9046b8c749cae4cffc337fb7e159e415f7da658	2
ftb-01542	0	sha256:fb05a8283d42fc11cb0794f97ff9a1c018bb9dcd9e3afbacb292d5906f55a7a8	1
ftb-01543	0	sha256:20b2446c00534df741a3671d78b47c182f5602239b6c2d8f46e059d4307dbc6e	2
ftb-01543	0	sha256:f90912d3269160fd48500cea46266fd95775fa4e33a5249db490182f628df06f	1
ftb-01544	0	sha256:0e9be3893cf63a38e8a10faf049222b07d48598800d053413a892fc0aae7f2ff	2
ftb-01544	0	sha256:452c92719e4ce84d26cd999f4c0756e7bb049ac93ea72360d926f1fda4db8d16	1
ftb-01545	0	sha256:cbc47dbaa64203dece99e7fa68ae55724a818aabc6db9df5be81c8185efb5f22	2
ftb-01545	0	sha256:d874c6b1a26135e1259f095039484db29a9eeda815a0c5d1dcb30d62088ba16b	1
ftb-01546	0	sha256:5c6cf10af720eadb36da405fa948e8903661b2059f899e554290498d17d64026	1
ftb-01546	0	sha256:b018d709c1d826941d5fab7120d86ef590555bc2ec8b64d0a6e8ee28ee103749	2
ftb-01547	0	sha256:2aec097b30454d4797c5a1041472c625fbfb54ff56150666ad0a4c6d8f44efcd	1
ftb-01547	0	sha256:7751fb219ec2baa0025cbbd8ef570778f6466b947a6ada0b50c95ad37f10488a	2
ftb-01548	0	sha256:81dec62d4fc0825388a038cd74028f5a6ebc0f03d8737466798bb09203d55776	2
ftb-01548	0	sha256:cac528c3581c312be365fe65104a645f8dc182aedcf384041f1c781b3ce56970	1
ftb-01549	0	sha256:6a74749f9756275af25d0806f0239d3b3801691c6e871bbd814a1a8b00ed00ca	2
ftb-01549	0	sha256:96cc9f8e458f9700c4cd94fc0b096f8f49275f88c8811f723be45c6e192d9a59	1
ftb-01550	0	sha256:06f7f6789afd56640056e0f9967f4b6d3d17102f13abb79c4992feb6799351b1	2
ftb-01550	0	sha256:f3a2b19df9e96926b45fa8f449195a4f8442343094bc0c0beeb38ae51efaf600	1
ftb-01552	0	sha256:23a80d125069f17fa7bc41dda973dc982d8988db73750f13991e6aa278e04788	1
ftb-01552	0	sha256:3d4d473ef37f8bcba71f6446aa536b25bfec18a8426b9c0f11eef519030f9cd5	2
ftb-01553	0	sha256:4edd4728c28b8017adfc2b965928b156fd9abb9774fe4474bcc6c34c0c43d947	1
ftb-01553	0	sha256:add956cb1f3f11acad059c453d370e216d404790d4df5b56516f74c61c7caf2b	2
ftb-01554	0	sha256:1907098b82b213d146d202a47ef59d2be2dc8e7535cdc7ba8d98e300bb671f76	1
ftb-01554	0	sha256:730f854092e26a5e39dba40f574109d0a07c479ab08230caef70000b18af3872	2
ftb-01556	0	sha256:5dbf85adfd784949d33f463d9d6688425aabd9fe1af8c86734c09cf70bea183f	1
ftb-01556	0	sha256:6000d292a6ebf82a40e0b887adfb88052f615466c82f517591ab364630dbbd53	2
ftb-01557	0	sha256:60f77eabbce6a8914102e6b1da435c588f3cf718a226fd05b87c6c74b669f3e0	1
ftb-01557	0	sha256:7ad5ff9d5e2556d887b28c5925a9eb54328ecf254da69170fff8857f82bbacd8	2
ftb-01558	0	sha256:cd03dfd9b53a079b3111847f8469d508b3144acbccad49705298a90a332e690d	2
ftb-01558	0	sha256:d3cdcb7ed24cb393f4ba0e3edf0aae8d1bb043aebdf6813d9a0ec3c041a76a5b	1
ftb-01559	0	sha256:e63e6999bbce715541422bf3cb972f4546bc1879c8b7488fde9bd1b26975816c	1
ftb-01559	0	sha256:f725bd7bf064d215456f2c10a8d9c2694cb0d950f3c7feb8eab6f1a4dc3aacf7	2
ftb-01560	0	sha256:399fb244a5350e6893cb7bb757538d86a4d0326c31fcef0efbcde75877f43347	2
ftb-01560	0	sha256:e94964ce5a6cfff8cdf6a177819f6f3d69745a957478a195d82f8e9683969fd4	1
ftb-01561	0	sha256:1a4988e3c0ed285e61b53a7d307deca4a253e03d79ffd2c32f421636f9044bab	2
ftb-01561	0	sha256:8727766710507902f3f1b792a95b1b45629d764010c6bf38b4035df10ead3e2d	1
ftb-01562	0	sha256:8c39ee409c48480636c9e907292ce8b3fb81d236b86586af5d4a210de2248d41	1
ftb-01562	0	sha256:90bca5d9215152bc77c694cf45efbc97644d1538bc9158f570f8331cdc8457f1	2
ftb-01563	0	sha256:033464bf9df032cd5b02a4d0206f21943de0ab7ced68d4eb29a9559e32d906d1	2
ftb-01563	0	sha256:b7e53a1afe159e56565ad58f20aafa2e14dd986645eecae33e7973211b4a6c2d	1
ftb-01564	0	sha256:86611c1c750cc7227ce18a1c9eb530ff266a6998b7032a9968b4282c72449637	2
ftb-01564	0	sha256:c10cf1eb453309d8cc7a7fd907f1cbcd23fbcf48a11fb8d142cba7a27d38fc48	1
ftb-01565	0	sha256:6075356c30847095f4b637d8874e940bdf16a5f3d61f2476300c32f1775f3142	2
ftb-01565	0	sha256:cd88dde34feb8bf82f6f304b4bf7c52a59e490c1df28a2d9c20cb7b427d97eab	1
ftb-01567	0	sha256:436538497541116e7c79510ac05600c4aadd800a110683686a1b0314ddb5a682	1
ftb-01567	0	sha256:9fb29d822ffa88f76b43ae70033ac21b2e42e3f0e67bab5e64617a9fea3733ed	2
ftb-01568	0	sha256:328042c356fdafb6809fbb33d59e9efb8f709cf5ccb29fd7ed18c30eb3581128	1
ftb-01568	0	sha256:f5d911d68a8657ad33d8f2cc26cc2fa86b29e2df1e9c90a1e0ab4ff4878977c9	2
ftb-01569	0	sha256:0d7b921a7982ff65fb209b6d2345d66d236a41c4e69f364ff1e686185445e254	2
ftb-01569	0	sha256:6f39bbde2744e798c9b097bcc60bf07cdf25739984e42d90acbc551534f578f3	1
ftb-01570	0	sha256:8156dd2f84ea0d0dbe3fa50886adb555c2137b8b8fb83f85cc7c48ea9f714bf9	1
ftb-01570	0	sha256:afb9684bba61d2cb524f7c44cecb425226d2dfe8da53becc99685adfb4b75964	2
ftb-01572	0	sha256:46093deef94ae167bbbbd6e52c985abebf8b6d9671c3b54520bec0ba5cb1af7a	2
ftb-01572	0	sha256:d91b451aebd58f15ea16525791194748d19992fa090cf4f414df25d2a44bcb93	1
ftb-01573	0	sha256:1ae0d976f300a819aaa76953f0377a076926f6dee66873633db370bcb42532ae	1
ftb-01573	0	sha256:c2ba8ddf1dbbc19f84ec183d02a5c4e316e38f25321e05c30e661a1f40fdc9f9	2
ftb-01574	0	sha256:8217a40a1f1a15e9d91607894286eb65d11ad5818687add0fe8b51405ce7d7ac	2
ftb-01574	0	sha256:d7c5b03ffce868bef6e8c8ffe7d7355cf0b0c697cddde0f0d84294c3e1341648	1
ftb-01575	0	sha256:178695b2ca540cd489c9e039ef1ff3dff17797ccac2e6c7412cbfa52415b5a99	1
ftb-01575	0	sha256:34152c6cc4c235ac4b1987276cde9965aedba17954d56c37c55aabaf63cd2410	2
ftb-01576	0	sha256:1f63bb168bec21be3394663bbb8b3117dc9dd9b3c0f1ba05c7ae73eb05325d76	2
ftb-01576	0	sha256:462a21e6708d2e27eb04b78c0dcbed3e2f976824bbe07ef78f13ca5a54a58fa8	1
ftb-01577	0	sha256:2af32c2ccdb443d5ac30dba126ef65b2e5cb8bf1c659f3fe0b2ac7d2d1ac2e82	2
ftb-01577	0	sha256:bfc7d46de69f7695250a9e9b742cf19bdf9254ec3d588e566fdb086a7e2f0e3c	1
ftb-01578	0	sha256:e2ae68a269fee9d39751bfbfdc656a906f933fce801ea6d9130834f6da9c934e	1
ftb-01578	0	sha256:f1e2e0cb26d972dfaf13b1f65c49f80cd2c9efb11ec8aced3ed0ac9c10a57414	2
ftb-01579	0	sha256:744553a129a95e37b3a057564f28a34dfb1ff2adc734e39f5a1b7bd526fa2cfb	2
ftb-01579	0	sha256:cdc25e55b479ee1d7065e99eb945469f14e178454250d7bcca165404c3f029cd	1
ftb-01580	0	sha256:605612866dd75e38e5c970190d6ca05c1c516dc1382bdfc44d26dccdf981adfd	1
ftb-01580	0	sha256:65e1f29f60ae328a71e72d458e438c89ba16a271285a5c7ceae97f2b3ea305a4	2
ftb-01581	0	sha256:ce78eaaa99692189755903836a99503b00052ae4b1b19c92116a84e4952135ab	1
ftb-01581	0	sha256:f4916530dc497e50a07a1f456fb0331751b8297d6410ff347675b070a5a6013e	2
ftb-01582	0	sha256:474ab0d7bf6507192502bc4a0e8639917e8a4ca2847f5adf97a298b6795c108f	1
ftb-01582	0	sha256:963ac1be1a2a63997908ad8422a50df3c6730392b0590790e1c9ce65606516d2	2
ftb-01583	0	sha256:0b04ee3c0f9869d0a919716874db63e156ffbe218cdcb4f450281c0dce825eb2	1
ftb-01583	0	sha256:b733530def7929385956b736ffd15e31ca155c7a31aa18d9a3a6e65cd35ed181	2
ftb-01584	0	sha256:1d26896bf759b86cabdc5a04e133c692f23ce25c7a880d75060d650eaaceebae	1
ftb-01584	0	sha256:3a50b415affecebb75146e37ded2c50893806147edf1886d0202bbdb115f3a0e	2
ftb-01585	0	sha256:3d080d2f16fea36850f1fccf2117c2bf4fa911bdce07d0c79c9dafc6928192f8	2
ftb-01585	0	sha256:4d1f6d5b08f56474f96bfaacea908a971b4c7d37293456e505b34932a57a8381	1
ftb-01587	0	sha256:c1468e3e225796e0961429c00f03545b8d9de31d10209f4beb5afe749ae6549a	1
ftb-01587	0	sha256:d0bc4adf31b9ce57fb92ec7382fb744dbd8673da0ce032e5b44b9dc2b0290feb	2
ftb-01588	0	sha256:1ab6255b14727cfc523c1b499a2aab1c43af8b070e5810621a3e1d4c4f5a8899	2
ftb-01588	0	sha256:e4198960d4b14b4b69942b5d6874a87e15002cff61bfadd293c2c9301c631a8d	1
ftb-01589	0	sha256:315e284ed8b56fc4695cbb14e08983df78e19aa21e79f0b8fb794f5feb73ed29	1
ftb-01589	0	sha256:aa4c8821acbb3a8e4c4b1c305204607ad9cc3aab0cbd48a29b1e3ac12323e11a	2
ftb-01590	0	sha256:23d05c7183ff069ad0727be4d411295382776f349d1ada254ab0c55bb9dc7e8d	2
ftb-01590	0	sha256:d834915613fcb7ae6638f2d618656d121aa02ad10889114550fa4e7e7fb7f374	1
ftb-01591	0	sha256:2b08cc79c8832584f671119ded5f0fe4f7e79fe39337389d86a16f117954474c	2
ftb-01591	0	sha256:cfb7c5e631994445e41d45ee9c3de6e4e2e06148e2dc9d243c71d89def444944	1
ftb-01592	0	sha256:4624b917561931aea6446a84cd8be0b206abd482eabb60ef6cca103b2f938aba	2
ftb-01592	0	sha256:cfc3341127fb14ffec142a8d143415a9e106688416e12545b2de73b5acce5eff	1
ftb-01593	0	sha256:323a7bb79e2ee3878638e4c17df0a051338327d01ac4df2a94f0d08fe9d9263c	2
ftb-01593	0	sha256:fa88fbb0de7673d14fd8819e4c0ee720c07fcf40b9ea9d3c2dda66af8291e3f8	1
ftb-01594	0	sha256:8e6bf44f342ee1b0fc177bbbabacaa73f28bc7921cdca8f360299dfef51fafb2	2
ftb-01594	0	sha256:e2d951de64d3fda6d79ce82020c0b54a8ebfe75297c29d8d35dd095b61dd7fb6	1
ftb-01595	0	sha256:dc02084dbb751ca9c509b0518eb341657794b2e7a5730b138fc5393fc72285c2	2
ftb-01595	0	sha256:f402d5173095cb0a93c0538a26899f9fb0652cca75846e1cef8f52948e75b2b0	1
ftb-01596	0	sha256:c16602f4080cd8415eb3f1b9043eab0a10b319a7754b4b6942be3d784c7a726e	1
ftb-01596	0	sha256:f615b1cbfecca753fe53744fe8e22a8a24ec8063ba5ca00660c0c20ed3e859de	2
ftb-01597	0	sha256:7b6d922a4cd025768a9a714a9b3c240d68e4e3ae075dbef2c8b8463a908f1547	1
ftb-01597	0	sha256:90dfa035b4845b493861018d255c13fbc65306b215d41d6eb76da24ca6c94c2b	2
ftb-01598	0	sha256:4a4ef60d42de6cc56328441f36a5f7bf5d51c7958f6ac193ad2c5daabc572c08	1
ftb-01598	0	sha256:bce988057ffddcdb9541444127eb14d1c161c8bf73e3b87401ad18cc7bf3b53a	2
ftb-01599	0	sha256:4367b737f812203ffd96789e7dee38ef4329e6e96ee2b7aacc553bdef322871e	2
ftb-01599	0	sha256:9b440892f944e30ffaa1fff5140faba023b28e6894ac523c2bdcee2b9b0e94a2	1
ftb-01600	0	sha256:f0a3b412f17a12a2eb7f0561cb7c29ce0567637e8b87a327c3b34ae6db8af94d	1
ftb-01600	0	sha256:fef4fcf0e3169937d6356e1c2fa877c755f233eb2d6d6e0f566f7d5c148b1dd2	2
ftb-01601	0	sha256:7d44de8a57e777962fc469a8369580bdb32110a5194b7de82cc326165d99cb04	2
ftb-01601	0	sha256:fd91ce0cd3a5674b6c95a142d68ccf5457032adfea0bd3c62c99c42c1efe62d6	1
ftb-01602	0	sha256:291b0d1c2f89171ce155c66418861e1674fbaccf5c38df657f152639afa1d243	1
ftb-01602	0	sha256:4fc4e8d59c5468122ea67fe20d458372a7cf2dacaf3e62c502ecd500917954df	2
ftb-01603	0	sha256:5e1e5e6eb05d614837a9e82fbb3747f7dd56b250b553963821072ae8c1657675	2
ftb-01603	0	sha256:a3ed762e83d15b4263578d009533582a5d09cf7cb9a748496f4c2ab2cbb06b48	1
ftb-01605	0	sha256:4a3be7ffbf5aca4bbd45d61c47635c60bd32c14f34b0957acbdd1ad348ea8dda	2
ftb-01605	0	sha256:ca103d35ab819eaa0444358f1e216fa3af81c608026e13ed175f4161afdbd4b1	1
ftb-01607	0	sha256:ba49ba8c5dec77b5af50fb2c52bc5c4e9cb55d67f127cea1f0cb22f2345b2abf	2
ftb-01607	0	sha256:d2d4b9e99a75d61e1bb28c93ec9bd0d1091ab310461e9539c6392f994f878e30	1
ftb-01608	0	sha256:de876187de1ff7b3ec4a7f6c1520ddf3a1aabb09a3a782b8d93fc6420ae39cbb	1
ftb-01608	0	sha256:ff4d0be9214b7283fc0834e66edcae4f84bc20a2528afb5ea22065900dda80e8	2
ftb-01609	0	sha256:19bd026c341ec0748a060584315ba1a159f164ab385bb3e171c40ba99d1f1d66	2
ftb-01609	0	sha256:e664b44595f6960650552ec398990f948e9168c0e7a83504245fd062f7d966a9	1
ftb-01610	0	sha256:45ed6636404e90e5640719d716dcf52e612f8590dc3bd0122375be881eff53ed	1
ftb-01610	0	sha256:d27fc6775f828421ad918724dff2ac507b17151bba5d6a759654198e352e05ee	2
ftb-01611	0	sha256:3e95ee98e6768ee88b6b652b0f0861fd40dc8d8f5513e2b6e19cda0cd26d23b7	2
ftb-01611	0	sha256:402c7b2a45f4b0458b5919bd01fb77c937e18f419f6c35c65e40526b02a74f3a	1
ftb-01612	0	sha256:a1068f094d7c69eba32426c3f32f963aea9c5ad46826af5b260f644c009f9cf4	1
ftb-01612	0	sha256:a4e28b33aba874b63f9801859d455fc2da2c0187ee3b22694515d78b317555bf	2
ftb-01613	0	sha256:7c973ed2891d589ede92c566538f042aab47c71f070929f2e3588f6bc2be027b	1
ftb-01613	0	sha256:8553a2effea8acbfeaa440cee9d174a96ebcfe070bf70af16236faa8073293e4	2
ftb-01614	0	sha256:a79d680613738760726caa498c6ed186d18db8124c9dfdd701baf7f3fbb91a32	2
ftb-01614	0	sha256:b1b3a10a2c0b0b325a2bb701b8c733c8ab0aa5dda6316ce0f48b87f4fe5318ba	1
ftb-01615	0	sha256:3ef3f68a37531dc610b73bf0282798c54279e699166d20b62949206979928976	2
ftb-01615	0	sha256:bfcb2460de432c0bfe007a42576459cfa73ac705b28860ccdb32ec4c04c2458d	1
ftb-01616	0	sha256:867f12a389fe4e86a9e28eeda9286111a4b3f6fae848d6bdb81c2da2e7b2b53b	2
ftb-01616	0	sha256:c3616f7a5d6725599854c2b8338b0c7a879e992b45c2548ed6a0b2570578c60a	1
ftb-01617	0	sha256:2d7613f66f685b1d57eeef095ecbfc7479e67524df3de928a353d1ebcb4c7601	1
ftb-01617	0	sha256:f2795cc0dc1665ad329c60d4e9d43488e08a70c3aa4492853f7e25ada3250b3e	2
ftb-01618	0	sha256:894498cba84b208801a409809294c0ead1b044841e35cccc1cfef83dff3f2266	2
ftb-01618	0	sha256:de8cfeb70a2d262f5131b74b4b619421db2dcd0c8182d938480968d79bfcd5fa	1
ftb-01619	0	sha256:662933c37377a51e653b8d8b32ead9ce4813f49456d1edd285b93112fa1d19c5	2
ftb-01619	0	sha256:d9b6d55b8cd974a6da15dbe9dc6633aacd25ee9120bca01e106245586dfef3af	1
ftb-01621	0	sha256:6c64f68cf7740a4b7176a6c320693b443e0d8d74ad3517816cf8a7e36e95308d	1
ftb-01621	0	sha256:c2556a2e2059e2d581ffb4cf7e91349e80a29bfd0a35348da033a6eae5662b38	2
ftb-01622	0	sha256:1503b1abd6b64f6ea2b906b7cb65ce7be25dcdb8ee82ff39e7640d209f50199c	1
ftb-01622	0	sha256:5fbbc32699bf3550ec377726561c6bb94958769989ec87c5c534fe8a3f9a3c6b	2
ftb-01624	0	sha256:266dfffef09ca9263c49d1a490323facb8a02c759036c4a215cc29d82b341398	2
ftb-01624	0	sha256:7c7b033bdb26508478ee5def1aaa3b82dbcd88ef868b11812eaf293c3cffda2d	1
ftb-01625	0	sha256:33e14d011f831ec5f92ade716764a4e45147240fe94f66e6bf989b076753dd44	2
ftb-01625	0	sha256:f5c200cc633da789446903cb06e026f2edbe09dbaea96864891101c0a669d6fc	1
ftb-01626	0	sha256:8804e9e0bbd2714240e87c9846c294414821cedec8ea9db04334c5f681a24f3b	1
ftb-01626	0	sha256:899dc914539011c4bc333868075ef916525f359e26ad3cf3380adc533ed1f59e	2
ftb-01627	0	sha256:02febdd1320b8a7a0110ae47d52d6c2677c2a183a985e0c76857fa469d56d7e5	1
ftb-01627	0	sha256:3d84ea357de8805a4de78147c15b023fd8d19a8f5c5646712987dff0a9c97ab1	2
ftb-01628	0	sha256:acd27ee24b6be6fdd356a4e2feb350bff73e00fcb984e11ef82fe8cbc7cf0c71	2
ftb-01628	0	sha256:ace32d2122898d254432ea318e356f8ae47444f4cf0aec3f1f7fbf4a70a454c7	1
ftb-01629	0	sha256:0eef67d91d30f28371ba7ed04beddf237028427071f7e7d9431ab5a16f49fcda	1
ftb-01629	0	sha256:a8835acd52253c615ec0ede5db3d2e8a314f7ceb61ca84bc0e3d4d210a604b53	2
ftb-01630	0	sha256:9367b3535d7a0b41d29b3721cf9a5fc6a87113e3c24891a3bfe26ebb55b105ee	2
ftb-01630	0	sha256:b514417992ebdc8296a01bf939b51c0623a9107bdb2929235ae34897d76d5826	1
ftb-01631	0	sha256:9edd687f10d0a809e20bd39cda3345273c94cf239cf7813fb2584b060a4e4058	1
ftb-01631	0	sha256:ee680fab43a9c102fb15cd250a5343d3df0ea03ff3db49880cb461e8281dadad	2
ftb-01632	0	sha256:76c4f23a6f00082b2ab468cb8f3222aa1a920f792670626a34f1d95ec3815243	2
ftb-01632	0	sha256:ce31685e8ab27bad5e676b8a126e418487d354b73d5886f95d54e1ccdf928a4f	1
ftb-01633	0	sha256:04e1ab77ac61cb8e26a62a99fdbafd5e474f013bb772ef5a8577b793479c50dd	1
ftb-01633	0	sha256:7ee803925ee923e953070efe7d16a171c100305c72e4fcae2951facfc2251509	2
ftb-01634	0	sha256:03490b187262a0619fef537e0bb2593ffbf410b61ecbff0a1869c8c1f1c32d1e	2
ftb-01634	0	sha256:07781713029558a28f963e75209325a7a256f71ae546e9f010fbbe4379d53de4	1
ftb-01635	0	sha256:14155281a9fa75e75fba2a9fa30e2c1b3559eeeddf2eb4574d6c0c5eaae2d794	1
ftb-01635	0	sha256:30de9ca5e3d01eebfe8222b5334e258fddf58f8b9e9dc3609286124a2330e608	2
ftb-01636	0	sha256:5f3dbfe918637233681400c825161a2808cf65779352475aa171802992c6269f	2
ftb-01636	0	sha256:c205dde2c05fa45acb14b215e8db14192aa5d01deab51c667c88f5b3a79509a1	1
ftb-01637	0	sha256:3de7c7f850239adad6261028fd8f9ca70be0ecbb35aac4f2f217a11960950cb9	2
ftb-01637	0	sha256:65fa59087fe9aa13f2445b0766f9e7a4c80da0e079a2e50d7416bb7d93d9c6c0	1
ftb-01638	0	sha256:44085a089ece26b9b400b3343a861d3a487338aeeef1e48f9c3ee403f9e4ce95	2
ftb-01638	0	sha256:45883b27eb2f29f65a1768fc76bfc834b493bd7683b98e57426902775ba366af	1
ftb-01639	0	sha256:dd20c6041379de43725fcaf664a1fc10054aaeedc02903e9502f685bf5b6f9c2	2
ftb-01639	0	sha256:ec16df6ba7475f8a1d8320bfee756960855db468021c694d0e88cec5a746cebe	1
ftb-01640	0	sha256:d06f70962e98052a320eafc18d07623dd93796dd74f54080728fc3b54bc894af	2
ftb-01640	0	sha256:fb0f4972509a043314c96a57a9baf6037dc94695374fa29c22ff89d56e875b46	1
ftb-01641	0	sha256:a09121abfd0c04fea3f314668eadfc20fe2478c047073d85d427654a73013bdb	1
ftb-01641	0	sha256:eb0523793eb8bdaedb49c85357650bd52e04e78aea1bcad0e10e0ab5d27d474e	2
ftb-01642	0	sha256:592162d391fda7ee76eadb89b0dba79619de00feef0db2b9bfb1d61d9aa66482	1
ftb-01642	0	sha256:e2e8935b06dd94aa334918c89b435af7408f37277f8835a0387cf7d21902106c	2
ftb-01643	0	sha256:13968580b4427f51ac51e5e8154f89b3e00a6d51ba6c8bbd2ad3f14deb21bc0e	2
ftb-01643	0	sha256:c346be42a96f669895c1fe4187cba0d597a6ea5247f6d08b05122eb17aaae8c7	1
ftb-01644	0	sha256:0bb6ca18506606ca37d4c82b6cd497ad33c5f26b6f44325efdfbfd5bd00dccf4	2
ftb-01644	0	sha256:239063ba2cfe341bc3c989f545ce793e5469829222a3f26b845165fb101fc999	1
ftb-01645	0	sha256:1bec143cf17da83e31e6803d2f7919f8b54af747e6d66335d0ba0a640480a075	2
ftb-01645	0	sha256:e23a335769b70f9a76cf6973d4b3fd5f0c7ce5af72dae6543d7ef0ad851104fa	1
ftb-01646	0	sha256:13c912c1503ad728b30beddf314ba868fb0aadb4fdb9ef29f5630e0a8336f8d9	2
ftb-01646	0	sha256:9ee049e2b66c7b703c77b430da50ee4858f64bae4f70462b1b075b414a35959c	1
ftb-01647	0	sha256:3b24f0ddc9024390e0dd97edb523c8e4b0bb16e9b6717ec49b1196ddd2942355	1
ftb-01647	0	sha256:6de701a34a25d285abd5d848f1f3a5cbd51528c11de3f7fdc8021da7c9f9b68b	2
ftb-01648	0	sha256:61fdf1e53533c1e743e9fa71e7f14ac29f42c169924b537082d11828263799b8	2
ftb-01648	0	sha256:efa4798d3f88160a171566b1b6f22f0ffc4cf7072decf13e3bf3ef7805168111	1
ftb-01649	0	sha256:4fb6bca1cf78d46ca4392348f400d0ec348d4665e41ac112cf976e2e15a842d1	2
ftb-01649	0	sha256:9d57f70f3ecb2ee2a5439b4d0044623c9bd338d9247399b9953b6a8a853aae87	1
ftb-01650	0	sha256:2c13d96beb8175f47e7789f17760b2120c31bf1b6fe630719a6e2eb9e1527506	1
ftb-01650	0	sha256:6bd882773599ac79cfe8cad2f67a27c64e8c44a556a0e5d48e01d127b6e429a5	2
ftb-01651	0	sha256:3080e6fe337654c89c4902fd1f264631966e75c273fc06c9126f326bc360ab16	1
ftb-01651	0	sha256:fa12243e143ea5f6f13b0f43010e5173ae458544a0f5c287f140ca233713bd28	2
ftb-01652	0	sha256:4eb1cdae0b0dda183a6d0dc09cc5e026e81a48e2b8a4838443cb4c0c64081fa4	2
ftb-01652	0	sha256:acf3b481373c9496cd302bdab0dc5cc3e9c92c0c854207014c64247a759421df	1
ftb-01653	0	sha256:0d055f00bd09fd25ab3d979925f9b6b4544963604933d5444d1c443f43dfa7ed	2
ftb-01653	0	sha256:1d362f5e368eece6d15f465fe06cb2d7f1640a3976d3e5b47c548c30e04b6e7a	1
ftb-01654	0	sha256:cdfbcfdd7b65d5d4cb2173fb22c9e0ee562f8250025d74b330306d498f67c5ab	1
ftb-01654	0	sha256:d44b760e3b407f0cea7309d675ea0aa9d61062cac31bc64b0df310d03e8507b5	2
ftb-01655	0	sha256:388e07e18ee8cae245c0ab13503ab7b1701135c3c7c12ee0af2cb733f5dd6c91	1
ftb-01655	0	sha256:d9d613edab470bdb554be7b4be22bc32004c5f0b0c079d57592370169d6491ca	2
ftb-01656	0	sha256:6190ea5e009f6f7a2e0eea45a270f1ee2be615344539fef62dd38c768641976c	1
ftb-01656	0	sha256:d8e31431fcb58f683bcf796ca9e7cfbc33cd850f487e61f86a10dcfaf18a8aac	2
ftb-01657	0	sha256:7a795bb24181f21ea3f374d5c4e944a131827436288260d2133de5e4253578e2	1
ftb-01657	0	sha256:be2bd53c3dc930f855f0040b546cc4b382ee6b024e058145cbc27035e48e5fe4	2
ftb-01658	0	sha256:eb8bb039fc956b8d0dd63fa4bde13ffcd3de3a0a11d152cbdf0c22e4c7a7bc73	2
ftb-01658	0	sha256:fa340d879b0df5c2cb59a4ddb817afe66f2e03bf26ecbf7386ca5b783178133c	1
ftb-01659	0	sha256:005940505929177add23c519533c812db6fd0a802ef66c61ca35b1c100d70828	2
ftb-01659	0	sha256:86887c8e2202b25621dbd23d5e0269811156820a22e64633dff7fae32e98f6ad	1
ftb-01660	0	sha256:1d085301da11c307d890efac5d01060c0801bdb5ca9f0b3c71565190bfee9d76	1
ftb-01660	0	sha256:7f9854cdb351074262f934c37639acbe5b303a7b1b4bdff861d3ad9a1a70871b	2
ftb-01661	0	sha256:08d980d621cd70bb38505654498dbb47dd780a52b547870e1f22ffe47a7bc3b3	2
ftb-01661	0	sha256:f7214ace5e70ee828bd2e0224efaa101a8db015dd9080604dbad77cbdabfec1b	1
ftb-01662	0	sha256:a31ea5bf8bdfdbd244d4ce44c27d07e4a775b3078ed94f8e56b462eeadb0ceab	2
ftb-01662	0	sha256:b6b1859ffaa24ec16cd9f235317f8a80335257b3a5a4cf420681a0fba3af50f8	1
ftb-01663	0	sha256:18e881eca7af979584ad5454d36b05f5d141ba6166220bac57834da10c276078	2
ftb-01663	0	sha256:7253a67e115868f1870b22ca91f3e9fdb1d26e556ff20e948db575e743aaa69c	1
ftb-01664	0	sha256:6fa64a3a0deb4e3cec62e6c862b0768c28213f08191fafb856b7e4d65832ec04	1
ftb-01664	0	sha256:92dc3f83beba680fe7bd374829be42ee39660c8bfc626400bb5fb6a3e6fe3f8a	2
ftb-01665	0	sha256:83877fac9ac0caf59d04801be94919c7e8b66fa0eb0016d885f37d1bb2302dd1	1
ftb-01665	0	sha256:aceeb2101a5ecc6e260f1621b3f862d26d723167dac3e7196490bc472dd28104	2
ftb-01666	0	sha256:2743f6289a9e9c0d4825e0d5e2decc39c95899c29a0a22748c3fc34f3bdcc565	1
ftb-01666	0	sha256:bc1708304ab50d014bf66c24e9505358ebb7b88628b0dab7267687acc9adf240	2
ftb-01667	0	sha256:9c10ee5def25a7571979ed9e27eed51e63a49f5d3da63e69c308a12893a4350e	2
ftb-01667	0	sha256:ce31685e8ab27bad5e676b8a126e418487d354b73d5886f95d54e1ccdf928a4f	1
ftb-01668	0	sha256:72cc0d4bfa1742f438779b1b2306aaa53895935fdd3528a2f0e73475862acdb8	2
ftb-01668	0	sha256:7c4f230649719e01cf464fcb66537884c3a7d999c6e26a10b71680d5e2972467	1
ftb-01669	0	sha256:1221e8ca32ea9f87f7b9b658b97dbd6f3f2bd5d43f278906a165f52d80637a7e	1
ftb-01669	0	sha256:749d0d93216d838013698775827ebe2b050a3cbc58015ed6a3a8726a6b9ef48e	2
ftb-01670	0	sha256:18ef620ef4d6248bd11b319728dd1ec09c2d557caf574e355d4ddfe2d39d0076	2
ftb-01670	0	sha256:dc075f6f49abdb1ff78697b1e862dc990541d8e5ccca3cf05e331fd00beb7981	1
ftb-01671	0	sha256:278cde25e43998568931f7c24633ebeaedf535c6377253e73a53f6ad882e453c	1
ftb-01671	0	sha256:3811b638833980fb30aeb920abd1a8531672351c9717a82e2b4db2f85b44e6a3	2
ftb-01672	0	sha256:09c6d9fef90e4ea67fe6543f18a72d8e013252bb21dcbad2f09a7a2d999fbf71	2
ftb-01672	0	sha256:15dea588d6e7b242f187c6542ad98ec804091169569ee00b483e25762c4d74b9	1
ftb-01673	0	sha256:66b1e732a900bb0db8646a7a5d9abb4a80aea47d136ce1cf857f32657d62e1a6	2
ftb-01673	0	sha256:db453d559f947d65ec1f22359b39121d78aaf8128b80081ba05e888b319e988a	1
ftb-01674	0	sha256:17e53b6a4beb4938d7d390846abeefde9339021b5da289924bbd8b20f40117c6	2
ftb-01674	0	sha256:fda42a3b0895a65207114a4fb68f745fab8d2a480421f0c496e41ded28054d91	1
ftb-01675	0	sha256:49a7d58f1d8ab4cb69f28e8cfce372e90903415b9404ea5ae90f92afffce3a90	2
ftb-01675	0	sha256:b953738b9045e2a0068018fd9946fb4a4d36210208792c2a05f0208ffe1e9c25	1
ftb-01676	0	sha256:2b272bb1bfd385cd6ec7642e78e9beb2e2bb4394d398e72d1a93c3c8303d34f6	1
ftb-01676	0	sha256:8cdac227036b211f839c72cbd04174d9212af60942830eabd61dde95eda810cf	2
ftb-01677	0	sha256:4fa6e897c228abdb1b8b237f92f784f2cab04e64d3ccdc93ef2350ed952febf5	1
ftb-01677	0	sha256:e3833bbfec37377dfd60787e813bf25daa6efcf7a0ad0ea670547bd605679a5f	2
ftb-01679	0	sha256:10b20f96bd978844d94caa655264c33cc076481b7ddfabac0eb832574e5e12ac	2
ftb-01679	0	sha256:133c1259cddb2ca20698ba1d19d7166592775b75047af166603970fd32cc1318	1
ftb-01680	0	sha256:91bb788a7fdec43399bfad74d6cad3775e92d66a33893bc1a220395b39e3af1b	1
ftb-01680	0	sha256:db881dac5370b1c7ed7a060a8038afecaa558dba136becc79c50b22b9ee222cb	2
ftb-01681	0	sha256:98d0ed473ea6a523daf849cd8b6bf4c6d2a82489207ac26f0bf2599fd802472a	1
ftb-01681	0	sha256:ad1eb1e1bcf5c15412d98dd36981b3051c471a2f0d5d59ea31ccb210bbf8504d	2
ftb-01682	0	sha256:7a3f2a569542fda6156f4e11826bc4832b104f40b109e576ce94ab666bc21956	2
ftb-01682	0	sha256:9f8cd669f193f7f57bda24710bd1c3d87e04de19dd2bc832c4430cb2fba32409	1
ftb-01684	0	sha256:536aafb0fa4de1b27cc3870e87b3a6af11161e63bad33097a7961e3659c7263f	1
ftb-01684	0	sha256:5a331d3f40d968a42287348f97e9da12ba8511e3f205f4b9ac9286a20d7b722e	2
ftb-01685	0	sha256:165a21665e32977764ce3577ad8a56e31913e37dac98e0c65a93d6ea54b0f22f	1
ftb-01685	0	sha256:1b7d4fc98a0147bd1f7fc30e3a76cc3120e12cfd8d56882949719cd1dde3458f	2
ftb-01686	0	sha256:0d127266deadf6db3d111fdb0c8496cf23158d99557b1d01071752dfbea245f4	2
ftb-01686	0	sha256:8882207763c1c6b4a2cc7d38d69815ce33ef1d85e14226f70f747dc6965ae269	1
ftb-01687	0	sha256:8c1531852fdb4d750b7d627d17b0195979c072febfae57cad576efe53c67e124	1
ftb-01687	0	sha256:de19e49adc366c9f7e39802025ac39aedfe374020fa75bee6cbd2da8fb4bdce6	2
ftb-01688	0	sha256:7edbd6b7d5f3131fffc8fda5184e90fcbb32eb0cd3411b019bbed6dec8f3cd5f	2
ftb-01688	0	sha256:cda94cabcd8c0b3bf77b03a870056d25af069f64ef2ba42c5ca7a45b50735b89	1
ftb-01689	0	sha256:bea8b5263be950d54990f6baa15913903f1431c081248cd4efdd70ff2d28ef29	1
ftb-01689	0	sha256:d9ca17003bc296822c0174854c7fb433a5c766e11392977edfa80625b675a5fd	2
ftb-01690	0	sha256:2f59718b0aa5f93492b60c0a1cbcdc226f37cd22bdd4cbe3788d593474747ae6	2
ftb-01690	0	sha256:570cd6304b71fe06f64992e5f2bba10a43e80b90f62e2c5282115fc266ca98e8	1
ftb-01691	0	sha256:79ad2a77104d4210a6860f2353ab2c8660cd4a9706421750a93691a33ceb6720	1
ftb-01691	0	sha256:bb47264c861b38104e3b82c97186a77f5ee380702ae9f07289fa008d97546f30	2
ftb-01692	0	sha256:1b37f9a93b04a32016c19a73b9845d9c3a487dadda10c16dc3e0dd649c7df17f	2
ftb-01692	0	sha256:99a53357e58ce14cb5ed8d254a476f713f618c82f87e8f5b5085cc6dd93a2b03	1
ftb-01693	0	sha256:24264a20e3a23f9d4af98e63dfa999ec4efbb54b1837ef31ecf3e5e1306559fb	2
ftb-01693	0	sha256:97d6b3b07efc25e201c7c68ec37682184c4ad9bba8ed79b9889ff39328f2a4b8	1
ftb-01694	0	sha256:7abd89728c9ab2a942bcdefc788ec7a497f4d36787dea60fb362e1883f1a244c	2
ftb-01694	0	sha256:c775cf25764eb14ed7a763d90f2aa9a1701431592b470030b4c46fe6016a04ad	1
ftb-01695	0	sha256:58aa437c15f0c386a7bb73a8f14070ac728c8dff938ebc2ae94f596102cea98a	2
ftb-01695	0	sha256:866f3ce7316853968e8111056f65532503473fbc51174316e8082e4a0a582735	1
ftb-01696	0	sha256:558c708d3ced859f15bee10d65372754e8596103b0ecd806726632045d1dc050	1
ftb-01696	0	sha256:d93d53f5f4604fa9f8f037d0c1634fe68f995b8d670cfe5a2e921e96fd59a406	2
ftb-01697	0	sha256:532a088eda836bbb2b5434a57e5d292f4845af1b2b63ca3abc66cc1aa7d0ad4f	2
ftb-01697	0	sha256:ac4d47cf9271dd593f15c05533352689e38fcabb65ce25d7c321c9918babfce0	1
ftb-01698	0	sha256:016fba6238bc5ecaf645d2b92706cdb90f6c0e4e120efd6d41ca8b030146da25	2
ftb-01698	0	sha256:e987fb9997ac61d53d62b4ee3aee00893aeffb8a903835727983da2dc493ae18	1
ftb-01699	0	sha256:aa399c9304fe367a5dd6773d0c037168df26a328ffd9e27eeb1f322a00c86ad1	1
ftb-01699	0	sha256:f06f32a5376101cf5e8f6693469eb63dc848bf7283db2c21f375d261a2e5b4fd	2
ftb-01700	0	sha256:dbe87cdce1180e5eb747d4c8376401d19d499913ebba378e314d1e371deec712	1
ftb-01700	0	sha256:f327ac3cb0c30b0623ba01e8742fd439e2fab8df1ad3572360fd920a5246b8ac	2
ftb-01702	0	sha256:17275774a5abffc8079154c4ed6b7577dacafdca80c85cffab4e151c6f1b7167	2
ftb-01702	0	sha256:3016d5c6e393fa602ca3797b2570467eacf2c690b8ec0de4bd780ac3a1b09ac3	1
ftb-01703	0	sha256:56707e0c8ab159a4befa9cefebf36529d17eaa1cd270936fb52d835d59254b7f	1
ftb-01703	0	sha256:cda51f27be43b909080eabe3e4c71d831afb0fef2da023645901cc0257e78bd6	2
ftb-01704	0	sha256:2291d9012e0cfe49fdc97e45c117d229c552a9d7d0adbf6ce8e9d76afff767a7	2
ftb-01704	0	sha256:c23990c4886e50babd3fd50879107e66e21fbacd7077032a66b31b8f24cdc2f7	1
ftb-01705	0	sha256:3aff9ae66d0abe9c45ed6e631de321be166b9d00daddf1496016abc53974c5ae	1
ftb-01705	0	sha256:93203b6490348c8ae85f145e06c33dffe46bfe551a30ba5d2f267224f624cdcd	2
ftb-01706	0	sha256:3d2c9061174bbd922939f4f80ce3387ae087968cae966af6e114fac1004a47d8	2
ftb-01706	0	sha256:dd99e9f4200a810efe7dda6e54da7a815c681f60708e5a730effebbbbdd7adb8	1
ftb-01707	0	sha256:a0eb5646bdb3d8a75d58f34c22949ff1bd9a93f12e7cea234422a376a4599709	1
ftb-01707	0	sha256:d851558a2ce3e84f3ded0c445e4d21a4b09b01fa483758b6619be4bd6fd57e7c	2
ftb-01708	0	sha256:3d7b4ede29d0076d292804bbc8e4c7283aabf055ac66bd52107b9d3f53554157	2
ftb-01708	0	sha256:721515b948df91944c4a9fdde266ef441c7b6f29134da41042bd1411ee1a85a8	1
ftb-01709	0	sha256:368f7137cf027646c81f38a53824bd918572cf5d4e060f776e2e7fe9d8c20c5f	2
ftb-01709	0	sha256:ffb79f4a70e4aa87d56c0b016bd22b01f7a1e03ad07f0056d4032602e552d64f	1
ftb-01710	0	sha256:1405c604898e125ffc1926c029dc6b2a35519c573f032139d71e4713a1e1a15a	1
ftb-01710	0	sha256:1fd649fa064daacc3eb7c01cb762a8111a1b91300814b207ed2d3c8d2b51cdce	2
ftb-01711	0	sha256:2d326922dad35243d67d0b25271f8238f2a190431390465d6e41e822959030b5	1
ftb-01711	0	sha256:5af06170fd949251e906d124dbdd43064cb6ba2673c0bf1e5fdb9507b17964a9	2
ftb-01712	0	sha256:da4284e1ca865b2fb8c12ed9bf9c1f9f5ade54890ce02570ec16c5f93c1c4aa8	1
ftb-01712	0	sha256:ff1ca66f5d0ec9efa788bbe0c2c30f94abdb4a83d8a6fc28853a4f81457e401f	2
ftb-01713	0	sha256:63026724ff36ef361bf3df7dbb2979cf4ec079ecdeca7402fea160f162ab8eb1	1
ftb-01713	0	sha256:63c38c4c594b182b1d60711391f4e8366ccd6a07f114407a49e8339d99698584	2
ftb-01714	0	sha256:721515b948df91944c4a9fdde266ef441c7b6f29134da41042bd1411ee1a85a8	1
ftb-01714	0	sha256:83f51bafd47a76d0cbc4e011bb9f3d0ea57f73510bedc2fbdbbb3e95e73c8bd3	2
ftb-01715	0	sha256:5794ea2ffa981330c7de19e52d5f1f74ab2c8d786f6cf766e100d73c7f4a3779	1
ftb-01715	0	sha256:a7547a96351a204fe92be91b210a8f75253cbba06428fe3d018c0ad47560d592	2
ftb-01716	0	sha256:4a10f6357b21979bc95c8ba4a8ea3f1bf2d20a6b18a3e8e731a45015ccdf4d44	1
ftb-01716	0	sha256:9b1ab39189216a132ffc465a59cf289dbace959f240202b8fd63eb1be2c5051e	2
ftb-01717	0	sha256:303eb518862e2a3bbbf4607ef61c63e18f3df12bddcf682288df961bff30e932	1
ftb-01717	0	sha256:5994651e61fec8ce6d1f62e7966ac18ccd043f07930778068f3ceb4006afa4f3	2
ftb-01718	0	sha256:51af034d56d4274644acb0ecc3d0905669176859a989ef841dda7344396a47a1	2
ftb-01718	0	sha256:8c1531852fdb4d750b7d627d17b0195979c072febfae57cad576efe53c67e124	1
ftb-01719	0	sha256:8e616a539dc9800fc10990f9a02768eb04934bbd83cc1fdda11ee1b1a2b75bfb	2
ftb-01719	0	sha256:baced03a7d85a54edfec0a52460cfbb1973a102ba56383547722f3d215b0f375	1
ftb-01720	0	sha256:5e70f143d7d757b15dc25371db1f486bd0c18a827ee7453240e1d519a181f4ad	2
ftb-01720	0	sha256:7bb836bd9bf9966cc610c129d203a6a7b07ecfeddf1e2360fe84fa9f0a036680	1
ftb-01721	0	sha256:6c74c7f6e4ce30979475581a03d353cb17e2e539d9813173fecb8f7a7755b22a	2
ftb-01721	0	sha256:c9d9d5daf33fae019e21f32da48367386854da77fdf81c8d542649f7e9936e4d	1
ftb-01722	0	sha256:35b38f591b45f409ce8d609289b57f2ad243fb7d8218790d288197739732cddc	2
ftb-01722	0	sha256:383bdb05e4addc132a1222be3ed98f35c02a1ad8f77ff1c4e8a8d441fe1ff8e4	1
ftb-01724	0	sha256:7b3cae30f83f2cb8fe21dd44a2f4336db80206dd7df947c23773519658df957d	2
ftb-01724	0	sha256:85b2a28bf10c7988ac619624545600d3b033a4fc9b86fdabeb495c231c2908c8	1
ftb-01725	0	sha256:83fd097ce26a73f6a2a93205d69b29452ce5749ae6472096ffa8cb66a697d3a6	1
ftb-01725	0	sha256:e717d001d249b7c51bddca4bd6ded949e115122b7c465ff8c6e114e0dbfd7e11	2
ftb-01726	0	sha256:0c16eebbfdac58238f939c17f720d5f70671235bfb9c863bedb26d541080c73d	2
ftb-01726	0	sha256:b9f22a49ec3c8363e92499dee337eca761f853e252f51ad22dbaed0d39cde60b	1
ftb-01727	0	sha256:98d0ed473ea6a523daf849cd8b6bf4c6d2a82489207ac26f0bf2599fd802472a	1
ftb-01727	0	sha256:b3859b54f9627b030bb6cc23c18a6c79aaa05aa72ea8283d7653ed14b455e337	2
ftb-01728	0	sha256:1f574f9c814dee98f2270f361ace3d2250ca8791a35f0e96fd2f317b87f99dc4	1
ftb-01728	0	sha256:81641054389113c85b009417eb6f27136ad39859a440caa19cc2af2d0af4d6af	2
ftb-01729	0	sha256:2a1e86439fde3c80a76a6e74219596b1088aea3ada6868a01b41763863a17a12	2
ftb-01729	0	sha256:2e1317fee7bbecebc26f36d95ffd4acfbbbbca2453fefe43bd58a05964ca3b5d	1
ftb-01730	0	sha256:d24d68b6f52ba5fe08c82b57e496d5d617115922029f545f330ea0a6f5d27c2d	2
ftb-01730	0	sha256:e67aded8f50e1cc7766f7371f0c86a405045149e733c80c5d4569f99b6f281fb	1
ftb-01731	0	sha256:0c2204ed1b860e3b6521592329c9d3b8fecd7a66407ee0c107dbf67ed12a10a9	1
ftb-01731	0	sha256:8dda782c2677eaff3393ecfbcd114aad3a1ddd47dcdd166044cf653adcd3d246	2
ftb-01732	0	sha256:af669e5c533fc338abd9b1d40bc6e31ed884b589e0590541402fcbd30dff88af	2
ftb-01732	0	sha256:f133870ea477127539b00a6928872ad6c3855815cea31738dda7d0feb80c5aa6	1
ftb-01733	0	sha256:1ff37829cca6861b82b09b2425e2f560bf401b57ff57e8a0fe26efc9f042b527	1
ftb-01733	0	sha256:f40fe5fa86943b6fa5da17fea52be7bad24d0bc7840760c1a576172570e8c309	2
ftb-01734	0	sha256:7810a110f8ce2e06d7d99fcd505e6f992b134efabb641972008139ef97e9e112	2
ftb-01734	0	sha256:bb273d7e023df5f35214a533b8b468cb720094ea5b585c9e8f76b3534c0ad9e1	1
ftb-01735	0	sha256:ba2dc5d03df79c24cd5f056a72a551a232019df5c2e20a61a3df646c3621541b	1
ftb-01735	0	sha256:da147a4a8c45c658a51a4216d25b0b754842f303fd02be210c42045f497007c5	2
ftb-01737	0	sha256:3fc2a5a5749424829cae5d117f21efd9a27a09c902a824076a84f6f57851211e	1
ftb-01737	0	sha256:d46b52c8a8305578d3e38d7f64ca647df2ce985a30af89956ba65b46abde3abe	2
ftb-01738	0	sha256:6760bba286bfa94a1675b4a7968fbfe5a9af7cf3f22e2cf636013011cb3bb6ff	2
ftb-01738	0	sha256:f85a3fdf4efa4c4b0a0e33b50b736026c05fc7f6d7b9a84e6ae2220c2eecd387	1
ftb-01739	0	sha256:966ca83a98c60d78fb046c7a47d8b966fdc3384cc0f061cc0588277709fb5d6e	2
ftb-01739	0	sha256:99efe07e6cc33346faa7a5fb787a037eba477c906654ac5c75e7be7dcf9f8c66	1
ftb-01740	0	sha256:92e4f4adfb1cc5de41674c82a35dd9dc97e4826ecc0d660348703a10f4a5de9c	2
ftb-01740	0	sha256:9bc16f92306abe7c2bee56154ddafe7c71b349aeb6c4741814db79a4e3830635	1
ftb-01741	0	sha256:08702a4587263786278a4c44e73f5adc340432b0b2e105e752c11c5ea5eef3d3	2
ftb-01741	0	sha256:c4f194d61900ee2715888bd86c91c2051b56ba771c0bc85aeaa0a2bb50dd7de1	1
ftb-01742	0	sha256:24115c552a5a8f92c784b5a25734a00e0ffdc02229d13c7af47a3db40d1cb289	2
ftb-01742	0	sha256:f556061f2ec9002c8af5d50bcde3980ac9df26899c76a3febc64094e6e4a69f4	1
ftb-01743	0	sha256:63ff847c77307ccfab389b347a85933e08e13c3d412cf0a5592277fc199978e9	1
ftb-01743	0	sha256:ac977722146d44817a8cb36ebbd56076281006f25c7fdd2bff7e65440f85d804	2
ftb-01744	0	sha256:97d870128cb490f77e7c1d5a82ce91a33b5014e6c4bb42264f0f263d4e3078bc	2
ftb-01744	0	sha256:acf3b481373c9496cd302bdab0dc5cc3e9c92c0c854207014c64247a759421df	1
ftb-01745	0	sha256:4fabe552c70aac87ea0f6acb85173e766562fcf8257ac3ce1d6fcad5925a6dac	1
ftb-01745	0	sha256:f7d1d1333014ad244888c76203d23f9f91cd56afc6510017c84d617c928db5ac	2
ftb-01746	0	sha256:4cf50ebf0d09a11ac45befaf880d4ff714266806ea4f0ea5ef13e9f02d215156	1
ftb-01746	0	sha256:c8b0e30f6d5faced1f2996f9bb6da32c0fc677b08aef32acda9759746f235726	2
ftb-01747	0	sha256:240119ae209e7f933ac4c8deeb29df9b74611443c86f5cd30bff76450519361c	1
ftb-01747	0	sha256:88f4839e62318ca2fa12587d364ea75368b93b1e1429510fb765b33e1574f033	2
ftb-01748	0	sha256:49e05a3b3acb27275cf6231d0ece38281dbec86f6ee51c698dc9389f0573c038	1
ftb-01748	0	sha256:a5b85649ae953cc1923709242891fc8d8366ed7a1a7a7b1cfec923d96efee821	2
ftb-01749	0	sha256:b7e53a1afe159e56565ad58f20aafa2e14dd986645eecae33e7973211b4a6c2d	1
ftb-01749	0	sha256:dd24a8a402be0e86de7b7ea2f65c4fe9a2d75b91f8cee87e18745d9c06117a0d	2
ftb-01751	0	sha256:352beb787c8ac77e54f18feaad4ec916feff7197dccabb2e88fee4c7973843b0	1
ftb-01751	0	sha256:a5647d74c7640236b81b8d7aebaa173049c2b3e7156396a09096da58c65325dc	2
ftb-01752	0	sha256:2e1d06166372a0061e7ec377317876dbe90e29e0013de89d099a5169e212929b	2
ftb-01752	0	sha256:e5aa6a81d9b8c16aff8708c6d7df93d8a7a5c284ec95533bda9df31246be6678	1
ftb-01753	0	sha256:acf3b481373c9496cd302bdab0dc5cc3e9c92c0c854207014c64247a759421df	1
ftb-01753	0	sha256:aedd7375db228ec0bc18eaf24c293c91b1b961707cd0594c2c5cb7e5e5536ae1	2
ftb-01754	0	sha256:655742bdecdd34c077f6393cb5ee51fd8b6e0acc35d0bc93533644cf2593eeb0	1
ftb-01754	0	sha256:717307b31af58e2d0da6b3c885e9b103cea77ac2c4cfb9d85bb2d44b3d7e0d3c	2
ftb-01755	0	sha256:61903e3ec8ee067d7776efd2636ce3b94d78f10d5ab2ef59151139a0f70dbfeb	2
ftb-01755	0	sha256:ea7c34e95f226031c5478f61028ee5cfe31118f13ebe45f2736aa1bbeaf3f142	1
ftb-01756	0	sha256:3e03a2571b4563ff6d3f3d0495a361f8ff103f171f983c412a404f1c3383766d	1
ftb-01756	0	sha256:8dcce53c1b95a6857cf9140e932a0734b73e10dd3bd52b6775bbad6e825f03be	2
ftb-01757	0	sha256:18a5ffd8f23c3d60bae30f6fe624670572e99d252763b0a43f2899624c2a247e	1
ftb-01757	0	sha256:626cc0d2a91a067bf1318cd8f905ffd585f488e99f95229b2d0b9dcdd0763e19	2
ftb-01758	0	sha256:89caf333ab5b1b58eda3a9521dd172d2738cf45bc9732087e14cc3a75b6fff52	2
ftb-01758	0	sha256:ac4d47cf9271dd593f15c05533352689e38fcabb65ce25d7c321c9918babfce0	1
ftb-01759	0	sha256:029f016503793185b50563b3e37e4f3ce51ee94985914e82e493871c7639ed53	2
ftb-01759	0	sha256:c7b7808c244d5013a1e02e46546d0f0158bdede57b2cae6ce813edce0a4cf0cd	1
ftb-01760	0	sha256:208748b7fb908962eae2c48acf2cdc30107913f62cb0642d91c763b4af0e5c6f	1
ftb-01760	0	sha256:2d586401208de2db5e82b0567ae56adaeb587a4beff89eef32dd81639ae4dc76	2
ftb-01761	0	sha256:02a461def8f29892eeafbd69fc7475ff43a23be5089705559e3470a6db321d71	1
ftb-01761	0	sha256:47dee0775d01402d8b36c9fa5bb8d0e369dcf193ba5c1e7be50c8e3253901adf	2
ftb-01762	0	sha256:79de7dbb4c6526d41494f7531a965f6720ca1b045164cbcd98ee69b028ebdfa8	1
ftb-01762	0	sha256:ef96bd4a0293a5363aa4e0c9c6226111d565e1c6c15ff3f031cc64e609bd2f6c	2
ftb-01763	0	sha256:0f6fffde8612c9d1560c44854f90cfbff5a8910480936b176f04a837a516c944	2
ftb-01763	0	sha256:e9f104398d1fa1d59c1dc230c9e28cb1e4b68763c99a568607d6f40857232b1f	1
ftb-01764	0	sha256:14ac4f7b2fc6de0ecd1e170cc5c7e17afcbb50b2aaff32fb26b7fb386aa7b3ca	2
ftb-01764	0	sha256:f6355a5489db638fdd9a040f5bcfdba585c952a9cc6428b62661e6a1c92c73ff	1
ftb-01765	0	sha256:305ca58d5be7b363f19a16033a87057d7c99b54fd074a67c46230498d7716dc2	1
ftb-01765	0	sha256:b5ac2f2c5a5a628185af840fbc2a325b86d6fd7920a2f97e5e6d13c38586b43d	2
ftb-01766	0	sha256:63026724ff36ef361bf3df7dbb2979cf4ec079ecdeca7402fea160f162ab8eb1	1
ftb-01766	0	sha256:8f0b17a577e6d59b859af726742b3ff05547252e2f2c6be095eb4ee8de696554	2
ftb-01767	0	sha256:a5cbee0b1f8bbc1e7cab18a76a80eb8659a0553c2eca54b1af4a6290089ad9e9	1
ftb-01767	0	sha256:bee2f1e801915721166663a56ada5990b63179bb308d2cc1ab2af3854a82c412	2
ftb-01768	0	sha256:0dc0a10fc6b2c3180cd75e1610ddd789b67eb23b875b27d1c5db49ab137bfd7c	1
ftb-01768	0	sha256:d4e5e60992a1e172bbea8a5ce0d225976bdb14dca66ba6078694e24c66ab2f5d	2
ftb-01769	0	sha256:68acc09a07ad5c57f9d20067861ff1aada31aa0a4cb6e9220fa6c9600571fefd	1
ftb-01769	0	sha256:fdcadf3245604832be1faeddb5e0e66fef135a89f0d70c101b4744652950dc6f	2
ftb-01770	0	sha256:1671ef5c9d3e85970c35ce6f7b5de5d3f2a5e86ae08787e9e8f17966e0714943	2
ftb-01770	0	sha256:98dffc6ff37b600320e486088f954ad6d4e1030375b2ccec7103a58448d67dbe	1
ftb-01771	0	sha256:58646d29e2aa64b8a116ebb1634fd0d820b78ff424b997067202c5f92799f450	1
ftb-01771	0	sha256:6f46c9763d6bc327dc21b364c46d539d68e0b8b46e776714e0b1d648126f4e87	2
ftb-01772	0	sha256:327f925542afed9d16e25946efb4a1beb43b53542b6090b14b07c210cac25fa6	1
ftb-01772	0	sha256:d397047921137ae5b6faf78401d3d52545c19d80e35a9e96c0bee18ee500b920	2
ftb-01773	0	sha256:3c595de405d2cab2804cad6de3e3706ac77fd1d82da68f993e4370a362463386	2
ftb-01773	0	sha256:6e21dd940a50f4551be0408dd222787c16deec1db831bdadde1c0fa1cf430bb6	1
ftb-01774	0	sha256:4dff37099be86977a212dc382144119f91629f3b79341f0c4e3169fb5697d74d	1
ftb-01774	0	sha256:646a824f90419790094f388cae737e0dfbc6e7b6428dfabb1196422d2abb0b65	2
ftb-01775	0	sha256:023c90b0fff5492ce8b54e5ba7f129a646fd17be5ea0c86cfcc49f9bb4c47808	1
ftb-01775	0	sha256:1025d914ad8930e3b0e28037ea947a9f1bbac24a05517a51c18f0c8cc02f8313	2
ftb-01776	0	sha256:67349b189e2f0ba32ec0ccc7924793fd2be60ebbd76334ea4a270bf794c145ee	2
ftb-01776	0	sha256:a0eb5646bdb3d8a75d58f34c22949ff1bd9a93f12e7cea234422a376a4599709	1
ftb-01777	0	sha256:57ce7cbcd1f283d62169a34a5a076b77459acd4dbf6145a6943aa2bd33fcdd23	2
ftb-01777	0	sha256:7a4b82654bc81e87b03d1d457e3ab9488a63485ebe64d63a95c5c085e0d53da7	1
ftb-01778	0	sha256:18b4b5e1a31cbc3bfbb0890bbb813a2cea399d4064671274a71d2e8986ecb190	2
ftb-01778	0	sha256:aadbb5253d87ee389e2845ec907bcafb179158ab8e81fe15c6a64a1ba786da44	1
ftb-01779	0	sha256:13554fe026e669e8aeb830ba834236441d3e09b62a5eeab9183912ff1fc0a092	2
ftb-01779	0	sha256:67316ba53b07a6d5581c4ea716545fe24f2a0a8b69a89cf94eb1ca9842e575cb	1
ftb-01781	0	sha256:4b1655d81d7bfc70be702f812c83b64298fd85cd586b8592372cc3e8c56b6303	1
ftb-01781	0	sha256:b2dc156c69fa28e4c70521354cb4a5fee21be3bc2ff42458733dca4cc2ac713d	2
ftb-01782	0	sha256:5864e1a92806b7c6452dcb721c10e00dba8932dd20fced5d5879b018b7f2baf7	1
ftb-01782	0	sha256:e790c3e55589ed0933e979e2a1ea268038aaad7d6d052229dddded9b1c197b72	2
ftb-01783	0	sha256:cde398d53690426f3d27b70a92456f461c8fa6e1adc6de363da9e40f782d3c3f	1
ftb-01783	0	sha256:f5e167c73b1b598013882c786a89a5752c093ca69dc70d0535fd2c816558d235	2
ftb-01784	0	sha256:2595a7a5d3958b66f9d4d6f8ad11149b025be3ceecb9f87f8ffd03fd74e2decc	1
ftb-01784	0	sha256:844419c551e79d8de792a64cd36f3b5254e95e14852aef747b5d3fda97a10e3a	2
ftb-01785	0	sha256:79818176ce6e6266981b54f3647c0c678238098f78fb94e22cedd2ef852bdd31	1
ftb-01785	0	sha256:b1d91e44b7d7362d8feebc527eda740ad53817d712e5d70530e4f0757e1d14e0	2
ftb-01786	0	sha256:138c2e38fbe4715e008deb7e406d7355f2c88db95087a14a531ef8ad31226ff7	1
ftb-01786	0	sha256:b9e956bbe8577f86ee96de4cfde246ba1994b0f99d73cb92def4bdd570478ce2	2
ftb-01787	0	sha256:01c0606f76a05fcd2f074b5b44dfb8ab13cf49860b5e2fdd935091ea890e2223	1
ftb-01787	0	sha256:90a1dd9ca8a16fc01a752970f81438a75a0d816de6d006568091f4ddc3137bce	2
ftb-01788	0	sha256:045fbd694a61caa6d0780d19c7dae7a7a6bc144a69573e432ba54b0d9cb51300	2
ftb-01788	0	sha256:40c6fd5b9b71c931b1473f90eeb6958878823afef5c0f5fa5a3a6c11e51c5fad	1
ftb-01789	0	sha256:69ec6104f317793c1535c01ac719714e22997f7fbdef859866089d2ecadde451	2
ftb-01789	0	sha256:c4177baa9d9b9534f70d92875494e6465a0e5b25fd792b696d9235f6e5a8af5c	1
ftb-01790	0	sha256:38749eaf430dc9a135c74bde34dfaf9313cf418a886cb40da1e567d21b9246af	1
ftb-01790	0	sha256:63f42ebba1a135516efbb29c6841393aa4bb9525e54aba8ae91a9bef34808291	2
fck-00000	0	sha256:d006dc769b3dc613454424715875106301c86b0e6c3ae0b144f0def725491f9a	2
fck-00001	0	sha256:e1a24ad53d3c97919a42ec1edcec6e2b4b13eab825997ee272de532f968d0ed4	2
fck-00002	0	sha256:393616d401805a7d27ff7c8067e8c9c62effee363bc5f0d203bba1a9f75716a2	2
fck-00003	0	sha256:b363f10e7faa19f792f61b6682da87d88ad3abf3bbb4941c2466b7155de6be95	2
fck-00004	0	sha256:2bff0d015162918494f3821e32c706de8eed3671d2d3b0b4f33a9bc57c84e2f9	2
fck-00005	0	sha256:14b2fd5d465563adb3e2469f86175adec699995083e5c4016341860f7484c357	2
fck-00006	0	sha256:a6c79dd1a01ce68b920db2afb41af4bf7f299f0ab8ba686365e90c884948cc9c	2
fck-00007	0	sha256:571c65f6311f59084fe9ed8fa8942ea8e8080cfcd20f99c4c77a37c76bcbbd42	2
fck-00008	0	sha256:f7f1464e040af13f737ac7325a9bd8798e7277c2dae7acc4a989fed630c125c6	2
fck-00009	0	sha256:02932ba6cb276bd66687ac75d83ab029e3c9d786af2868c83107e902996728a9	2
fck-00011	0	sha256:acaf7cfd890f2729a9b084b1112f5e86aa5ae5f06b8fc3ea7fdbb4848b196f01	2
fck-00012	0	sha256:878d575e4249e72c4c8e4a474f056f2bb3ea61b233d4dc76c038236f466ba688	2
fck-00013	0	sha256:7711e975be74633030417c2c050ae25d693f2a07361df1335d0ca3801283556f	2
fck-00014	0	sha256:adb929b94fd899bf8a4b9e1867ac27757c5cd5ec5dad6e4b2a3954d70e65799b	2
fck-00015	0	sha256:23737a5b9b4955dde1efd7ac2bc68d31b90e342ec017f81c2555d394d715233b	2
fck-00016	0	sha256:679dbbc7839b4017ed1443f2159dc3561bd448340179b9408fbc14699b8e2a3a	2
fck-00017	0	sha256:4906e033ee70fa7e18768b17a945bbe91a0fafc4577fc5788f420704abb4931a	2
fck-00018	0	sha256:b1faa1991ac00d2fd1174eeb214903f958e5b11d3e44cc2cef9205406738f634	2
fck-00019	0	sha256:a72f947976c523873cd602a8501cf511080edd2cdaf952b1436b39d7a52e5f33	2
fck-00020	0	sha256:9bea7d818058ceb87ac40d7398155798e426d4844237f954310b719e6a793bd8	2
fck-00021	0	sha256:89c838c61229141ce023de7ed131ef08c9634840c6b3feea2276d5a97303786d	2
fck-00022	0	sha256:364c2c8ed550d477a974e3ed530c718c1b2ffe4fb1a6594e2b0502a2ea5530a2	2
fck-00023	0	sha256:a8d637370b97f532b185df5c4889a8e4695490e80a230fc4f3f77bf867f127a5	2
fck-00024	0	sha256:490d1a3d44386e277e75385c44100859a07dbd32b417feed5e9d7af545058109	2
fck-00025	0	sha256:957a156cffba5f94334b0dd8f625f924f2c52b898f013364d479e9ab27598c1c	2
fck-00026	0	sha256:7045b065b4cc4d296aefcb13065aebb662f9a19933c9741aaf3818d3ea2cb890	2
fck-00027	0	sha256:9eb76b085f6de4e2c3c031b25a475a596344d2c2b521023608aed82a61cabd78	2
fck-00028	0	sha256:eb2bd9249632c7d4840ba5bf443c2c52baecb6a659c7fdda3ee02c581a15c686	2
fck-00029	0	sha256:3453096fafe0fe33b3fdd607789bf4b0e80141567f4f5439920292d06bca0a6b	2
fck-00030	0	sha256:bbd81a62d3628d4f5a6ae69bce3bfaf3bdb6804e3b5207a93c70cc29ea7dbbf8	2
fck-00031	0	sha256:713c62b695cc1dfc665fc5a14f5b90802cb85143e79ec2f0999f74aeba3f5098	2
fck-00032	0	sha256:7756fb541b265b15473f4754a22a4152fa92b0281913c74411fd90f024316870	2
fck-00033	0	sha256:4271f2eea52486b53a720be3f49f5a8734ed9151017e9df02e180f13c7bc2970	2
fck-00035	0	sha256:df62847a79f29e1a060bc7aa285aed11f983b09fe63716fc154aa452704626a5	2
fck-00036	0	sha256:31a5e7501e17b9137cceadee4d99191a00de904c1dbc39fae4ba4e6fb7c75eba	2
fck-00037	0	sha256:a16226d940be8b01a96b1131e9eafff2117acd04cbef03cf6cf6bcf3f24a60b7	2
fck-00038	0	sha256:e731f81814a80b3720ad6435bb97130dad6fddc9814f2373f20255d2db2a9b37	2
fck-00039	0	sha256:998a913204d8f8d42dedfa98798b9cd3a4d8b2d351cd2f3185471e1d3ebf9281	2
fck-00040	0	sha256:1729cb42ed69002a5da01526de80467f82d97685b9188c48bfd8ac11da56066d	2
fck-00041	0	sha256:5010170c825313076a2a251d7d89a91e696478d7b077c4a9c4ad1eda46f809a3	2
fck-00042	0	sha256:605549223eac8246bef72eb0333ff071f0023fc4aa1a1406f251cbb064f2ef6d	2
fck-00043	0	sha256:83dfe833b1760105b3ebdb9950076bde6d49f87a2f856a2879c26bf8a0fa549f	2
fck-00044	0	sha256:dc3e18d8433a971a226d134deeb2a97064b852fcc40688e14a4b482a13a23bcc	2
fck-00045	0	sha256:a935e838dfba2bb3da67e8cc8a8bdbd07b44231cc7a897d9f377f1262c1e6696	2
fck-00047	0	sha256:0da9f0277340f522c75a0c2171d2892e7a883f5d5d58bb4c26867e3573732175	2
fck-00048	0	sha256:aca27b76071edc4ed09918b98de58ae9d7f25443e0cfbb689469584aa7742f1a	2
fck-00049	0	sha256:ff68d34f86730be759127a1341b5b994f40f595b3cd88566cf3039a8aebf357e	2
fck-00050	0	sha256:6ef71c5ff0992651f59acd72f8f5dee574c04191ad0a41774958ef4f4944abff	2
fck-00051	0	sha256:a7a590cccc9743d701e87f3d43c26f3988cd55b1869b90e6dbf532838f11c9c8	2
fck-00052	0	sha256:bb619e70029299c5a6e5aed21bcb2622e7ecafe969563e847ae060be19cdb078	2
fck-00053	0	sha256:d658fbc4f9e6f79368b9b1d7e400e611ed23425c3f5423103a797b36ca6953eb	2
fck-00054	0	sha256:a069e7277192502dfb0fbecb5b24be898da84b1e6c2e0006c96706fb900d74ec	2
fck-00055	0	sha256:d3690d15361f5c3ffd7a772c93d955ddcbabacc1cba8021eb5f5d11a888cb40a	2
fck-00056	0	sha256:429e106fe771af84dd8bd68fa1f7252d855c58e7caefc033c2d1637aed6ad991	2
fck-00057	0	sha256:2bbe82a4a8e172ee7bd7707e588bdfbdf88ef44b31408c30dd5f2206a2598796	2
fck-00058	0	sha256:9b8a963f9adf77cea038e9e201c11bf9505305c6caeaac303047bbcd9764f578	2
fck-00059	0	sha256:320a6586b455ec393fb65f0a1ff6a5f1192bf6f89656855824036429856ed8a0	2
fck-00060	0	sha256:a7d888a448adea132f8cd1566629ee67b1a8bd78acbf8d0e682f4592ddedfdb6	2
fck-00061	0	sha256:f24f7bcc5f6c69f3d322643ad8f0c70c9f54dfcfc4b6fbcbf079355612e4e539	2
fck-00062	0	sha256:eaacbce11cedc39c31d1697ac2f15b7b31bf754f369fabd30d26c203a9b99722	2
fck-00065	0	sha256:b75c758124c0ab79aadc3f308740f8a539d77ed5e7910e85968a2b6762ead72e	2
fck-00066	0	sha256:827e86c55da8d7884045c61c1cd49f8d7c8b79d75562e8c5169a56a82c39111e	2
fck-00067	0	sha256:3ff00fe56ef672e7da79e310a1dda673dec55cdf84ec54394dcf275a0af1ea68	2
fck-00068	0	sha256:b77fe49947bb439e70182e1274cf3f5a96def39a767366efad2efe4a8cda1501	2
fck-00069	0	sha256:28a3d17a3fc099edbcd5a3ad4d5b7cece3416662266ae9badf57058bd90ce0f4	2
fck-00070	0	sha256:02b2bcf8de457e9d882b759cd63cbb9d0a44706547499ddd5de9466dae4ffe17	2
fck-00071	0	sha256:2e6831f1d3cd6c5c9f0eb8d033c6bd76d1495221fca352fb1cc6f058c3f6b4bb	2
fck-00072	0	sha256:ae32e0f97fd7e0fecb5e0c860e457552eb0bd78aa635136f809b6aec82087a04	2
fck-00073	0	sha256:ec5a3285f23ba2105ba5f72015085215b2195e6b3d643926e3cd57ec866930da	2
fck-00074	0	sha256:3156747de31a0c04f781002740998eb9390491746e3ecec90b7b5b05ee5660be	2
fck-00075	0	sha256:bc15c1958e4892f60aaab11de3fcafa4e4d08b24b98673378512f841a81a9d92	2
fck-00076	0	sha256:de337ecbf09acd3fc6c4932d8f592a560be06c471258f141611d94635ec1914a	2
fck-00077	0	sha256:2c9098af9efe0d54cf8d1f4562c0f8cb80423af9e55f35fdd58e9bcd7d00ab5b	2
fck-00078	0	sha256:ae968e82d7509363e66834478e62584fc93a454a3b2f58b48af9af4c5ffc2863	2
fck-00079	0	sha256:0477e926dd4bf68892735ed77f3edb40d9f718d5857aad6182b533ce10bdf458	2
fck-00080	0	sha256:5bc581d1b8ce3a32a51ef3c436940fc37d6808342260101051d008fcc4bc1f1e	2
fck-00081	0	sha256:8adcc0762b6d398b534b80f93390bd063a37dbe15104c9c9ebfec1af84667488	2
fck-00082	0	sha256:ba9e9f80c75a334f3f1a70b11e95fc54510c2523c9202986c7836a071bb1e872	2
fck-00084	0	sha256:45a5329097de9eb44d3eb7bdb224f0aec82f5cd8115e98f46a65e97eec0116c4	2
fck-00085	0	sha256:4c87f88a51b1da50081b0c68fc32709c34b33097f6538bb82fee2a2df1a4d1b7	2
fck-00086	0	sha256:0935c982b615e1a3b3f5c0aa6a0c1b7c63c06e6af768b1b17d676c38e111bf67	2
fck-00087	0	sha256:384d70359ec24a699259059b33cbeb3c953e422b28c649b2a004b2d9b0296ac8	2
fck-00088	0	sha256:bb56fa64a6edeb8f76158e881d659ae8840f21148243b46317a1922b667eca64	2
fck-00089	0	sha256:0ab423ba346b5354944aaed2cfabbf89e465ae57eb83cdcf9cec8abd90bb8cad	2
fck-00090	0	sha256:144243b2640193b65d0739caef199e9dbb2c2010a24cedc23b092d2108bcd804	2
fck-00091	0	sha256:745756a87110a261ecde51282959f7fed9e1371d9a06bd2e6e07ffdbf485817a	2
fck-00092	0	sha256:11aed7d751d23b6a0a15b96eec8070fac0503aa78a936171563d3c7257e42666	2
fck-00093	0	sha256:13ce6737d48191457a7aeded8910a13b5d5ef5946565bb4b76c83a6bdfd5a800	2
fck-00094	0	sha256:d6de78b9ea4c24d19854e8562cccfdd1e30b37f34dc7b9b9b964e18d8f963185	2
fck-00096	0	sha256:180628b3e6b1ff3226f27b7ef4eed73e2a8d88a6eadc2f644be141dc24d36421	2
fck-00097	0	sha256:3191ed0252f4dcaf720b7e847786352df3ead2c8cfc8d427fbda911027864445	2
fck-00098	0	sha256:b9081b727d56b29b56cb4a198100d2c04b075c4afa70daa05afe03869391c000	2
fck-00099	0	sha256:6a516946c9c570f37cff2f1bcfb3e8de42a686b79713e1892cb45e1547e5c870	2
fck-00100	0	sha256:0b4a1f6716f8e82a3bca27525c17f0a91b6378a6f43f523c142d7d2745d23492	2
fck-00101	0	sha256:1c442bff719457a733bfb64ff34cd18fe863d86ac4e825251dc523c20b15d70d	2
fck-00102	0	sha256:47aeb00b9761ca18c65b1bb31aee89a0181ebdf9a7c1cf6e471c6c7142b69e9e	2
fck-00103	0	sha256:0e68e10dd4a61c52490392ab9f3a7cfa1ac77d11acdce3a2385f1bbc499bfd0a	2
fck-00104	0	sha256:6eff66bf5f9a8fdac3d34339dd06e227677dc91b11e46478aba6c86b7481903c	2
fck-00105	0	sha256:182b96b567fd83df61ea3d66b9bf234631525eca28d2bbcc93ff88290176d52a	2
fck-00106	0	sha256:fd639fd23bf98741d3a0b55624834a201f7df9acdfffa3b577cd9e1d1dc65aee	2
fck-00107	0	sha256:2efa34d71238b5778d5f00209e47c11c73b343ad850345ca1116d56c865804b6	2
fck-00108	0	sha256:05d50cc11cda37d3f991881c7f5ed0572f538e35bae10932ff872815f266f74a	2
fck-00109	0	sha256:8b9edbb3def7c623927786e562641a805c4d7368a518b78dbeb3747548aad4d5	2
fck-00110	0	sha256:3006239f8769be83f1485781ffdcd52491a488871333a3d0fc00a49bd63e29f4	2
fck-00111	0	sha256:142cd6a306f1a2832a47bea1362640b95c2751a4a5105ea852abdb48e4d550f5	2
fck-00112	0	sha256:e88249e719856d7f31e017a7cae4d87955723126a6d6b8b589f5d4a60aba1ce0	2
fck-00113	0	sha256:70e17692119a4fa01f20f60a79e7d9fc3d06cd8d6bad1613304e6aad543ea4a5	2
fck-00114	0	sha256:02c848bf15e07a53f9dd0bd878ce73d45dd642a8a01eebe67b5ca0c9e2905e0f	2
fck-00115	0	sha256:af0bdf06d2d484aa7a2c0c07fb75c3b9da871cedc6b93597be8332c9ba3fe719	2
fck-00116	0	sha256:aecfb8214d23eb89d30d8d2eb777db9be6fac2f776003d29a0686c2004d22d7b	2
fck-00117	0	sha256:82b7566195ad6a63109b2dda3c6c28b9592011af978a25ed8ebd9aae2d87317f	2
fck-00118	0	sha256:a1f5163d12110dd9429574a15be4cd8c5190a645db5da04d582e56acecf21b25	2
fck-00119	0	sha256:72d3639221aa7171c85aa7d51f5412ad7a4d60f6115ee4de2af8e62b9b3f3d9b	2
fck-00120	0	sha256:5e77cd367b8149cd433312bdc3652f30fca4bbbc701bd979696af1112400d039	2
fck-00121	0	sha256:4a2d23787cbba34b46e6e0d7e14180570b80b0ed7f154179ea64c0bddd3a76a2	2
fck-00122	0	sha256:64a48987befa3e3f7b52b3b21f40eb7a4a012f4b2da5df200160de35466358e4	2
fck-00123	0	sha256:e685cb9c834ed42fd9ccbe6ba6e3be2453c0aaff798f453fd138730874fe5537	2
fck-00124	0	sha256:cb58a9a6f72bb4e4799bbc6c5d6b39558363e6abe922e1c7c69c0019dc42a4d0	2
fck-00125	0	sha256:58f3e833d8a2b8c70d3ec33c4fde15473db65d24638e6a8076ed96535eb9d792	2
fck-00126	0	sha256:5482bd25920220b24d948182e36ffc654907c6b04c44dd59ca5149ba9e1177ec	2
fck-00127	0	sha256:84a317102d810ead6cbb078f15f8aa17aff5ccaf3e8decc1e2019352894b0ba6	2
fck-00128	0	sha256:24f664b72f01e85c5007ab6b63851a749332d824aff52a063d57e5e5e467249d	2
fck-00129	0	sha256:2351159de6812dba3eb6b888575b75131bd3b837d273305248bba9bbf18389ef	2
fck-00130	0	sha256:f9c2643de62902f3f76daa47280fc1896df35bc581d194ef6c84b053dec028c0	2
fck-00132	0	sha256:cc61db37e42e2d0f8020badda502a99e3fbaec4e22d3922f5223f6e45aba4e0d	2
fck-00133	0	sha256:b16ebdc410ab3ba235df287e5a7c772cb26b1df2a67d43d7e98ed916fb472bcc	2
fck-00134	0	sha256:739185f99d1da5d6beb486b9ec6caa75d47f6161d520bb79c4b5342ff9efb3c7	2
fck-00135	0	sha256:cd8e03c834010782c9f04c344f6cd3a648d413cd092923474c508430ba943e88	2
fck-00136	0	sha256:f12751313845a8104d5aa7b213e91b9d6f46ffc10047105f46af1a5223defc4c	2
fck-00137	0	sha256:09dc38d14f1243f5225c41aedc8b6e0585e95e0881e498296f5dd6a120368fa6	2
fck-00138	0	sha256:8473fd3a49dd8f855ffe3c2b39fa1f094cf2c0864a27765c0928efb42030f9b9	2
fck-00139	0	sha256:b82f8648ec651e79e846685d794b059d45fc4061670317c676ec1ff6fbf19f22	2
fck-00140	0	sha256:0194b1fcc3aca18beb0ed53c26cc317989c88aea537924dc300ac1a1fcb30036	2
fck-00141	0	sha256:256b6bd58c32691e361a458627f206ff067c99fc0ce0966da2adc2421bd038bc	2
fck-00142	0	sha256:c7429be49dcc2a00f3a682d6c14d1a0ddcf3306f97d5c0518efd5605e7858df0	2
fck-00143	0	sha256:62b136c17573ab61286ba83a4e043e8bc611b3504a258531b7ab866595ca5041	2
fck-00144	0	sha256:dbc4b481947a495043ee8adb80593203d4fdd833c2df97b8df0a5f2b3b88e766	2
fck-00145	0	sha256:1544adde8d78cffafead4e4bdde8bae151969f68bb7c900ecfd2aa178d8ffe2d	2
fck-00146	0	sha256:efdf6e3893da948b40a7cf011915b9430fb785d5ebc1005beaa2d698cc85c59f	2
fck-00147	0	sha256:d5eb73a9c412517a15e6c382d2c82872ae673a675407ac887619e47138adccf0	2
fck-00148	0	sha256:7ca358da9eb24ce7568ed976c048241a653ffd83903e1531fdc35e928dc5e700	2
fck-00149	0	sha256:6cb3e229040a2a0d587400254753a7bfc03d8fba00c26771c68be17782754b5f	2
fck-00150	0	sha256:0578db9d610fb4b458c5bc1962224fc7598262687a4bda0655d4e70f681f1803	2
fck-00151	0	sha256:0258521368e72b8362646e84f35bf546a5ca85200b0d3099e131793d61cb9863	2
fck-00152	0	sha256:07d90539f8150a4b0728c717993ada9218576f39124a8788766ff9952d880348	2
fck-00153	0	sha256:bb1707529180b80d54fefa593f8c8d11d0a0fc070884e6d827a4bb8d4c41fa0d	2
fck-00154	0	sha256:bf949cb1b8340a1d6086a72c8687ce43343dc8b98e732767f97dedd16374b4fd	2
fck-00155	0	sha256:23c04be1faa47486c94bfd40636e822d409816364393cf4eb393a0b1394c7eb5	2
fck-00156	0	sha256:117b1d97fdb156445a8bf92216bb62e999ca34efc6d7260c5c36e0a36b3fbf45	2
fck-00157	0	sha256:a38aabe8f5eef0b6b54bd896a43ef5957b8824943b562ed5aacae7040a45d22e	2
fck-00158	0	sha256:942088764df0cd2fd5ec8b1c720a0d865f2c5b3c738ba15efde7b30676abb159	2
fck-00159	0	sha256:5fe94ef75d4134b20b88a6a0ca5f24ff661ca6535d05313d7d00959ab1e6142c	2
fck-00160	0	sha256:e7d7329f424ddc131d24c8f7313db7f90309f336052dd94d1842eac20c6cbd40	2
fck-00162	0	sha256:3b466e184001f12386c7d0aa23804f4d4fdd11b71cb940bcd8df014e47178047	2
fck-00163	0	sha256:631cff6087c2e37a3642c05776d87419d3bfc966b042b2a2986a1b87f55eb1ea	2
fck-00164	0	sha256:fbcfe238e52ff14ca757b19e5f0204e375ea5fc2a247aa58096ae53c54bfe8d9	2
fck-00165	0	sha256:c09e5d14de26fc90a680459243c7b58f1e4d7a40b666ab26de0f157cb7e20b09	2
fck-00166	0	sha256:f03db6ce15436e42b67a40c80e5f790f4d3976e439a7777a37849af5f839e3ad	2
fck-00167	0	sha256:c1c48fc20fa68131bc0add027e2909c7cfb3b11ab2b5cd187eca5065c1aa8d1f	2
fck-00168	0	sha256:183a3f0e23bbebd7632c05d8cc59edf4c103eb2fb2c81ac9e3ec09b43a704cf5	2
fck-00169	0	sha256:612472174d195c67f2961bada4b3ff5b549bf55fa97457a3c1bfbe687e6113e6	2
fck-00170	0	sha256:9a1858ecbe1cdcd9477c8a5d7e465d1665aa393373363ae141c83cdee12bd405	2
fck-00171	0	sha256:805ecb9f0b68e1c91afb8d2242496c486655c2dc02775ad21af470af8893bf24	2
fck-00172	0	sha256:4534cdb97b7fc284d9d8fe097309944caf7b7b3a4e5795cab1602cbf1dda1cd4	2
fck-00173	0	sha256:d72a78ad3c8a05aa31a604676f50a546e1b66b1b644aed124efde56e1ec10baf	2
fck-00175	0	sha256:bf4c751ad43f476b72a7073988046b22e5df47b187982288f7284807bef75de9	2
fck-00176	0	sha256:a2eedf8abc68ab37f4b93ac662ccba19ab69ed83ac48f142f6f12a422541b69d	2
fck-00177	0	sha256:b1fa453ac7f4cb66dd189307aa6b0b31a80c9da0d58241d58cebef54ec67ae23	2
fck-00178	0	sha256:1b6d21416aa83f5425f6b9fa97c4b3bb0b54230d81c10c266a7b8484134495be	2
fck-00179	0	sha256:a0148e1652188bd346a88fd9699e67a1ff3834bb01c00a088db09b25d86d62cf	2
fck-00180	0	sha256:a3de9b30ef8bd32f511748d050690877250296c0cabc04ec940803b8fba552d7	2
fck-00181	0	sha256:f3871815bb574e4bdd62577e85ac2b4609d516b6d17ff52cd25fbb9844260f56	2
fck-00182	0	sha256:4f01e026240d25a79fe1484c52b36a1b5bbbc6f5d52ac12144e6be52744d181c	2
fck-00183	0	sha256:4688ddf8b8d74496e1b029fa2f43aecc58ada93d6695e23da35c8f92465e53b3	2
fck-00184	0	sha256:cc066fa53b1e617288bef82e4bc24fb856ce4935575c49057a03a27b330ebbfd	2
fck-00185	0	sha256:6dd24b7bdbe17b4e0a2e543283d71726ccf23918a677d3aafc93f56d1dc8f376	2
fck-00186	0	sha256:043fdee39528f5a73e95ebc2e5d7f303a7f53f43cda4c10baddbbdbc97d44f51	2
fck-00187	0	sha256:fdf5beeff4c0b1a33444f0966950710d078dd9bab737570fb2f90f2a6a5a0c52	2
fck-00189	0	sha256:030afd1d0008172baa7fa857726a39e53e85f197c524f7a74441aec9bad3369d	2
fck-00190	0	sha256:0e228a87b94206bb3c9af9635045edc97dd30fde731de0ff8f3cb19d77155a14	2
fck-00191	0	sha256:a1e4b0270deafc3cecc27c16b59b6698269afa01f6d789c430a97136b1349545	2
fck-00192	0	sha256:0a9d676e2e0eb19fa0c2439318fe37520366ef1542c000cce705b9ff532a3d47	2
fck-00193	0	sha256:a46042a2a2b1eff9d33ffde1f1e304608dbc2fdce0622ed0588323b949a259f2	2
fck-00194	0	sha256:96c837e64fdbf50f7c69c6ee858aa5eeda00fd620707a32217e72dbd642afbc6	2
fck-00195	0	sha256:2c4cb70036a204e31f587c3aafedabb58267e7152cda60e0fec7eea1b8bf1bc7	2
fck-00196	0	sha256:ba4010bbb420d6684e3fb0da1ea043535df0e606bafbc5fb72f0aae8eb192482	2
fck-00197	0	sha256:f1c759bfdd7e0fa6a58a91172f8e54c72754335fa12e476caaa6586ed584c638	2
fck-00198	0	sha256:3de830a30caac190644c00f2b7ae43b8e23e2f12223dd21bbb01f5358da1e4ac	2
fck-00199	0	sha256:30c75c3174dd8e0248cbc5fe736135edfd645c226a934e123f11780eeb4e2cfe	2
fck-00201	0	sha256:0077a663b09953d57158cbb0deea7a54e3df9cba269286ae1e4395854cfb65b7	2
fck-00203	0	sha256:e1b7c3a3011e1d5610e9f53ad9ae93439df8e4ed7f65157401f6e0c4414c890e	2
fck-00204	0	sha256:678a7fae134859ef81ef2620addc0b1559a8c2228c6e221244b94e1e3525afb3	2
fck-00206	0	sha256:1c49d44c785f8ced3c927b0e4627f85f44ec1b1f526a74daa11b4c31bddc5388	2
fck-00208	0	sha256:021deeab6df7ff5e3f359bcd3f02928bdc2a284282e9ee023c17d942c99f03d6	2
fck-00209	0	sha256:f7c52ec8ef429a12b694067c35025ee3f8632fb29ed207332a0b388bd1d5a4be	2
fck-00210	0	sha256:52866c5a84539653e469a7bb922cf95b67f59fb92585c3e8df393d7ae50939ce	2
fck-00211	0	sha256:b20a7a3128e88e1afd91e38e9121a7c370a6c826da20559dac81d970c58dea65	2
fck-00213	0	sha256:7642ab5e15cf8dce8b05f1c02715a4fe673453f37177c7b4c00bffade51ffb2d	2
fck-00214	0	sha256:3ff09b2f16f00703c2196e67976679673c43a2edd7b2b7f9c5d08d7404bfa9a3	2
fck-00216	0	sha256:fe55d8478304ee33efd843837a902c78c75e992b9564ae283c4f8e5533e7ade3	2
fck-00217	0	sha256:acb3400a390874729dd32feb0f8afc7099b317a7e1c0dd97eca3d694734baf7e	2
fck-00218	0	sha256:0dce0d407d36beda88c90a7d43d1cb78a5b9cf4ffc7c90988d17468475aa2da9	2
fck-00219	0	sha256:bf6e7fe1ad9563803d787998bd7cd14094290e08daa322f389d74915e0c7a66b	2
fck-00220	0	sha256:11be9550ce06fb40889db1527cea98912f89924add67dab245a0b8fc7c891eed	2
fck-00221	0	sha256:c1e25b7bb52c824268aab7099894782dd9f3588b50ea5c8d55e5c2bf840b3e14	2
fck-00222	0	sha256:e5e7e603a2f21e06a8bd2756e648a14606212a89a1e3e43db49cce200dd8f699	2
fck-00223	0	sha256:fd225d565b7588f2f6cad2f86eb12315b3cdbcc7753e6dbcf5b52d8e401ba7be	2
fck-00225	0	sha256:c3670f673fdc5f28d577b222d00e7cf3dff9513739986c23e6dd1af813ed3b41	2
fck-00226	0	sha256:4df8bd495109476d597a7dcae1da45593fab0564e3173b4a05726da6ff384a11	2
fck-00227	0	sha256:ea394a84295ffbce76e32d7bca25b57255ef4eedcdaee28217ab122695952703	2
fck-00228	0	sha256:74db6fafdc365468ec9d4929201b3103b62ecd693cc39f8472946e9e267b2aa2	2
fck-00229	0	sha256:753e31216564dae0a3281115465423d2ebe2bc016c2b03d154a95d891f66a477	2
fck-00230	0	sha256:3a3bfd9294976ef0176fab5db1ec6de4037b3ae431c18d5401d1ee43414a1d8d	2
fck-00231	0	sha256:11d9e8b9a9d60783f781d4bb3fa29c6fec95a8ebe119209614ea4dea62e517e9	2
fck-00232	0	sha256:62ded92a7a848315bd09725c83f87dd745c2e238e28d5002ad001c5380088abd	2
fck-00233	0	sha256:f44a21fb2056636d374773834df63d09f6d9a4c32db906bdd13e0e61fd8c0fe6	2
fck-00234	0	sha256:09a0b7bc0fd194206634d0d5e3337fea814ded17ce7d880fcf655602d58c4031	2
fck-00235	0	sha256:53af87424ed62c19b209400946ee9b3d88e2fbb92664e3e2bc8118c640a372b0	2
fck-00236	0	sha256:4a8a6f3981d7ea57dcfc016c2ae5f070adbcf77c61e8e2a2b8134ed27e60e211	2
fck-00237	0	sha256:edd37d02c3e81157312e5b95ca6528fde35666d576996ff821d4cae29511389a	2
fck-00238	0	sha256:7eba8ec4be045d000afd92c00a15cda0c0c760ae9005b0bad150436510a70546	2
fck-00239	0	sha256:a5831d37235a0b58d88d017b2b8d6332112cc26128f1519ba2c3dec769800790	2
fck-00240	0	sha256:7cb405adbd9ac5bed5f6596a34d21c3592fa85b08de5c0ad92b06398722d57ed	2
fck-00241	0	sha256:4775bd8e7758ccdf1de06f1611bf594e267eeb65f172b9fb7f9b792ed9043aab	2
fck-00242	0	sha256:1cbdc8305dbc4ed494b15de2892947ce1cb7223f33fe6eaa66e08e9c7dcd4ac0	2
fck-00243	0	sha256:76357243877736b61f97d9d6a48191072dd0adab360b4403a295eb4fe39d05c2	2
fck-00244	0	sha256:1cdd4fd227d64a3fa7ee43a0534fe1b7d60b0a75856f6744c8af3f75759981d2	2
fck-00245	0	sha256:5757315d184df079058187fb0b8c3853e6c5d371b9c680885d5ae9a82ad76758	2
fck-00246	0	sha256:f2fae1a3ce0627696deec0e464c9cd291ee53664676bb292c6ebebd798aced03	2
fck-00247	0	sha256:9efe6e9af7bac8e7ab86600d23d9a8691daa3e1472b790da9e88dec817186f09	2
fck-00249	0	sha256:81cb8a5b38ec46b5c2e80eb539f8a8cd01e79f987ea145a2daefc31861ad03b5	2
fck-00250	0	sha256:172e33eaa97f6958a730e0af3450a878a5b6011475041cb2db93222863141b35	2
fck-00251	0	sha256:61111687a51725e15600d2ec50e025212509f1071809f60b2df18183be90c24a	2
fck-00252	0	sha256:203df30ad530fe131191e5bcbb5cde78f42f22a3e09a3a2bd692113aa580aae1	2
fck-00255	0	sha256:b96911fca31dabe24fb75055ead3315f4907634c8ff6896649163fc5a4aa7607	2
fck-00256	0	sha256:6466e2b3df217bd86a41b83ffd23edc38f02d74c96ea04b417446ddf89912f5a	2
fck-00257	0	sha256:48d78ab6be700c59163223ce08e82f9aaa3bc0ae5cf81fc103ccdd266c0ee235	2
fck-00258	0	sha256:aadde4c7922df58ee98c3019ff45258deb27f434e18702cbab862282e551d4f6	2
fck-00259	0	sha256:9897b7bbb6537fb4ff00c72322a6dae9852095deccd2b2630cbdc3cc7871fe28	2
fck-00262	0	sha256:acf1c06a29f8b62c41e5441ed1fd4f904d32966db03fc5866038898dbe17784b	2
fck-00263	0	sha256:ef063df35eae3ae92e9c38f8f8d90d9300056dd24bbf8a80ab091f700d8fae9a	2
fck-00264	0	sha256:00149671c4eaec2409aa5fcfee73e472748053a29f3ed03c2dbce9eee165782d	2
fck-00265	0	sha256:98fe825b151f49146cf9bb8f3003890ab164c26a051ebed101f6e158c2191b17	2
fck-00266	0	sha256:88aab13f11c96ee470fd306ca21c3e4cb78cad19955362d92f50ba40adbccdc5	2
fck-00267	0	sha256:4ff314c95a7fc3f213b8c5688ba1ea29501eb963a6cbc1d42cdceb73f9ad9c7c	2
fck-00268	0	sha256:38ca7b7aee31c183822d6affa747712a3aa91b7e3f68da9d43eb91d489bb0609	2
fck-00269	0	sha256:1e9dddfd564b53b0972b347e29bbf1a61159f916b57a4ba4cc1f6b145ab57b6c	2
fck-00270	0	sha256:6b9124dfa9451c7ec253a0fe2f40f48d5eb46ba0af0504c27ad8e3b1128cd1d2	2
fck-00272	0	sha256:743add116bbb5b92607d3cc42aefe15de7d30bebcaa902c4e744d7ec17df36b3	2
fck-00273	0	sha256:1eca14fc78d4401c637d7c0fc855e56dc70bd5b3888bc2c0a7c0c6340db21883	2
fck-00274	0	sha256:5a2d4cc051780ca7186f739b95c53a5761578c3acdaf67cf935deedebcd203db	2
fck-00275	0	sha256:3529a5e60febc9c5ad99cec5c1da03b999e7939a0c548f6dd5e88f720c9000ca	2
fck-00276	0	sha256:63e4fd57bb40bf59197a26ed18e3a3b8f40ba005510546fa0a4572e16e7866fe	2
fck-00277	0	sha256:61d57ed5af7684c34b8446b382c15cd1c2e0a61683a2225afc6064395939793b	2
fck-00279	0	sha256:5886dcd02bc396924b047e9ed10bb927535d27f4167762496a4f3a8724b8eec9	2
fck-00280	0	sha256:86b1bc24c76a72e17663230e7cac019acb9eca383ebae3acff929e68f3e34b18	2
fck-00281	0	sha256:92c5a1d4575ae939de557cd4f0714c9836de81838f959c6a6aaa7467b1374543	2
fck-00282	0	sha256:6c19d05d2204cb7f67c877ad5c63a4a318f828d0ffabfa9c92a8f1817019877e	2
fck-00283	0	sha256:ffc71d41effe48bdeb3c96c6f630cad56658f8d8a8dddf02b2e5c7785133caed	2
fck-00284	0	sha256:2c7d8fa984224ad54c5a91c88cc7cbb27151a65d5a4380341416d9bea9dfa3b3	2
fck-00287	0	sha256:7105f8150a6a2b91f76a11f41ff5391c8b8971de813966ecdb670a60669670af	2
fck-00288	0	sha256:71b63bf5aad46f15cc1c7a0f7eb74e1758e7680e37b1e9e41ef24592063cb4a5	2
fck-00289	0	sha256:74080e54be0f4aa5a153a3aaf19257f355bef21839a684ac366fd1baaf9d90fa	2
fck-00290	0	sha256:3c6ea2e6a3b536505ef201c5181c77ecdf6bd449add13f832f7021132eff29ac	2
fck-00291	0	sha256:340063e5d1d9e904806d66f63c600db4da60b3577494e7033bb2381c30f7da42	2
fck-00292	0	sha256:2359274495a08131ddf8eeb056b65e7739e645f006ce005a678e47e3e54bbf0b	2
fck-00294	0	sha256:00a4566dcc91d296b28f3e157550a6c999a27c652374b2be49ce017b2942fb5e	2
fck-00295	0	sha256:b2e8abfe8c42f9e65dbf2fcaf11d1ff5d9cb98183d5f706a066141142c498b9b	2
fck-00296	0	sha256:82bc6b97e61fc5cd78be0fd8e53aa18328fa5729d6149ab52a7557e2ddcd26b1	2
fck-00297	0	sha256:38366951b25f8613311f0b5261027de0297ba004c91c2bfc766052c565a41eae	2
fck-00298	0	sha256:57f33e82cc3c7ed7e62ec641a326a4977a82f4e73f7334b5c526d7817749cf85	2
fck-00299	0	sha256:c8b22ab07b90ab72eae460e1f6440a651f3c3d7a4d407853d00dac87c157416a	2
fck-00300	0	sha256:c1bd39ec37a658b8c48259bb5586bc464360217c226e8632ef370785f82cc0a2	2
fck-00301	0	sha256:e588a6d0ef406e7d86daba546f1711a1f1a7f41011f208bbd7c03c33e8857c6a	2
fck-00302	0	sha256:a1e12f5f5baff874cb5ce97f68b7166e7c1891a3f1ed98615b16be844e1278f5	2
fck-00304	0	sha256:81cd2dfeda7fbbadc9b8b0393e6c7770eb70fb390988772c74d4bee173184f5e	2
fck-00305	0	sha256:aee367d3669ea231691ee013d6ca16ddb47327e4c1067052bef952bfefda4f3e	2
fck-00306	0	sha256:ee9eab193d047b66dff0f507eb9a6931a9d04466ef47ce1e817b14928b916d16	2
fck-00308	0	sha256:8876af3dde1689c2e01d46a734d1d66ccd798c02bb53cbafa4321119426dd335	2
fck-00309	0	sha256:9e152067743a62555af812e654d8e4984875a74b2ce5ee94cc15da78ca37e0fe	2
fck-00310	0	sha256:88bafc063b8e282deb1868554e7ac4b344cff205d607747263bd87c375e34638	2
fck-00311	0	sha256:028ef43d79d3073f695ccd83b95b1dce0534bb459293f7a6f5db1125dc645415	2
fck-00312	0	sha256:f6d5f79c4d528ed0867c813a2fafdea0f80ad51f6a1b3a3698b91168b1980798	2
fck-00314	0	sha256:2eb3acc07a19afc50188a1ee0def013b2466d3827053287b0c5e577d614ad874	2
fck-00316	0	sha256:86751b890efe396aa9ae8d6e19178ad10dfe5fca81df10e1aa151df88735bb2a	2
fck-00317	0	sha256:8906d7d31abecc3485199237c7b2de32a3261cdf4ba669249b1e4e610a72d939	2
fck-00318	0	sha256:9b5d3ba667e9bc2d15bd8917f73e2853f41f31201ac7c6c9ae4c55c42d200936	2
fck-00319	0	sha256:d3d3dfe38b705da11af790736155da3dd551e63cbcc5847e4d7562b2053c0573	2
fck-00320	0	sha256:23fd5a3472b939ac71161236e83e0396b27df398525dd8a1210dae4ce32db03e	2
fck-00321	0	sha256:91826df2668c55ca4ffcf22fb4b7b22299647f57e3f06468c868b7aefe1190d3	2
fck-00323	0	sha256:e23e8490a99169f2060a2e99f7c7dd9132962da73a7fa97efb98b05167f92231	2
fck-00324	0	sha256:fe8eff4bb96c7dc375636f12ed0da0e150fc7e9ff4ac37e6524f1b90eff3e0eb	2
fck-00325	0	sha256:307ab987d1efd1c613c10aeee89529985099a9af08b0092c037e3166d41e7d2f	2
fck-00326	0	sha256:df3b3bde9214cc417ad7fe004e5e36b8af1f5fe5508b802929404caaf990af44	2
fck-00327	0	sha256:32a155af334c1473208b93c25e2e19bf0745efb12c840cf20e65282bcaede35c	2
fck-00328	0	sha256:ea98ff422513d0fab8e10a5345bb31111b7dbe78b6865c9960c547973b0008e4	2
fck-00329	0	sha256:9a1f14c33d462921125188c234686604ecca0bb4ce239c910cc53c8c2524e065	2
fck-00330	0	sha256:45a604c5f567f4cb6456718b04bd20c47953f600b3af744affe8c0d6e076346d	2
fck-00331	0	sha256:c85eefecbebfa4e62dd0e94dc07e4937e4f05fad473c2e7c12f0eff577c3651f	2
fck-00332	0	sha256:f16bdf27268036bd20d1d7471bd87b2f728157380a6854cc4b67bde2b43060bc	2
fck-00334	0	sha256:b3423a249be4e4e761ac22732626fcfe50e092c9ea2d1fc9c87107aaab724024	2
fck-00336	0	sha256:3ddb6b56ed1990bf07548b443a95d9bc1be0f0a6ef291955dbc0ad8f6f717ab3	2
fck-00338	0	sha256:fb9e495687191e9dfdd2b0f909587b3fc919e3fb333acbba0e1a2ade5aa1f585	2
fck-00340	0	sha256:11757478be6180195a313960af3ab476de8e13d91f7820741ab459886d1dae92	2
fck-00341	0	sha256:cde52c52468e703e0a6db8cdaedee8cfe364aff043a9ad532172062064527e3a	2
fck-00342	0	sha256:2744a754402c1d4ed2e4db965d2526829baf05077d88ae423c584c6f6ca56b18	2
fck-00343	0	sha256:735ef8832e6799a855a3f89af19af173228f1eb28b27d0272f0ae2b8e0c0897d	2
fck-00347	0	sha256:674b35626a60064051f4e4d5c470b2b72a920e841256ea9b133c4f0abd90055e	2
fck-00348	0	sha256:ce38e10a3352fb000db92b2dd8ac5836f220ae3a101e93d95178f3dcfce89e48	2
fck-00350	0	sha256:76c08c33a08490330cd48aee73c76375cf86e8251ee9e7605d6486e4d10e6d51	2
fck-00351	0	sha256:f42dda359bffc008710a428fbdf3f05e83ca02d57140df78605d7bf5a540d42d	2
fck-00355	0	sha256:c5096b9cec277585a93c84e47f06821d182510cfaf683e3655a9c49fa341261c	2
fck-00357	0	sha256:4e7a5c6a0c6cc8de3cdadef5b05a1da8688402a7992093e4d89a0cee59d7b43a	2
fck-00359	0	sha256:a94a91797ab30c23526c0c5d258b773b9e9f02b1e3f9343c870f77c8bdbf187c	2
fck-00360	0	sha256:b09064fdd0c2bc65ba9f98440cf7e0dce5d3dc99c64c42a9f01c6ba1b51d6c0a	2
fck-00361	0	sha256:9aaf4d681cc4604150a74f560e84b0a6e14bd87c511e20b0bbb8fc1d98e51e71	2
fck-00362	0	sha256:e40769ea379c195afd04ee578450f55c622ac09eb3c1c22523e620fe7dc7154a	2
fck-00364	0	sha256:8ad93174519655e4d263f5919c772e4855685b7840e65545b0a28db071fc6d49	2
fck-00366	0	sha256:6daae9d804057efb228c2c3b01b21f0ef6da277a09c0ee27794f188942a6888a	2
fck-00367	0	sha256:7e6cccdc90cca612b9a043cf534eaf443f4f204597e2953848e884b5fb950d5a	2
fck-00368	0	sha256:ab0f213e7a8df0361d7ad7c06ed5cc0f955bee68195e6285202b873597aaeba5	2
fck-00370	0	sha256:8c0a6089a68ed0ce3872b5b3d40c10090481c57382da698cd1229a70e9245e66	2
fck-00371	0	sha256:639b1b6a26f3b9a4e61826a8a730ac8efcd9f0d26b22b3e309fe3da42e233ba3	2
fck-00371	0	sha256:73cd9db1a99d8620a9d171ed2cfdbaf95775bb14f800323e028d0234873f5c2d	2
fck-00371	0	sha256:99464d9418b4ec811586fedfe9fdc349332c48c66b11af945f3d7a625bfa66b7	2
fck-00377	0	sha256:53b1deba9f6a28f4e2afe73135e980a6961e582614c2d98634958797c7c2cb2b	2
fck-00377	0	sha256:a0424c6601a573e6f76c42e16d6cf6a70826a7cea420f254d543e255cba24c19	2
fck-00379	0	sha256:78fff68a2d3e690496e995649b2779e2a9928424528d97968379e97284000a23	2
fck-00383	0	sha256:a05dae5f5d6cddd112f9711f4c5b99adbe870802d5cb248cc0414e9b33889053	2
fck-00384	0	sha256:81698701559dc08a4e0f102a70b5c54980516a8c54bb43238817cf0b513332ca	2
fck-00385	0	sha256:aeb94dfeee18634464f2ee0fb3a8b1fe8e76cf02c490217beba5f892a629c1d0	2
fck-00386	0	sha256:0666b39f739fe4f837c17a3b703ae91b0348c8e0c318083d40f47cddb97763f8	2
fck-00386	0	sha256:07eb5642a0a20b1739fed8c0457e4ab87bd04498744f125a4aa521fc263b9825	2
fck-00386	0	sha256:53f8f7b73b314272a23307a94d485401d311fa7439a5fb90695af930a576484a	2
fck-00386	0	sha256:6bdb159a2040df7051bb241cf82af881f7b090b419bdbce60ec188ab0bcb92bb	2
fck-00386	0	sha256:9cb3808f61d0048fa37ed7e56622a3077ba233040c4d43d508a0df0f73aa0a07	2
fck-00386	0	sha256:bb28467a1e7fd86f7cc5abdefbdb26b66369f8cff5e747abade5139fb96dc3d4	2
fck-00386	0	sha256:da2f68b977fcb7e3f5332890e666d9980bef182d92cce9ec3985987cb2e1a8d8	2
fck-00394	0	sha256:320a6e808959f9a7bf93b58576108bc78a8fe57b885e93b0edcf25ab2cdfba5d	2
fck-00394	0	sha256:383c3250081f18693452a9ecbbe7c3c04cdf138338f972c6707b67d2a3c1e966	2
fck-00394	0	sha256:66b9ad8b3eee0cdee097bd66955bcc6309b110790692387e23f70c7f9dfcbd67	2
fck-00394	0	sha256:868fcbe4e23916e9dd9d86df86b30106351675534869fd94734be1c8781062eb	2
fck-00394	0	sha256:b301e8ba059f42134b988aef5ad4cb424d85b2e4e7ea765a8e7fb2d10e41cafe	2
fck-00394	0	sha256:b978660e6cd2c23807fbe1e9efa5a78885f4a7199c5bef198e3caaf836d9b11f	2
fck-00394	0	sha256:dec30daaef5eef85baf52cb6f5b1e51056918b4d44d1f100ffcc636ef7712ed8	2
fck-00394	0	sha256:e39cf230201d7841e931d906754cb2cb81c1618a86ef97dfca23a81a2815a0b3	2
fck-00404	0	sha256:7f8e9ae957e9d48da22ad9a8423b92fad6c3b03341cc2eafb7a85a2334ba022d	2
fck-00405	0	sha256:18735bbe61127a3aa1754f31f674ac63a0361cb4de13247eddffeb9221f8917d	2
fck-00406	0	sha256:7e8b84a6c9be5ad1996066a966e027c2024ad46eb56930440082884bbdfd405b	2
fck-00407	0	sha256:95571297cfb8b208b326b848ef9bf490357317d8039f1e8f578f7e674b37dce0	2
fck-00408	0	sha256:43f337c27e832ef896d4c9a228b882263792a8bbcaf00781f3b23c6dc48fafc9	2
fck-00409	0	sha256:53946fda7c35fb4e231a29b7e068e8cda6128a4cea7508900dc1fffd9a792bb0	2
fck-00410	0	sha256:066b29edb8540b5c6f4ef401011e7c3cba9d011b4359b25c3c1377629df2f912	2
fck-00411	0	sha256:4c1f9e778cd466b75dbc52ad4c951f8c5a3d137b089e08e8bde982a4e9265277	2
fck-00416	0	sha256:24815a2ee49c6a25ff1ca3cf19b53c7b11841cf3a13d0745a3e9c453614246f6	2
fck-00416	0	sha256:5a733c018911987b40b4ea2e482b1fd55536a1337345a3126b96f5b48941a34b	2
fck-00416	0	sha256:694b2b5bf0ecc58aaa3605bd4485d5c69b5011ae40d4490ebea948a4d55fcfbf	2
fck-00416	0	sha256:cdeaf7bb4429c5108a5af07d81364feb763f5e089a815ea2759ab2835c75859e	2
fck-00422	0	sha256:dd12a9f309e80bf0d79e6bed5d11f15669059225d893ffb0c2fcecb32ce4825d	2
fck-00424	0	sha256:1d29d47d65772670a9f26b3e9f2672839d85e69478ce85a83ac44d24fcb326d3	2
fck-00431	0	sha256:19951f60d2d24d5313c3a9630007d708ae6044286a7c0987b6509c12b04bc019	2
fck-00432	0	sha256:5d76c961d5086ef58e05ed5cb8a32feb49f2ab76c6fc4b86829eb4db88fa18b6	2
fck-00433	0	sha256:cd0d0183246fed31bccf8f2fb1d9139646fc10d4b7025616581093b8ea1a0519	2
fck-00434	0	sha256:2e00a957ef0140dba555d8c7874274950debf1dc89d4707fe838f3a16efd2edc	2
fck-00434	0	sha256:35301f1dac9a65f6fffd67a01f4d1a2c16eb6796937c8d7522310517d98ecc52	2
fck-00434	0	sha256:757c97abc56872e096f85775de3673d44e4eac5ac3c4bafc41c29cc4fb14568d	2
fck-00434	0	sha256:8c7ac1506f8af2d5dc9b72672e662dce9c2b9f1a1cade6d76b60dc8e9a7dde96	2
fck-00434	0	sha256:9752ba17944bdf83509f9897c5053cdbd2487b8cf0922a88bebfff603604d601	2
fck-00434	0	sha256:9928370ab4b2fbce5be6dbb49b54a186e88853542ba324e26f9e9e80dbffbaa6	2
fck-00434	0	sha256:e5839e671d3de9f683067d436f011f7dd8e912490e1a756eb7bad39b9b06483f	2
fck-00434	0	sha256:ef4dc0508ad52e8436faba387c79e99695b08cf9aca3650dd90f82000b94be8a	2
fck-00444	0	sha256:02cdf5ab2f1e9164f8317079661090ed41f59e2338aaa29f6b45d13415c37de2	2
fck-00445	0	sha256:d0234687986dddc287a26031ec3bbed8f69801b8ef31a8d5b1a9d1d811c4e045	2
fck-00448	0	sha256:14500dce16c836d5d0076fb709186a78ed6ab6210d4139b09e78dc0cbbff91f4	2
fck-00449	0	sha256:f49273aeb9033ff17eaacbad5f33b70fc345c1f36016597a38d3ed27305866f7	2
fck-00450	0	sha256:36f43b2b4fab9caafbd8d5f6a57ae2f7225f1f8a8e54f5ad8b1955e3fb298550	2
fck-00454	0	sha256:f74debb75d93051c03437d03a94375eeb088d6fa9b4494d21b75c9d9b1c5ae40	2
fck-00455	0	sha256:0e13db9dd3b67617b310a030357767679db59a74e79d7ead7556c6791873e559	2
fck-00456	0	sha256:7ddfe5970070273d1769d31bed032268dcf523ea01884dcef50c65d533ddfa46	2
fck-00457	0	sha256:098d083fa6f0de2503880c0c58da736b87f7a3eaf1a426f1aaa651933a8b0d6f	2
fck-00457	0	sha256:1561026bc7ae2bd8eb367974dee3c849d0197c1c8b4e7e22f400507b337be430	2
fck-00457	0	sha256:765eb1283c7b575a679135a7f603b364b52d5c75716aebdd4cc7440ad026ea3b	2
fck-00464	0	sha256:423c0dd5b0ceb31ba3be9bd232591e528d135857ad516e08e4cc989ffa64f31c	2
fck-00464	0	sha256:448da3a853aae3f165d8aa24497ec96174fa72329a0d29417986050fa8f31211	2
fck-00464	0	sha256:7d4fe97a4d2038fa67e9470d8ee9fc56832856c4d81298a1a5fd0b40f23c8adb	2
fck-00468	0	sha256:135fdcd6538457d1ee344c09af9817801e522770f7fdf5c08549da9908ff51da	2
fck-00468	0	sha256:3069a2e77dbd475b28337cc8b604bf42b60570ba84a0c4f6b120434e4225b123	2
fck-00468	0	sha256:44867c9b8c6f87ae19e8a944b0facbe07baa2c0c9900d00d127483cb9936b59b	2
fck-00475	0	sha256:fb6ee3af464c699e768bcf74e1093de42478b7358e7bca0b58613e62e4ffea7a	2
fck-00478	0	sha256:0b2fcdfcbba2684c02d090f35b19ebf84bc0d19f8b04a4750c8e9eac616034cc	2
fck-00478	0	sha256:7256e5816589d34a212ad8e23aa44276cc66b9f597647bedb4cb6a80e7aa0b13	2
fck-00478	0	sha256:e24e44d2c51ea7a9d64680b8ca39c546d33ec53427338ebafa7bd5f2f08ac76b	2
fck-00483	0	sha256:1d7ce6c178cf1e8b2d10709a3a8853df4965c18fe357c4a15cbf0632de990e76	2
fck-00483	0	sha256:80defbcbba9b706f676781a2ddd79a3be4c8ee872d5e25e4dabc5051409cf693	2
fck-00483	0	sha256:87c949b4f7d005e532f70f3696ada9b67991e44897d664f9ac17b7aeb8b7c1f6	2
fck-00492	0	sha256:460bc7a8b189063f6ee6cdec63ae0c5a090ddbfcf8f6cafb8c46ec26ca8e2c10	2
fck-00492	0	sha256:7fb2d8155262781d4ce2d6ae99b3216e5004c08a72415a4cde1052bd0a246196	2
fck-00492	0	sha256:de267cb100c3c3f132aacb49a9cb5aaab6b74cddfb380427281afe2a5dc3615f	2
fck-00496	0	sha256:28c489c265fcfb783a17b0d2ebd65c6fe8f372bb92df499e467a0ce2ea29c278	2
fck-00496	0	sha256:5ae2b555597cd9beec2ebbce71a00ef99e7d74b3356c04451e8f79917075a904	2
fck-00496	0	sha256:8561fb085033cf88e09dc6082e35367a9a0a42bd3b716c31483e521c08d4ecb7	2
fck-00496	0	sha256:8c684e19c11ddc647ba8fd1a9cd11e7aca7314b9a5017c03881f9d13abe04a54	2
fck-00496	0	sha256:c6f47594c7c4133eb671e93fad24db6d37b94aa515bf087ce1ca13ec90e579ec	2
fck-00496	0	sha256:e860bc3114a47b764d23f4db274192ae6f702d0339e034815098fafccd588d06	2
fck-00496	0	sha256:f437fce4a694ed07eab3f7b248a5c59a821daea4a1ac040ca18b6ae54246c81d	2
fck-00507	0	sha256:140be505682959a8655380764768a2c1cc702856584b5cd3c5d270b697155803	2
fck-00514	0	sha256:0318945b3cdc38fe551dc9c1d6755d2d5a443986a9f81877bf47f4c07e9d9d01	2
fck-00514	0	sha256:18d0d821c4fca6d20ca296bafa6876f429273d71a4f2ffcea9149dcd296ae5d4	2
fck-00514	0	sha256:d041932e5a41858d7d2b98e3d72be892b94f0213f811cb70f5ee1b392199a7fc	2
fck-00519	0	sha256:6e3ef18a8aad385bb315fe3f7837fb68b71f39112adb4d4350eda2b552d30bd8	2
fck-00519	0	sha256:a1d64bf8630b6e1b4684dfe48fb8555dd0be10acd89e32e8363af8933e0cbfdb	2
fck-00519	0	sha256:c4554ea54f08d9870e00d21ce2c48f28dd414f1223a1e3c119d53d321e8e548d	2
fck-00519	0	sha256:fed85f0a39b91b4c601535b0c703c42069b9f807a1fb50201151408daf245f80	2
fck-00524	0	sha256:69eaa7133dee0253d450d564d8165c8afb53bb4dfa4ea4d0dab6796cdb9b6c11	2
fck-00524	0	sha256:e16613acd50310aa804402050be8de2a5c6ae3a3e2acf01ca8c5963e8e500df8	2
fck-00528	0	sha256:89646eedfbcea7917bdc2f601e96a8c1347a5adbb2a512795ea286f6ee2f4a55	2
fck-00529	0	sha256:221e0feb352e7b1f4c5a12eb8c970b3d8bbfe45a761d02e442a38c0ae41a40e7	2
fck-00529	0	sha256:3739f187139c1be5a517f86079ce716e9f7ea2dea818d9c8ccc7bc2ae1678312	2
fck-00529	0	sha256:49f6dff5aef6451ff9e1b847108be24e46990d16c7fd49b1409b6153a12c9eab	2
fck-00529	0	sha256:712eb8b83337ac17f04cee7b7f661b85be72365d6a6e258c1759ae3112aa450d	2
fck-00529	0	sha256:849eb23fdc9a91e141d7a1bd6acba8a11a5241ad44eb39486170de4aaba35164	2
fck-00529	0	sha256:faba906b1a189d8fdadd9edca7d5749d9d3d64abfa0a8371439184ce7886ccf5	2
fck-00537	0	sha256:2b6172536bcd68de030ea2a9bcc1e2cb98de1ffe0eb1b9171170573684147f90	2
fck-00537	0	sha256:9af0f0bd3beba954a6bdc0644bc35d6e36bd7263ce381b7c8b370b0ab193e093	2
fck-00537	0	sha256:b25ca770b3fff256ee0a81ba5e08db77835fb514ebe916cdd5449b8246482cb1	2
fck-00537	0	sha256:b517cabdc95ef7314503e433d4b0406075831c8d1c0b5487f128e186ee7658fa	2
fck-00537	0	sha256:b812774fb5544abec99e00fa9045dbf078f28622a31f30407c57e91f19d76691	2
fck-00551	0	sha256:1dadd4fbdb53402c015084d4792ab006a8e84665ad0c8f106e0c6c649048ea80	2
fck-00551	0	sha256:4fdf7a8188f956b66413314ae183657e5b3065863b49f08e849513ffb0a85776	2
fck-00551	0	sha256:ffea8a03e7e705ef6b27ce79e7161220bd0db882a56e70771fc169ba72fac7fe	2
fck-00555	0	sha256:97e31240d30d799201f79129ebcc4539410d3101cf86ef3db4163a29c9f01f15	2
fck-00556	0	sha256:b623724fd6610f5949d857866d75d13ea68420e8435e352c769c8f1448b67f29	2
fck-00557	0	sha256:5b46e49e28bfe538aa32d5d38b74ebd10ab14abf415a69672ee0512d3dbeced9	2
fck-00558	0	sha256:025733b47439e1f26d337df5cd3f618d37aef91b6a780b6b394b48eb21c4327f	2
fck-00560	0	sha256:abc3b97a5299e090dffe037d4e271c6613a3a8b7f0757e17d2abe90058c0122d	2
fck-00562	0	sha256:69af57d3a6df0d01e461e9593696a4482b310602acf9fb42eef221c520780a49	2
fck-00566	0	sha256:e1e1b3459b63fabdec0b3b1512e6fafdd3375ff90349932fd1674fab4db6d6e6	2
fck-00567	0	sha256:9481d86b3775b94571d6cf1b1e60be22bd759210eb6a1576d12566aba1c31cd6	2
fck-00568	0	sha256:c48b76d30a81152fdfba69a323832e082caeebeb908c8c9cb30fb9fd730426ce	2
fck-00570	0	sha256:494acf8c73825ee007f0b75dcb46e7c78b32b36130abae29ab8e1416217b1351	2
fck-00571	0	sha256:516653f9b015df20960910b78904e844e83588fe84df85af3706ce5f1744abcd	2
fck-00572	0	sha256:153c7f65dcbdc849a2e021157b3a9a22b6eddd795f435c16f8bc8475c2bebfbf	2
fck-00572	0	sha256:7bf571a25d7a5ef8525ed5693fe134feffbd0a86c430573fbacc7f7e436fde2f	2
fck-00572	0	sha256:a6f0de077a0988883a24560d044b88233326f5af46d33b68bc3a3d202b162f96	2
fck-00572	0	sha256:f198a98924b59d19c01fc92abd8f760b74c5239e03e39f2a206c9d37a8c7178b	2
fck-00579	0	sha256:63ae6cb6067a305b5d052cf5eba8dc89ef63ac8c18f6e857637e34d08735c4d9	2
fck-00579	0	sha256:bb0af6a3bfd13598196f496b2a85273b92a9ff3e2de4b7ac40125924a6548243	2
fck-00579	0	sha256:d6433120d6c114fb4a62bd0531de379059ce548b613c1e8c9b5599969542cd9c	2
fck-00583	0	sha256:3353c3ce6216b880449c91a37b8451f86ab3e5fa3c600f1494f0f0f470532206	2
fck-00583	0	sha256:628ca3840bab82da33b3e7f48d0a3423173adda79f9f679859f2d8bf92f9ea1f	2
fck-00583	0	sha256:a5238d63f3637a9522419c36151d1c37e6d2a24bebcd83597cce261b007c4389	2
fck-00583	0	sha256:a7a285b42b02c4542f3f1ee785561425d9b79452440a7f67935e4ab33451d04a	2
fck-00583	0	sha256:c1ec044a331638533f72d45299ae98f2c242a262aa2621b0e71a7b27e9724cde	2
fck-00583	0	sha256:e791eb10edfa6495f02a14c3792b50e09fd0011b86f5e947dbc9596befd12dc2	2
fck-00591	0	sha256:148442506a25cd69f08eabcafaba07301391c0b01ac26e3fd90383af8e478dd4	2
fck-00591	0	sha256:a592a8bfaaf39d24727f0dedbba95507d51578212157a5b111614a21e0529652	2
fck-00591	0	sha256:d65b165f2d33a062984deb720883911889cde20730b60912f70553f4abc71ea2	2
fck-00595	0	sha256:9fe9f66d36843f719b96bbfa63573f1c7c05a72359c8b9a717d3434462aaef56	2
fck-00595	0	sha256:dae04267c409c7b7e7aef16290d95c70e7ba71597ae5dc7d2a3f239b76dd29c1	2
fck-00595	0	sha256:ed433bd217293d92ed7a5132c000f8ba1e51885552640ce3115f8b9c02a00d10	2
fck-00604	0	sha256:60faad232ee9d808e0170e493913dafe443964126a3298ea8f00ab11c20a5bcd	2
fck-00604	0	sha256:86648c592b67ea6ae421c43c10a3bbb24ad87ce51d20222782497bceefbf5e8a	2
fck-00604	0	sha256:a058e9ff8a38beb085aa5544da5e88e9d1a94e6fdf3cbc331f95619eccd12b9a	2
fck-00604	0	sha256:ceb5417f8fe3094bb11bd73448143198847ab04e17d7918967091bfb5c62c7e7	2
fck-00604	0	sha256:e8ed73abc0dfcd84f95afd03117868f3711b603cda1bf964fa457c8b78be79e9	2
fck-00613	0	sha256:d1fcec64fa451d8150ad419dd26cc385976f29adc2fcaad800373774cdc31850	2
fck-00614	0	sha256:ed8a5422c73df506f1fca847fba3c766839c42a5e757709b31b1292f8092d90e	2
fck-00615	0	sha256:21e2b75b43bde42f48bbe2b9a568e86c23c3a2c06f80fdb8615d3b1b8c11c6cd	2
fck-00617	0	sha256:231f3b473b22f2a07b6fbe4d3b57b033fe9cd7c90b19708025cc995ee02d743a	2
fck-00617	0	sha256:3d0c083e580adff45fc1ebcb7fb179d4299d758b87427001f5d867c9a08e299b	2
fck-00617	0	sha256:e8ed1e68a4cb739a50bdfad175312c7943e9cdfebfff70cb0d0408be1461b0de	2
fck-00621	0	sha256:4611f44d506615a2972ff3a12bf4975a63e15b6acce17937ce8bc1818ec5c8d8	2
fck-00623	0	sha256:48af6df46d0879f075e37466e36c14474dcfbce4ab86e32e1f27acdee0f190d0	2
fck-00625	0	sha256:4a595dac2275f44a6b332bc716660c66a3a109ca1dc7fcb98697224d18921fdb	2
fck-00628	0	sha256:81a9863fcec9a52dd75456a34e43c7e087fb0e8f5d030104ec68ea21fea715eb	2
fck-00629	0	sha256:04a93adf68515004f0ad52ee3fdca6323dded41d0cce569d722152155e957bd3	2
fck-00630	0	sha256:a852c9c6e145b1ac94748f7757d6e28122d9cec41bb3719846516d8061e0d310	2
fck-00631	0	sha256:3ba05539702ccaaaf9c0b2b4b3a3de484d7a1195fd9c69992d2b9768d35a2bdf	2
fck-00631	0	sha256:4e6f931a11a996dba37e8bf1ca321ccf57f647f14ef27772e9330be9144fc64c	2
fck-00631	0	sha256:54972c1969d01af7f0f4ceeb91d96ccc404aa83714f6036c7e93e3e8f2c8e170	2
fck-00631	0	sha256:5efcd3ecee1caf0306343753f671d9b02321afcccac774339b3d9cc000c08ed6	2
fck-00631	0	sha256:aaa14ba17d0bf1f5765d687440c2fc34fcceb86ee74ea4cc226c88751e8362de	2
fck-00640	0	sha256:dc61002e5d96029056dd0a6aeb25c80061b0b5d2b7430fc598e65079f23bbe61	2
fck-00643	0	sha256:9c194e98bed667fc0f3b08e68436982897d1ed4a6280ca4cf096f10b8b3ba1d4	2
fck-00644	0	sha256:f667d584ba4004cc14bb64777c62502b62bf4e4307254eae0d66117d67596c92	2
fck-00646	0	sha256:46b2ebbf006ab8800ac81002ead2ee17e70c17f9e8c529e92beae7129045e726	2
fck-00646	0	sha256:957e6785cca3d4f904da833891410367c0a4c66c7f1716bff0fdfe496ed01ede	2
fck-00650	0	sha256:8604a9b6ac36306e0938d3e5756c271b6011441df10a71b01b01876d62b12773	2
fck-00654	0	sha256:95a6c6086222619aeecb41a934f14777b6e99afdda8e5c4ae9a93b9eef4cd921	2
fck-00656	0	sha256:e60295a98e9f2be5484048fae9edf881d407d26b031fa61015fe1b09addb26e9	2
fck-00656	0	sha256:efbb35bcd386b64c5b8a869cbdfebf0be237ef9baeaa7e3acabef0c20f07391b	2
fck-00662	0	sha256:4fae9e9aea39de1714ca260476175c84e45b7ab0d521f3acc721b8ff327bd1ac	2
fck-00665	0	sha256:17250c7698d2b30c1d8864c5888079d9b4311dbc3fcaa3ee8b82020d77c221dc	2
fck-00666	0	sha256:0ca2670d3f288b92daba4c3703823c7283dc4c038f2ada478654976ffa4e22e0	2
fck-00667	0	sha256:1958ac5c8bbd296c47ca6303974b28c478effaaf485c411b18aa32925c56ae44	2
fck-00668	0	sha256:4cb708671ad262fb8254b34c593f53c0145d7569613aabf4c1d94f4bdef4ca91	2
fck-00676	0	sha256:5272f6cadc019c9c0a557caa4c9a761307b8abf4f08d4ed87386f52be3ce269d	2
fck-00677	0	sha256:2bf6daf1b4a73b517f8de9fa817f470b41ed31daee05b382557fc4135c36d7d3	2
fck-00677	0	sha256:71f33545b6f26bd93478265e4778c905c18c80a78756d4362e0b91052fc740c7	2
fck-00677	0	sha256:71fbe195ecf611ea3068bdcbb4d630feb2fac42f3aed4d1f30bc0b0a6506e6f9	2
fck-00677	0	sha256:9b1dfc576fbfeda49f12014e92c53f6359b7ece1833896cd712e43e1753f5c36	2
fck-00677	0	sha256:d86f58b575cf3be965d8bad6c8dcf64a7e522f22d533c1f9a5d3618974bbfa10	2
fck-00677	0	sha256:f4ed6cb1a3c6cdd3e95d73e50c1589e5fdb1468baeb5255683ff4f51da89c4f3	2
fck-00685	0	sha256:b8adc04421b10eec182c6245e7104aa0c4db8cdb21bc72875bcc2fa5911d783d	2
fck-00686	0	sha256:8613a11da3c00c5253eeb73b3cffd60bf1f37e5bf913ec0f6f08842f7e890d12	2
fck-00687	0	sha256:d7dee63e4db525fd99bb95084914822f581f6c9850fd1c7fd7aa8d1929a6638f	2
fck-00689	0	sha256:75762ffebaef864560ac735f1871235efbf8ea1e94c59a464b20c10c0c94266d	2
fck-00690	0	sha256:73d95063cfb8bb932dc416f7dc007a795ae0bb0a58c5f465c0c7739dd466ea23	2
fck-00693	0	sha256:f56390cbf31316cb35f316258827bab799a30a4b79ea48aa0f7afc887814a1b9	2
fck-00694	0	sha256:b5687a669cb8d14bacb1429e883ba2b93f501eb2c9f760fffe18a21545268c52	2
fck-00698	0	sha256:fe97ab0c01a09f40dcbae7c5b71fd4ca41de852e9189e3cd462e7d1ed7ca11b1	2
fck-00699	0	sha256:5c47f753db0a1cf7578b335ff49c4e6a6f905ad346890ea14bcfbb2142c6e955	2
fck-00701	0	sha256:74049bcbc31febb93cbbdc051c586d86dd01bb71c9a4970e77e187dd83efd933	2
fck-00702	0	sha256:6d49b5f8a87c5160c5cd9f2b2707077b9bb4d1932742f1fd63bbb0b212389088	2
fck-00703	0	sha256:d04be8c6d6058bff55757f8fc3927d34fa9b06327a80bfa54df59152d47c5132	2
fck-00705	0	sha256:f7d54de42cbba6b4db1dbd136b7d8a062f73d49b330e7c92b7eb33571e09da1f	2
fck-00708	0	sha256:5ad1dc0d7b7ef1d623e927ea6360d6d14e0c011e67b9da56584d1e6988479f3e	2
fck-00713	0	sha256:34f2b7497b324ab89fd7924522706394f1461cebb192f432daaa692762c4741f	2
fck-00715	0	sha256:b84c124ba82f3ec0a9909e6ef97f2aa483434f92592ef57bc0b946e20f3d881b	2
fck-00718	0	sha256:7a31a50f38bf935ded59468eea93a9fea560e34241dfa320e2435780ae7aae40	2
fck-00721	0	sha256:997dadb81af95f31e3d58a0bdb95e1325f43177cbab0a34be4f0f1f7b3015626	2
fck-00722	0	sha256:9959b1f9ca9ce7f8f94b1c7b07257d16a10faf310c1581d92e3308a443ef5b49	2
fck-00723	0	sha256:1a45ec9e980eded3b89d1080bca582713cb25e16fce8c791007534ae0e245472	2
fck-00723	0	sha256:4dca2a6e5c6ef775c62d209a73c8dfc48e664067a7edf28b29e9cfced06f8d6d	2
fck-00723	0	sha256:6d6813c243dcf47c1e8c01a03f9e12e141c2a2d99dc1bd0e4d3ae319277b4656	2
fck-00723	0	sha256:be2673189fbd8c5aaedab91cb968e6ce662241d8485e44a9bedbebca9fb02b12	2
fck-00730	0	sha256:ac9ddea0a45a1fbeccade73b6ca52b7159b96d4793ca79ddf272a1781c543090	2
fck-00731	0	sha256:0adc82dc768716fc8c5b5100576e16394dcf52bf1d2ee035a1e6ce7fa975cb4a	2
fck-00732	0	sha256:1502217b63931b3571df516eb6eac1fe83a1b6eb470c842040a2a099db38fcda	2
fck-00735	0	sha256:c6df4863a085f57b9d89338ab876a2af768813f87e8c1dc9b9199c1e83348b29	2
fck-00736	0	sha256:57b1ac0f67ff6e443abf99b05fea26df3091e6bf4d510914f18f8f85b0b36628	2
fck-00737	0	sha256:5f9384dad312acf1dd95a70da307687c1c4a854198bdda865ace27b31631142d	2
fck-00738	0	sha256:1306c3312cb62014ee32d1aea588c8029207afeab8331fa32d8fc9d45f890cbc	2
fck-00739	0	sha256:1ad06032ca097855b9bff9f21540955a92d58626b58953111acf3c885ff29181	2
fck-00741	0	sha256:9e887deb7a9aae5cd95e5910aa60cabb7f1ae0b5cd220e6e0deb0f482779cf39	2
fck-00742	0	sha256:002be6a376b608c45965e58dbb835cbec9be8fabc5fff2a4b0fb1905ad81003b	2
fck-00746	0	sha256:1923e2fb83c8e279ae02edc4993a74157fb66a543a89ac58425b5106c431587c	2
fck-00751	0	sha256:992cea84a138840daabbce6baa28256def779ef6c7956849431cdb31eefcd92e	2
fck-00754	0	sha256:1aa9771d89a10eda3d1fd509d683184a9d3402416ef7c495cf82ef138ae42519	2
fck-00754	0	sha256:ba1fe2271df4ec81ebe5e0126ea8eb40ad3091cfe721142db22c3e4778f971bd	2
fck-00756	0	sha256:0e1d1480804f3d6c3e09e81445ad6d2a5a46b69aeb66d48bfe5b52e4d920a40b	2
fck-00756	0	sha256:1fb03acf9a86403e43f6905086375ea2cbfed6fda8c05d1432ff83b14593b4ed	2
fck-00756	0	sha256:2b3b13568666be0fd008c1ffc10e5bf6b823b13d9a12806f659b102cd7e3903e	2
fck-00759	0	sha256:39a5916b990da51b2c1080a65724701cdb1cc075b5a30c0290eab42b695af052	2
fck-00766	0	sha256:274b9572a3f92ce292f8507576b0c34d64ab09bb85b66b3538b064416ed55793	2
fck-00766	0	sha256:58d7126deb7380dd264a56b876d7b1a835ded04deef20b35c9976dc56319196b	2
fck-00766	0	sha256:b1f644f55142d55382e949569b95fd6d5177e7916612428de27066c97ee83f78	2
fck-00766	0	sha256:e7876883256acf13e3ad6154c21487a618d65f076ed8a6f838ab5ae912a355ce	2
fck-00776	0	sha256:23c7c91ff5655afc41e24fc437961a67f26228d6bac749679de74103c97201a9	2
fck-00776	0	sha256:cbddf1b42601d3ea64aede967eba611201eb3b2653e0daa4329af1d681ec40f6	2
fck-00781	0	sha256:7480d08585dda8b4ad25233b81ca6e33839fee7cc664bb52fd6724ad56a17f1f	2
fck-00781	0	sha256:8d74babc82ee265a3b77b1092dbe5a9b016a2329e99c97af8d2b3f2e8b7571be	2
fck-00785	0	sha256:b32920c9e74c3a2235da5d93897f68ce187be70eee586968a94e628a03272c61	2
fck-00786	0	sha256:f99818f672ddf09deff92992adc941d32401bb61b4225e6bbe6df30cbe816caf	2
fck-00787	0	sha256:d8ac721111f7c5fce6a6255a9c6f6328ce97550709cd60aa39803808ccf49871	2
fck-00788	0	sha256:bb683c7c4aadac43bf94d71467cfb06a97093b0717720f23332cfea9fba324c7	2
fck-00789	0	sha256:3f33571719e2cfb7b05da58ed630bc2f5c10ca150ba9f81147c3bb7fc60cf1d9	2
fck-00789	0	sha256:ace728822db6f9d15fa2d98fee4f7dc7fbba34ca6c4ba66e218a0a06311cceb6	2
fck-00791	0	sha256:4793bbb9d3c1f43eb02a70ba997dc9bcc558fb6de5b8328f4b6e6ed8fb25dd34	2
fck-00792	0	sha256:9c2838c7f3f5def65254618f6ded9450fa55c9b9491c0759bd61c3b13d8a0e6c	2
fck-00793	0	sha256:0022233b4647318493eedd94358e2a8eb1a5994d3a899704da12c3a379eb5421	2
fck-00794	0	sha256:b34e558bbc32142c5670ac59a005e346298de641b0cf38916d81df8919ba369a	2
fck-00795	0	sha256:120d6a74a9e1de5b1359defe6636d8bd728f6c22da3fa42ad670fb3fe561dbce	2
fck-00796	0	sha256:5c15572e3667c41146e2e7fc655895f4ed601fe54149f90410e4036527040475	2
fck-00797	0	sha256:50826902025693b3d88abdf3ad4e8e97375c847f46d91c4ce88306362fb6df39	2
fck-00797	0	sha256:5bc4b4998352f51fdd209730584844390cfec9050ded74eb3aa4d4fc85a5f3ef	2
fck-00797	0	sha256:aa284ce1e59838e689c680e26d2edb478c8c611ff1cd030f2848a811b1148ac2	2
fck-00797	0	sha256:b77a754eb1e635fd1f846dbd55ecebec5120043e0ecd3b875c683fe9083f94a2	2
fck-00797	0	sha256:d5abc9751e007e77fb73060011891a622b6af3fa2735361041e4d307d69377f2	2
fck-00806	0	sha256:0b17a7f815903c045749671407909e64345334df379459b85050d165cbd170ba	2
fck-00807	0	sha256:9d4680234f1d70282971089fecccdab5aa67032e4f5f7a12585e5ffe2fbc63eb	2
fck-00808	0	sha256:a3fdac69aa5bb0304b9850c49fd3ce2e1923a3176d2538e41bd48dc0b164a485	2
fck-00809	0	sha256:e1b2f88bbc88e6d6b690a3bf5c6cc3c00b1af69ae547afdf105b62c7df851546	2
fck-00810	0	sha256:ed48e5c7e28c0a55b50ccf81743a0792b932d74fcf50435e346a3354c929d61f	2
fck-00811	0	sha256:d8a623d90e701e3c8daa221da977a5f4b639c55d2f3f0151b0822ce43fa37b10	2
fck-00812	0	sha256:20909835313b6e180d9d29bb8d1e5d74d99dc53c07a2664b95f58d1b1173e72f	2
fck-00813	0	sha256:490133657d48fbd2c2dc1d890311578b8b155b9a4e153d55f6e4eb70b8aab672	2
fck-00814	0	sha256:f64dac29323291eae546517b27fc3dbcff8ff6b728fba3d9539e2b87bd39e866	2
fck-00815	0	sha256:caaee06fc7a6ba91238ac3ee4d2e4955112bc9325784738062ed329291a19e69	2
fck-00816	0	sha256:9a6d9f3631e3a5f96777d95415a5f6766e06d29012f163c81ecf791959439366	2
fck-00817	0	sha256:2c67d956594562bc5a62304ef378dab03d3f56143d1c3ee40615e065fbe5787a	2
fck-00818	0	sha256:b128220ee3d9b524e35b2ccfecea10e0350cfa044836fb84332ef444e995c1bf	2
fck-00819	0	sha256:7519a74125e349aac94faf7e810894fc8ffa498c8973b38226c16758f214365e	2
fck-00820	0	sha256:ba5c4644d09266252f58ae5d8cf309173372ab827e2ad5053dfdc4c8aa7016a8	2
fck-00821	0	sha256:00eaf2b5a0b6c84f08a4de0a618935f74496f0d08acd8460535ab60985435dbd	2
fck-00821	0	sha256:c6e877e424a1bbf4dbc60b69b9cfd3220dec6135b2babe94af7ccbeaa6d1f81a	2
fck-00823	0	sha256:e5de7e55fa5003cc7d58c907a1a16d4c035a074c4a6c278ceaa9639b763801dc	2
fck-00824	0	sha256:301ec026e21ded9c8c2536f61e9bc53e3511a89f651a99cd361eb0c2072f1879	2
fck-00825	0	sha256:1f5ff3006bb023f45d75b0bfb75516791312a5272b7ab1e841b465ec244e5d87	2
fck-00826	0	sha256:0e705d27c62d51a1192e439cf328c4a00f0da53b22be1eaf71c4b7d2829d0942	2
fck-00827	0	sha256:64a0ae9561c74dbd880c781ac4226e753d97cccc161a7f9740c3845eb3be71ac	2
fck-00828	0	sha256:7272f117a08f6dc3ffadd8db0a55dbe2628c3865e389dbf557f996be29512cc7	2
fck-00829	0	sha256:93c3fd8afaeaf0c95e97dcbf82f97a0549b559dd94446031d8036edb8115d070	2
fck-00830	0	sha256:21ec15b76aee00b916efe7322a5de9d2b3725e90de0b1c671b1c698eba99739c	2
fck-00831	0	sha256:14c0d770c79791c486d74cb851cb7cbf4501a6324b3d44f855d0b2376f93fb47	2
fck-00832	0	sha256:4169058b949043294c4d61cd949860d0ca5137beefc0ae330d711466a9ceb670	2
fck-00833	0	sha256:2938bb23b1ba575b2879c11c26e3566d68a7e858e5eae30fb196f4efea496c7c	2
fck-00834	0	sha256:3600ec543f0db8025b535bbb89f1ffa3c0a40b90e92876ab356f64c80ba15e99	2
fck-00835	0	sha256:2a54256ca7812703c243ba5ddd6087fbac242b4a21a405e9dd02fe5dbdb90852	2
fck-00836	0	sha256:00228a752ab0b39e4e6e8cea32886d8627cb19e22593f63163329021ecd50501	2
fck-00837	0	sha256:df96e0f53b6e0a32b4a21951498eb93dedacc8e5f0bc1bde627874abe60bd2b7	2
fck-00838	0	sha256:8e716cdca0ab2978628168660c998ba46878be37bac049adbe513e5505c50500	2
fck-00839	0	sha256:bcaee3cce13b6e76cbb0b5e071ac1315985aabbfd645aee7e3fe89813ce4db6d	2
fck-00840	0	sha256:023b55da03bc529d7f160cd7c0890076d492fa4e6426c7169a19f71250d19677	2
fck-00841	0	sha256:18a190cc0e8eb2b924f6f46dcb98b0d020e06debc4832b8465a98b8f562c923c	2
fck-00842	0	sha256:fddf46a28824e69e40e67bdb68f016165eff3211da5b5783ce8b960db4b96702	2
fck-00843	0	sha256:6ed048585c2bad8904423f6ec6e68db9ad2c431a0daeab9dd3e16935bdc2cd20	2
fck-00844	0	sha256:3cd628ad333cffa5950b9e5cbe22dce1c1307b9e4048bc9676ea20f8d00b6606	2
fck-00845	0	sha256:af71c752ad6b82f3634ccb948aceb5889332473b1419d875cd81c72c8defbb16	2
fck-00846	0	sha256:f16f8fab64c0d6f1311c1fd16adc104ce817af9b59ed9b0a71c870ff0b72f853	2
fck-00847	0	sha256:d8b7b7fa83c3b837964406d308de0c39e4964f386c741c25d1f220f235562018	2
fck-00848	0	sha256:56a61b0c273be954f7c57ed4f2bc57bd84ddf65178161d928a8500e8edcda7cf	2
fck-00848	0	sha256:dc8dfbd1e79539361fd6f82500e14221d823b9c7d99c575d6af367934181b4c2	2
fck-00848	0	sha256:ebf78187537af2b2876df8e9a918137a56c07fc5ca048d717813cd1dd1dd6aea	2
fck-00851	0	sha256:7851ca80e0ce2766933c5c99da54385e8c49891ba0d03cbe39bad5ff417be59b	2
fck-00852	0	sha256:4b38863fdf6f67531ef9b704eba8224a5d7a0dd28c6210954e92e8a5f07c4d59	2
fck-00853	0	sha256:9bcf2cd6a94842838cd3060c415040d3f25e73f31484de817b908327f29717a2	2
fck-00854	0	sha256:3e983f974446976ff9be037bbcedd7b2376862fdc9bfefa7c93e7fd05a3b02cd	2
fck-00855	0	sha256:4a679e452ed08ab1c1d75aae8fd634bcb0d96c650fa936e3f2d4a5fdc5992d9e	2
fck-00856	0	sha256:b9ab5346bf133c365389a86c6088db1f38fbbf922048c9bafaf7365be157f2f8	2
fck-00857	0	sha256:7fbb514842daf2813024dcae547823299bd3fd2bbfaec3c9d4c4dca081db75c9	2
fck-00858	0	sha256:29280fe6396658613e262b29935e84bbc24b4fe59a38cf66ae8c79065bc28b09	2
fck-00859	0	sha256:451c1b467f9e61226b78f8585979dffff7005475880047d30b2182bb80986322	2
fck-00860	0	sha256:1f3b8a4b8024758d740270f68963db038c8da5e4934b126a21d1c0bd5bd35e25	2
fck-00861	0	sha256:12e766947af0a3f671e2c67fa3f42078760cf49d9329fa9fb1b46aa808dd86a0	2
fck-00862	0	sha256:270ef6d951e020117e2f4d3029c69c959210453d9b88648cca4d2401c6d9112f	2
fck-00863	0	sha256:bf9768d9fa74aceef4880b13c5f0812ad7ae12a4522947622fd12c7d60d1d38c	2
fck-00864	0	sha256:87a60090905bcceb581d54974a3f40f13df8c1463f09e1bfc5002ed892cc82bb	2
fck-00865	0	sha256:f082a537a0608123c37690823bda722c286a0766d6c7b531433d312db63ca8f1	2
fck-00866	0	sha256:b72db931a268eac3c7ebea914f55e013194ffc9800b4bba9b0353b038248b441	2
fck-00867	0	sha256:9ce2631fa1733e90594a4e750cbe7262406a1e7adf1d10bb9fab9e86e7776c18	2
fck-00868	0	sha256:0a2fd6a0448784c21a44b797d81b308e177ea750dd21905870a5c6f02e22a1cc	2
fck-00869	0	sha256:0332a8b9c0d03cd9b052d1d63836a1aafae0833a756428ef4122c17a826f6353	2
fck-00869	0	sha256:4548d20d3a8931802fe3d26285cbd09fa10ba43b1652d6a8bf7ef1915f934408	2
fck-00871	0	sha256:4e72116e3b26e9ab32d9b2e872d8314ada0ab05ab88abe1238001f8ca0a9410b	2
fck-00872	0	sha256:25d1359b1ceb67f2b89526efa64f5c24ce3557a853cb80ffcb5a27c538e9e19d	2
fck-00873	0	sha256:ceeb3d2d4727c37f045090ca9a8a83f7aba48a714051d9f75be91422c397c18d	2
fck-00874	0	sha256:598baef4e0d0689a1b8db6493fb4db8404c017617e1f6c3f1542c91b6a6b5cfe	2
fck-00875	0	sha256:6742c8b6330620f65972bcd53bf1071126b4351016ac1681eebbd8f327175e6d	2
fck-00876	0	sha256:a1f0c953cff328c87bb0c93437b9b0b0185c01fdb61192381fcd80f6cd64ceed	2
fck-00877	0	sha256:847f7e37fad1117a560a1cfa918c58b402285c1970b2a4d81e6464ce298f7c9b	2
fck-00878	0	sha256:4f2697587ef2b0a1a757fb58893684cae283e70b7877aa8ab6fc17854d1bec51	2
fck-00879	0	sha256:b6c062bb6a90f38c045a46932b96e61deff848f1a93ccc9b684e1620a1883b9c	2
fck-00880	0	sha256:17aeb5c7d604c1e25dc906f04ea3b9109e44a00f0dcc3e819b0c936342b3d03b	2
fck-00881	0	sha256:a6f3b5801d1b013f766bfdc675091c07f015c985f87fec1fb3d3870ce83eb2c6	2
fck-00882	0	sha256:71d22147b3e74a2fe810d59b451c91644c77227bc48b73ffd6285bc1c3456959	2
fck-00883	0	sha256:d4e247b1ab849ef7487c6c53560696cb2fd0439b778dad95de7bd24b7206f64f	2
fck-00884	0	sha256:a8c1e70e27353c73421aa6964be45f58aa098defcf809b102929283a0674f7b0	2
fck-00885	0	sha256:1a96ebc8b98eee97aef2e59281c0b4f961b24ede73c2a24adaa84e454ead5012	2
fck-00886	0	sha256:ab025bcc422fe66627e249bcdd721be74eb12cfc269f6078124584cb30e3cefe	2
fck-00887	0	sha256:4c5c9ffa644a49fc830530600f6ae0f04c8f3f6682ada33fce4a45f8ad9a83a6	2
fck-00888	0	sha256:9c7e904ef32e561a867830592c41e97f2effd0017f9734afa558a3c400fb2dc2	2
fck-00889	0	sha256:733edac26db5dacec38928379be9e2533ce415d53b4a231d0aa0ff61be748040	2
fck-00890	0	sha256:ffb921a2286b0a93bb8f57929cfc7c3a3b21effd1798138355fcb563501f2fad	2
fck-00891	0	sha256:9427faf2e85390cd61f61fac2380e674cc4566d36523e903f82acf928f9cb40d	2
fck-00892	0	sha256:4eb3d653ee0ca20e1023d7516d15e7df99ac1ccf07d1b8a53fd1f4d6e13710a0	2
fck-00893	0	sha256:494c42d79312fbf59125cdb7741cbd304cdd2c4b50e0124bba1353a02fdf6b4b	2
fck-00894	0	sha256:8380123e31a814579480189139ded55b229f1ae072b2dc19bd8b12deda1d5e2e	2
fck-00895	0	sha256:8a6f133b37e48a15b0d145616df09918f4f4bef1d6860c9477c17f048a408d84	2
fck-00896	0	sha256:afedb575a2a0d30f91753da267c845226ba1ccaaef3d82032d169c7b16334c40	2
fck-00897	0	sha256:377c7d30c2712737bda2d6772e762d49f790c77d8260f747aad406ac5a60b785	2
fck-00898	0	sha256:dfa99d2f4306fc2c10a45eacd7aaae4383b972bff8393d46b646bf3b0571cb5d	2
fck-00899	0	sha256:1ebfbc1e38a7be5825f7110a13665f0f032f05c80963b30681bf6681b8c6d711	2
fck-00900	0	sha256:9d9015e80cfb9d630fc038c08dee2cca40db4f48b6971965b454fc1b4f673e9a	2
fck-00901	0	sha256:7fed0b6f6c91bbb42f32f868c4792c4bf5d0e2bad7f37c20bc794a01bfc63495	2
fck-00902	0	sha256:781e2245b1a03cb48b04d9fd5a275777b4a19a4e434a8e8874830cdddd53ee6d	2
fck-00903	0	sha256:f15ee6431c3b589c98ae78db9139e25e42d63a21cc37c1284084691faf416e2e	2
fck-00904	0	sha256:ceee0514f8f81b486fd0c65c371bba4a4cbee5bc4a0cd8cf6752606bab91a118	2
fck-00905	0	sha256:08251e883da8ae2f73a466987371291b5b8477b7ce42732d34262d5c2f9b3989	2
fck-00906	0	sha256:cf7933f22f9c7e93a3ec99f3b5f32d1bc143e64e1327434866c715070e382096	2
fck-00907	0	sha256:2f937db4f6c4a46dbe4f2de83a2a4298a61de693a4b505bd9750717279839afe	2
fck-00907	0	sha256:7d5f51a4c79dc361f9b3353da6d5ad2a4b1e89eb65a5eb20017bcfb153b8ae39	2
fck-00909	0	sha256:762d98217e974a3324b0bc25b43e0da32c266d9a003d4169a6c3f694b6f4f00d	2
fck-00910	0	sha256:41161bd38da290c68c47f9c9e50a7be4086bdd50f83f31ec3b05c0b057127591	2
fck-00911	0	sha256:0ce30d22ae23fae92fb22578a855fc10de0b78502f01a339236fb76451a939b1	2
fck-00912	0	sha256:f09ac309cbe2bd1abd3e527ace33e7b0816d66e9f6fd6e1a9569bc8f2026d62f	2
fck-00913	0	sha256:be1905b0dd7a3d82599f2e9ce20f9fbcf69d2262fca63bf22dea31af6ce478f5	2
fck-00914	0	sha256:ad198d05a009ef331b3af70fd7d153deb3e00fdb075ccac82841bca75631484a	2
fck-00915	0	sha256:3e74f84f4125a3969e584c502420cef34de3ac9e4b2eb4f5bfb1448dd100549a	2
fck-00915	0	sha256:b422df49e653476a290c77768f90a58b238df9402f82805a95791431b48b7727	2
fck-00918	0	sha256:0305811735ab9d2781fb590657878152205472f0116bf904f50a1365a5abeee3	2
fck-00918	0	sha256:06f35b1cec0c7206d6d7e7f9f30d8a9cd4155429a4312a1c787a91df9d95feb8	2
fck-00918	0	sha256:2639ae23e947750ac2fb7ad793583c6af467a51cd5b145aa79a5bf174fe6e5da	2
fck-00918	0	sha256:3ace6a044186a31bf395b7f945445d8c128d0235f216294f2395096071766df3	2
fck-00918	0	sha256:5a9d4114e844a23f4d947081e569843c4a1b6040206e348badb6dd945ea0d6f9	2
fck-00918	0	sha256:7848f0052e65f08bbb2638c45f4c3fc7866c3131096646c4aea5b01eb86fda28	2
fck-00918	0	sha256:80986fc0015f64102e0b39b545c225cf3a626c317bb0a92a2e719553c200161a	2
fck-00918	0	sha256:86428f09ad04b5a5603156b9e2cbef19170ab6a988ed2bb3b495c786f303fd58	2
fck-00918	0	sha256:96604820c45892f58860666aef959d0a521f007f3ff404ebf2560b64321edd27	2
fck-00918	0	sha256:aa163ca9361e0c7418adc505ea4590c6a5bb5750ffcfa21c4959f4361fac7c3b	2
fck-00918	0	sha256:ac3305345f4b500f65ff34157c32559ea00bed104a7b0090cb5062339d2b9471	2
fck-00918	0	sha256:b3b6136acd3043d9f6f99bc66494a0d1b25628f45fffd6faaa1d376ae9430329	2
fck-00918	0	sha256:beef1939bfbbc4305ce6a35f9ce88a0c66f7d66490fe587aad1957952b64f188	2
fck-00918	0	sha256:d77e14c482b05342357e6fbdf59c0789f17849b4c0a728f49de10bd038ea6049	2
fck-00918	0	sha256:f32fd6df01924fd7a2caabc845c868f3dfba0031f8d67c736e516cf32ea1cbc6	2
fck-00918	0	sha256:f81470424f473b6ebe56b75964ad3fe1c746bdefa233328b68a1d3ee80264540	2
fck-00944	0	sha256:aba8851c54ad2b5c50a9745d22221d7fadf3e2265669e4cf6b9f762573be8309	2
fck-00945	0	sha256:5d770cca2ab74ff795e7eb4f2462d620852d4946472d19bc8edad5d90db721ea	2
fck-00946	0	sha256:d8551497ec9ae1e9a94cf3cd84daafb765762dc91fa96aabe00c98b1b5286a0c	2
fck-00948	0	sha256:ddd9f0ad4b915e809987b657a237e0055a61e2e1b1a13a343c7b9cad7e6b3ba4	2
fck-00949	0	sha256:6357cd1b10090eb719375c181f22b59cab723eea36471d594a871113b1ee76d7	2
fck-00949	0	sha256:a12c6e2623de134733813706c71db01f97551b947e7cb43b965cacc771f2f566	2
fck-00951	0	sha256:24b3ee25906e4c1dc9f7d14bcb7d62eb787dbff81d013b77a35dc713691cedee	2
fck-00952	0	sha256:c51fc376bc650f34b7199558b487653951dcd8b8e945a9c5836ea66d18e0b54f	2
fck-00953	0	sha256:bce68572cfca63d8624ff329742f59958791f9839daf2d64fa2bda208977a7b3	2
fck-00954	0	sha256:ee99500e82a49ac99612276530e0fc985584cb5b3ee58571577fb765993d6ee2	2
fck-00955	0	sha256:29632749a71674eba36ee66919545367ba0159c5446a83ec465bc43921b3c63b	2
fck-00955	0	sha256:e794fafa37061f939b2fa2ff73dbad864e30be7179207a0dfe80ac2b429d9afc	2
fck-00957	0	sha256:9670b059dbbd1f74a1a03eca9ddf07f9602d5120cfc9a26bfb3130989eec39d6	2
fck-00958	0	sha256:d44b5fb6185d813f82ce3383458101901deb1bc282ebbef8bd02f8260c7de4b8	2
fck-00959	0	sha256:6d8e0b5058465dcf00c6b607a64afe696bba23674914ea9ce3405ee1c8a6f0a7	2
fck-00960	0	sha256:1149c376f188cd761a8203044c9f38b05b3e9844f46dac1a283398033fbd2faa	2
fck-00961	0	sha256:b18593a6b560d642135318f4dbf17cdf67ddaa40452e0a4f9568e539349d4202	2
fck-00961	0	sha256:ed3e749be82d350af1dc5eaf65d6ee771330bc17e0989541922193eed1f1af16	2
fck-00963	0	sha256:b7b32d91c4fcda450cfda9eebbced27462ede226bf1f6f066b9b343bd67c5dfa	2
fck-00964	0	sha256:32a816c5c607c2577964041a377b8e0575e4decbc4de724682b313faa209b806	2
fck-00965	0	sha256:095bdbf74a7beb01aadf34b0a3727ec154ae09e9b889fa037416798912d5308d	2
fck-00966	0	sha256:54298015a2bb08cb64ee5ebedab735cc3427b53f4dbb232b1efaa0f8f50232f6	2
fck-00967	0	sha256:f5f545d9d8bcd27669d68b3232933def46f5d02312289355a18df2e93b605ca0	2
fck-00968	0	sha256:82af588d20d3ea22e181bd4a808af58cac161569d6fb302da5535f0eb59a619a	2
fck-00969	0	sha256:2c324e22c47d57b06143ed38d4972fee21b7dd17a7778b243b4a0fbb801ff479	2
fck-00970	0	sha256:c99633b2497dcdb3e43d58a8639f9dc6b22cbfe246dc84464d79ba98f07f101c	2
fck-00971	0	sha256:7542cd944a58089cf09e2ff681d31e0c8475abd5504ac756dc66732b6fcde3f0	2
fck-00972	0	sha256:564a7428baf05a8832d9a39f214d3a3dfaffdad6ddb04a445e10699b3156e251	2
fck-00973	0	sha256:cb49b807d7a406bfa5a62a8716a55a933e941aa3487663e10d640e5d6ab1af81	2
fck-00974	0	sha256:e270ea3922c51258d012b7450c6b66f87de4058608c033b0f57c071e3d648a1f	2
fck-00975	0	sha256:cc9418da6325856cbacbfb562870eeb05420084777c1ac2134e8731839d8b47f	2
fck-00977	0	sha256:5994801b02f9623605fb4d533fd0602d5325902aa6eb2fe64f37a6d5451ee1a8	2
fck-00977	0	sha256:cfc1de860a038ed02a4ed7f45f8be599e243997b71a44b99e6ebabad92e9462d	2
fck-00979	0	sha256:a7e0dee60dbd24a9966b6ff983b1668699d95400bf4fbff0ff58304304ddd0b0	2
fck-00980	0	sha256:db1cc77a2adb62841aa499ce597f78cfc8b32748375b8673e17efb92e1bfd2b1	2
fck-00981	0	sha256:1e87a10cb032c8e5484534518d1e05da27dd7427e0ae390c15e6504ed14d6a3e	2
fck-00982	0	sha256:b1ebb6fe7ae12025fe5fc0c8442928bb66e91c220ef6432a7bffc7f02cfaf75f	2
fck-00983	0	sha256:e1f975e62c4df66cf352da39184d9aae45cea995514fad49a6f74d6029b6cbe0	2
fck-00984	0	sha256:81a6e463097d08ab93a918071dc60a130ab922e0352ab22daa246c024991f1b3	2
fck-00985	0	sha256:41354a82dc946d1f5335995959db570542e39a2638e40a2c1377f767ade85058	2
fck-00986	0	sha256:ea64808c5d44ba0003ecdd440e1241c209ab8da368f909a51ed56f4c78a3f091	2
fck-00987	0	sha256:133988c471e6180f5d7814d3f24c118737f52bb9982840bfe99a731416cdcef8	2
fck-00988	0	sha256:c9a35c3bdcd3201171e84ad4d3e899dd99803339d8d50959c8d6036df4759e78	2
fck-00988	0	sha256:e4ddab581d277a71e902d342bc06c0680ac2824b08dd8e9aca240c1656fcb6c0	2
fck-00990	0	sha256:66ce5c3830ce0dc32233d41ea4cf86f487a9d82a42a42dcbfd1df25c0802f699	2
fck-00991	0	sha256:25eb4a3d7fb520877bfd9f9d0a297a660a873d23c0c66361e8a770bad5d8157a	2
fck-00993	0	sha256:c2dffd2239bb97c481b639d7e75083bffd28f6fad7bc49c34d5928987f441882	2
fck-00994	0	sha256:a96877cf85b62cb66bb4e52262213d8fc95170d11bf554202f7aba45595b1dcc	2
fck-00995	0	sha256:f0218772ef08057c0e2772485abf34c02ccab6b57b59d2b8903632c57e66fe8e	2
fck-00996	0	sha256:8f551306a344ddcfeb49d06d47cb0f899af1a18c9374fb6bad77582f9b4265ec	2
fck-00997	0	sha256:fbf35348626faedf324faaf8111df3ab5bd7296e3b1a2128bef4bf80e64baa20	2
fck-00998	0	sha256:2ffc889dbaed433865023f9c2c3366d13ae93ae0c11f8567228faabc32141312	2
fck-00999	0	sha256:d618c2b6066c7caa3fb54ad383251a0eb2b0017edd96d5e1f9f9f5619b51fc50	2
fck-01000	0	sha256:113e1e292640b30e8f9833e8f32e242ff92b979bfb80a891953b6e137b30c216	2
fck-01001	0	sha256:d1da446d832d9c5fb922f062c7fcf7413c8286b8a119dbce3bcac224bb39a2c0	2
fck-01002	0	sha256:976190713302db3a6439b231ff37e2a17c61b608b61f92b352ad814cff638fa7	2
fck-01003	0	sha256:d7c54d805cb4bcc22e465c5d0bc39de13a37d5e3a278689dc3879f104bafdf0a	2
fck-01003	0	sha256:ed36e1a8f81400f9f0e6726a617b06f1f0230afb07e26e3b54f6662331c41172	2
fck-01005	0	sha256:7ed50440b9807acd4541f1ed826eff8df91ea19c3db940af73171b55af4be1a7	2
fck-01006	0	sha256:90e42ad80df89aea7b00144d0df2eb2586547d63d63cb8d9a7f4a8593346c57f	2
fck-01007	0	sha256:33a14f237f2cb7b77645e123c741e02938ccc96a5063eb14a2c40b5643128e6c	2
fck-01007	0	sha256:4af24516f508885c8ce13eab165cb7b9ef819fa9d8b64d51f3b69072844e908c	2
fck-01007	0	sha256:84d202145ebf7f4d3081c56f4d3f7edc4f4af33dc4dc2681899a84216b38c754	2
fck-01007	0	sha256:bc07a057bd2fdffa2114b81ffc8a003cf59c64b3a4d7b143db47613a87aad757	2
fck-01011	0	sha256:3c577f8d05821782fc819acc5bbc224c1f166708159a0243d86ec1d2896ba97e	2
fck-01012	0	sha256:1dd79ac93b93209b40d7d367559bf2c6aa42b01c090b61ead2b20dc66c430521	2
fck-01012	0	sha256:43e73ef91102dc390a921581e673d2289b30c4b3113cf23f579d58dc8db13bff	2
fck-01014	0	sha256:3dd9ff4f6855b9f0ec0b2b14dce88b672e095f02a30b92e2a5fe157181a072be	2
fck-01015	0	sha256:68bc48c1e0161857e4430f9181216cfbaa7e3e2020c876e8ea312bc146f7ba44	2
fck-01016	0	sha256:983d593671e3ea718bc6a182f5d1f94f2c224cbf748e315205cfc8f241dfb46e	2
fck-01017	0	sha256:31f9ba5b63243a6b8d9221507660aa2c74d8d2869b12902efae713cc4c02712f	2
fck-01018	0	sha256:e5d403e0538a10e2933f2c1a6d3f339ecda8720ccb359f738a7285430c0b544f	2
fck-01019	0	sha256:c17474854a24350596918ca49d5d4a58bb0eb20fbd88446d1e7cabc9b182e4eb	2
fck-01020	0	sha256:0ee24f44b164b05b6cfddc1a46e646aae5fa169c3e521ec6d715ba923772da98	2
fck-01021	0	sha256:e355994c3cf2bcd0f01e023254640556b5dab45f454a1d2ee67d22215508040f	2
fck-01022	0	sha256:8790ceacae6da7cc5d5faf277ab17ae6ff537673f64dfcc786bcd4918090b07a	2
fck-01023	0	sha256:a98384e8d1a118b617941986fee659f47c82e1061aa841996f7970d9813a6e58	2
fck-01024	0	sha256:56d8fc1aba3d4dd3d5eee6b9d42bbe6023dc7c6dbd7732d9f4915f9b7da2cb1d	2
fck-01025	0	sha256:a9da2997a397f9001245669275dcd1813f173d2d74b8cdf73b9e8fed2086ce01	2
fck-01026	0	sha256:fc66f01c11be3fc44243f3bc81f1c43db437271df21c3aaa358dd74222d135cd	2
fck-01027	0	sha256:41cd062528038621eeadaa43a01673b1e4d2b21f136054a776fc8c42742e4e6f	2
fck-01028	0	sha256:5a6710e8c7ca7e830abf05b9a80c9c46778eed41c0e05f727b486f5ba50f0179	2
fck-01029	0	sha256:1b4b096c1ce41334a5e33fd82fb347963f0f0141653db4d7824d0dca48fe1d9c	2
fck-01030	0	sha256:e0ee47a7d5a34c46203b7573ca762d3bf020b8a3bf750b61f1de620511b47700	2
fck-01031	0	sha256:2d314c018a553db13bd66614736e4cd2e4b8d5923365d5b65f29164b4882e520	2
fck-01032	0	sha256:11b81d2798bf2e75d3bfc3c01058f05f7e7843b664c3c7d944ddd61ea2a43be2	2
fck-01033	0	sha256:2a79d58f69bb109f308522ad91bbc853c9132b7f829897af747a6d5fbd561a77	2
fck-01033	0	sha256:8d83d7d403920bf8f550031f5b6bdde622d1beec705299f99e681c415e7d2354	2
fck-01035	0	sha256:2640f43ca59bec66400cc69528e1cd5fccade86797c552a90e87987e3fb21f19	2
fck-01036	0	sha256:2bfe8e8c72df072b0f5e1a232304a801c16792bcf07558adc746f819361547a2	2
fck-01037	0	sha256:c7093b523b6669cc6e2dc953ddc560616e815645ac241d5ea7f1517fae850253	2
fck-01038	0	sha256:0dfa389b1fe07fe35c67e3f5223b678d093b24214cc0bf380750ef936679156c	2
fck-01039	0	sha256:738cabcd3c7530f55bbe3620b0344dbd2127d1154f7cc48ec708795147a4ac40	2
fck-01040	0	sha256:bc01a8e2464ac12b5d7844f1505fceae6db5e888d8b82206f56edc582a983d3f	2
fck-01041	0	sha256:48b12a11cbc83e07c0f7a226ef5a6e9a441971b1c47216c83244bf8563269f1b	2
fck-01042	0	sha256:312a04e611ddb2e1f6c624691a52abbf4fe4fe38e224d6ce57ebd131491415c6	2
fck-01043	0	sha256:073e5d20141334c23ce57d32d6314f70f5a053d8a87c814605bda05363c5048d	2
fck-01044	0	sha256:4bf5b4d8718859bb6bb37640aaf4bd0fc96a41a8261c3beab0e5e29e98b88b58	2
fck-01045	0	sha256:f8cd427468dca3bf5fbc5ca261e6566e88da53f8f0b45cf0bfc3e932f4e7b3a8	2
fck-01046	0	sha256:19d7bd96bfd0150decc52761e8057698cc44759cfcf632d1e9f140d9e08061ae	2
fck-01047	0	sha256:5d285224b399e65b39616fabe4f91e4aec88d2a6923c60c62a4250c9c229e756	2
fck-01048	0	sha256:b5e8eb9b1a1e9b6654195a4ac2f3f99af7290ef68d71c50f37744ec6a225d9c9	2
fck-01049	0	sha256:929351a29d2073f4192cc690e8977a14bb5ae5476419194666dd05fdab17d68e	2
fck-01050	0	sha256:13fc3f71b5c7a499c5e5fa4d4044dd6edcce10439dcfe42c16a93bc2a6aae742	2
fck-01051	0	sha256:867e98794dcd60a7876a44dc90bb18d290c136811f04bd61a8b5ae9487e94e7b	2
fck-01052	0	sha256:8ea63bfb44222d139bba8a9b89580010ab5ed9e01d75ceb034de06e6f2348367	2
fck-01053	0	sha256:8a4d2d3892a6d15d637a585d1422dc90e6c2c4854d7987eb22416e6ba38a76a5	2
fck-01054	0	sha256:d848f37144bf148aea5cb580fdbbebf808a60738cdb21fba3619709302a2d713	2
fck-01055	0	sha256:4820d86c2d9036347902b23820a10f9c4658c6c1e8aa6e081e7c642de4138ed8	2
fck-01056	0	sha256:a4ca300fc919dd7efe35947aa2d402190a5c70db80ec5a517f40a5c7cd0f9f94	2
fck-01057	0	sha256:3673eacf37e533dde57ca4833ae3a3787d0401d25e05d87f0a92617c6d21377b	2
fck-01058	0	sha256:288b6efc5274951d734c189c25e267965284c2e34eccafc2132007f691c0b9f7	2
fck-01059	0	sha256:e46c39b3fdee02bafa9257135d28f9769671d74e820e21873aba655955b37e4a	2
fck-01060	0	sha256:4987226249062a296034252bedd891f1d3e03d776f74e85704564d3a276e9104	2
fck-01061	0	sha256:dba971ee99334144d27c36ae95443f53eb6df4089c795fa7d051564c72c6bf53	2
fck-01062	0	sha256:bb778131f4435b00a9dad3f51d42233029fea31e5c94e464b3a1c875c77be586	2
fck-01063	0	sha256:076d0376ec3cd69e97d83abc6a15e78c67429c707ddcf37e751b400799c0da0d	2
fck-01064	0	sha256:9ee15b020be9b57373797077909ded45ad8a3444561a2b6290c6ce9bb63ad141	2
fck-01065	0	sha256:5c9d1147b6f201e353586f7e3196b473101256d38ab2d0deb374c3b74cf04492	2
fck-01066	0	sha256:8b8f343970dd56ef24b889b7a3eebe25ac0beb28f06620fde46fd324af36af09	2
fck-01067	0	sha256:3a458558609a17ba2906cb6cda10ef93eda648b2ed8c64a1d79ffaea3e7e7b56	2
fck-01068	0	sha256:caeb5da3e743c148513302331ceaccf63f5910ee60f37b668bc1b2e947bcd751	2
fck-01069	0	sha256:266d4d8976b5d2c385956af03a3579993976a6032b3fc35cbccff94e2af483d0	2
fck-01070	0	sha256:6158c55b0646c40310fb2ea74403cc0102b86156376a2195838375e1cb81bb30	2
fck-01071	0	sha256:f5d8b278fe0f19dd31dae21d72f4a4d6098a3cc4eac808f21fc313d9151ffcc4	2
fck-01072	0	sha256:88f5ab07814eba7cc698d224fa22d551f3425066813a6e25714acdd91aef6547	2
fck-01073	0	sha256:c5ece2c9de162730a7377d427de798a4f519d88906538f7ccd6ae68887389799	2
fck-01074	0	sha256:7dd7120d4fd0448b695dffd33cb0c30dc8a6946308e4b510ddc620dceab50a3b	2
fck-01075	0	sha256:605add84aef1b72fc9adc942cc2e18c53937a3a96e6c8d3489a330b0315ed673	2
fck-01076	0	sha256:9659c450ecf89755cc23e48971b5309014770e5733efd1c3e2cbd0610a839e65	2
fck-01076	0	sha256:bbd547c1041b9455896289d38e2c507f079a5ba25721a9806c36d44d91f27f11	2
fck-01076	0	sha256:bcf9c810e9adaaa9ba6c623e7e0f8714114516dbfde339ebaad3feb4776fea45	2
fck-01079	0	sha256:690a3bd5bb679b209c6f3809eda4488149abd5fa2fdc60b04390cef68a51c6c5	2
fck-01080	0	sha256:3542d3023790c4af16b5843e657690349169dd657eac4c7887ecb850d69f5c43	2
fck-01081	0	sha256:00befc6b35e56869f9077e1c309295403e9d21d12e4f6c3435c2e1908a624064	2
fck-01082	0	sha256:287d2a38ea743d4aadf6503708064a0ad17407c4fe25ef4796a0c457547b887d	2
fck-01082	0	sha256:f47e1a286a6c05867af817611eee06f2ed2042b54129871d517dd1fb996c5f9d	2
fck-01084	0	sha256:31c959988bda63e26094efea2cbf8740e4a0276464eb97885186a633ea8b08f3	2
fck-01085	0	sha256:839fd42c8623b7599cfb8bd63014b11d1d4f8db7d7912ff59a76dcf8f990a8d7	2
fck-01086	0	sha256:2f9153dcd97c17a7e29284527b5581efc1c02780594bd8887b46f9bc45fbc6f3	2
fck-01087	0	sha256:5dfe2ba48c49d3d68baf5ef0df1eb205c17b63e5513c8d38e82294fa4d4d8a9f	2
fck-01088	0	sha256:4f3de7d09f6be3f279a33ca241f1e41f183f41b0667ad61eae1dafc86a6e62f0	2
fck-01089	0	sha256:dfb44def47ee39618ea0104274037bfc02882a0271bd788809ed032ab4884c07	2
fck-01090	0	sha256:b5cdfae5931015c76dd251db25c3eda5beeef8b5fc4cf71743e4808b0edef831	2
fck-01090	0	sha256:c24a935445d4947c94ab3c2c0cee5b1a53d861bf47baee39b3dd19115c6cfe77	2
fck-01092	0	sha256:f20232213f7e328450dd613ec5ef76ebea638fbf1b902c5d6f69bbf62e22b85d	2
fck-01093	0	sha256:f0afda046991a64bec15fc1518f7c7a7516664f9c6828ea9664bac56f002d9ee	2
fck-01094	0	sha256:80eadb5b4cba54d9505dd68da2885f5da5a790b84d50be0c9977d3303f5bd130	2
fck-01095	0	sha256:72c68812875cd99e27d2b0ea3707e1a4ddcb85e8c564b5dc6cba252bba776c4d	2
fck-01095	0	sha256:87106ef0c1c0a58b1515b9fbc258d5d8a50d8623b8458a6fb8f52b71515aff15	2
fck-01097	0	sha256:ce17d47c500588e0914b16604654e8594713bd1b8b538ff45db6ae5d3445a0de	2
fck-01098	0	sha256:133c70faa974f6288d9a465b65ac9b2b780633faa8c26eaaa7dec47a62cc58b8	2
fck-01099	0	sha256:f7bf417fb7d9ec3dc6537d0c016cc1fe1a1286c52d20d38fa269afcaf19a5953	2
fck-01100	0	sha256:397be8337d61aeded28505883e1f686822b00ab05d2b14e908fa969f6fd4e129	2
fck-01101	0	sha256:ffbe841440ebf95f5f3587f22c0f1eb770641cf5eb6c811664ac4784b541b214	2
fck-01102	0	sha256:df60eb33a5ee2c05e8711e987abc5e6f39f36a18bdc1fbc4f5deff1872658f7d	2
fck-01103	0	sha256:6c59f31940f47db73f25bd664fad6277810c31b651d9f065117caf57f89f0bd7	2
fck-01104	0	sha256:dc83d2a866aa46169f25eb954bee209f48ddc26ba1a628dd7d5be3a7f1041146	2
fck-01105	0	sha256:3985695ece73e1816fff807e71b4e40f05063ecb4886a14b48a014fb4b89c78e	2
fck-01106	0	sha256:2c2e9a6d28bcd8595c8166b75f30a834f317205084f6f3c605e243aa48f31e52	2
fck-01107	0	sha256:f250c8c01de172ac34555b5fe71afcde37118c1cf20346f5900e51ec2201f38e	2
fck-01108	0	sha256:dd7eceac27abe70c77ff1e66ce1a8f16fa4f5ad155698b5792e5e6f8e49ad542	2
fck-01109	0	sha256:79ef201dd09b32890157999520e8b0c773c4de134b4da03b5dcacc4982e8013d	2
fck-01110	0	sha256:09489c5d07defcf9226ee1cd4f027b9b0f9437eb7c44a091b956aadd3c01541f	2
fck-01112	0	sha256:0bbd0f82d787d065c546e8efe2456174537a88d2cbf235b942e6fd043d775d28	2
fck-01113	0	sha256:41e11910c40d741825398b5ef3277b313459a17d59df5d7b0a6c461ec2e398e2	2
fck-01114	0	sha256:61535ae4e5dc4209d60fa412d5f4ae8693371edf4c9369c49becf4f734e1d8b8	2
fck-01115	0	sha256:18b9bb16830bfbb600de0c428670e9604d43a6d8c0da466bdfcd1afea1ffe1ae	2
fck-01116	0	sha256:28274f920610ccf2c884fb763d295b4b13e00d169cc128750a98e23375a7aa04	2
fck-01117	0	sha256:e1385964942f322c8eb859f697b01e866c82906fb82875e4c233ab1c1400e432	2
fck-01118	0	sha256:13a30001901200243148b59ebea11ead5d324a21bdfe12d30cd73b1d9e9c0b2c	2
fck-01119	0	sha256:c848c6e3157bf0f679b75b2878080453f54deb1a938ac1517141235eaa29ae76	2
fck-01120	0	sha256:b4f793bd645a802184b00dbaacb5249f2fbe28f80b10e4de144ca345891663eb	2
fck-01121	0	sha256:ab4b614ed293ef74764cf04d64c9bd951e8e3793ce23dba84811558b9d10ddbf	2
fck-01122	0	sha256:a8892e936d38266a6dd461372b58e9f2d867079ada9fa640c4b62091e100fb5e	2
fck-01123	0	sha256:1b1b951ffae1854a53c3c331fe78f9a2a4d6566da1c307e8fce59db3c3761e06	2
fck-01124	0	sha256:3a68af8636e0e895a3d10e50590070f1f2176f17d4369ac319cffa64660e3546	2
fck-01125	0	sha256:b37432ffeba2d94a2aeb9a4a14da3697f05d410f900f76ff2c126383063d18f3	2
fck-01126	0	sha256:2e890670ad32b2a624c501d13995fc6ff4494275a06336f15be2631c6ae17185	2
fck-01127	0	sha256:0fdd668834eb0f07dc422779afbe6fa03c50d9efd0b06067c2813015e8278c0d	2
fck-01128	0	sha256:556d84ed94a68ecd025ae2cc9f348f5f6f516d48179dcd82b78bd91ddddf06a8	2
fck-01129	0	sha256:06d0a59bd703cadc94278644689e3bf319614529c5caff473c07e49a7cb9c9f5	2
fck-01130	0	sha256:6ffd3f634fb3b1a2f3773e8549951393ff8b38606bac74d8374fe3953e07ca45	2
fck-01131	0	sha256:e663377b3a0a65b89ab37ada3644210d76c5103206a7de4879d4d53ef8626eae	2
fck-01132	0	sha256:9d8e8a88af211c09bf905be9be9de6742aa9181b6253368beea556634433ad09	2
fck-01133	0	sha256:1a113887bc56d456af929f2f61604999c61a446be3f5d588985f5a8873c1d15f	2
fck-01134	0	sha256:c7fe08e3a6626129389ee2f2334c121d044987b817e8b55ea48ceedf05d20edd	2
fck-01135	0	sha256:9d825d065a72c1a8b8079ed7bf2ad8084e1501580b3d407f559294877674223e	2
fck-01136	0	sha256:473b245d60f0b0481c37b7d2331517b178d2f4efb7aeaad9a4086d0dce8b1229	2
fck-01137	0	sha256:41b9688d6417526520dc28e094dbd27e2de627dd337076b7f3c9755320c6ddb5	2
fck-01137	0	sha256:5b4c1e0669f5460ddee0cf17124466c3006b4e275b572fe6d7141a341b680124	2
fck-01139	0	sha256:565519a13426d8345254213e28cea39d604fe0229278169b3785bfcf4201ab27	2
fck-01140	0	sha256:21ac816c06855b3d3c6026f13461bcb2f6241ab76ee43722ba7eafae5629a3d1	2
fck-01141	0	sha256:74a36b5612782014beb41649bb17a23f9c07cbb1d992285ae9613748fee38591	2
fck-01142	0	sha256:811ecb1cef714f78a17834b802269f554c373534732a5a3e536a65f6259af560	2
fck-01143	0	sha256:695db9fc8679643de5914b9957105ec36aa649bef7c6171411a3103196793d14	2
fck-01144	0	sha256:aca5b0d04461f627fc0daa5ccc8efefe29a7db083002cae4896d30c6b9870702	2
fck-01144	0	sha256:c215038e51ab3ec7ebf42d0248512165376d980e89b3f9f43a292e1e9a149066	2
fck-01146	0	sha256:7d58f68e4eea86bade31f0b2d1d1690debfac8111fd9c7f98ec94bffb457ff40	2
fck-01147	0	sha256:ac7a2e46f8fbcc66e47da1e610aea8f8aee9b9b444f7d0320427059bd81964e9	2
fck-01148	0	sha256:21e7cbe4bf2ca3b610e735c0efddf01347b264b497814ef1e7a8b098ac050632	2
fck-01149	0	sha256:ebc823f6dee376c6454f7286ad498e5194fc75d07840eda6fed7119bd142bea7	2
fck-01151	0	sha256:d612d041cbd8d72bed6613bd651a0ae475af63bb8e304f8ef9422d6cbb47d3eb	2
fck-01152	0	sha256:bd06cec5913b8df412dc021b9010bbe5bbf28524b575e16b6f2874cba5ffa395	2
fck-01153	0	sha256:ede9c492c283b9a99e45a27b9890e03e5cb1b858671f89411d19c5a86271d069	2
fck-01154	0	sha256:5e74bc6770e55f95e2f9189f43e2acd8f671075bdfc169952e6d94252c7973bf	2
fck-01154	0	sha256:9f8aa04f015dfafc28a1fa0bd343c3978026ce834d66d3e92474b2f7eaa4b37a	2
fck-01156	0	sha256:2c22a7f2255de513e8872f1097b3d7e3bc5475658a6e6e141f4337bc1a3f74f7	2
fck-01157	0	sha256:234626590256fd098b45bd4fa9ef7ab780f1cbcaae1266008d787dcbb6bba713	2
fck-01158	0	sha256:4c5b7e2113e13b214768f2a39b8d7e613f41ef238fe9e908c4c5797b0cc255db	2
fck-01159	0	sha256:9aa96d76a815716b81d86fb0a599e1b4c5dadb53705a67ac43acf77d1f1639be	2
fck-01160	0	sha256:e984fe528d0e922fee2c2568a3ce69b5dae71e00038514184817885ac22019b9	2
fck-01161	0	sha256:5a3cf1891a3dade5b17413d9cb6355d5dd3907d5cf631c30894746042419ec69	2
fck-01162	0	sha256:be64549fc496a09001a4eb18e5a6892483dbf9f5ee9914096014185c2b65d553	2
fck-01162	0	sha256:d764235470ac39f253637ca7863f947352cf9cb3294057d0022b13c81da0720c	2
fck-01164	0	sha256:8bc19fb27ebf207fcd17c6d508c41499191abfde73ea8d8c0e04331548b06656	2
fck-01165	0	sha256:30714d9dba9c45a89ec98da6b5ee47d3579efb0efb629199b874ebe879ef7b01	2
fck-01166	0	sha256:a03a659168522e0361bf0ab553d39b51be9db2cf46fda3540f99192c495df2f2	2
fck-01167	0	sha256:080625b45f56642e579f5468f6ab1b591e67f9043db7aa623d39a328d2976651	2
fck-01168	0	sha256:a6104248ac9ee36f51e28efd6fb8268e3f5b400e509bf275fb93b3cffefc77af	2
fck-01169	0	sha256:50a59a8d6acdaea03df35bea614315d54c65f2baa5dbd26eebe0a9e4ea27b7c1	2
fck-01170	0	sha256:516702d035f665ca6c8747063eb0039107d53f2a689a891629c0f6f6268e8bcc	2
fck-01171	0	sha256:778f886a84b09388bf4a04268f098472b307e0f2b79276cf083d60f07a4a31f4	2
fck-01172	0	sha256:35cd4e69c6cc683cf1645bfffa92f2e0b41838f874fc62be31369070e4c8dd27	2
fck-01173	0	sha256:22c5e6dc060b9dee723e558dab61e54207fc1947d13787e1d3107c101b1a1d95	2
fck-01174	0	sha256:2e66204b54720ddbcdd43e154860cd1899e077525de1c149790d25d3e2813d60	2
fck-01175	0	sha256:075e5a161822c529c480b45956994d66b43a52d519071629bdec49b8d08ecfbd	2
fck-01176	0	sha256:f35ec6be3535edd162f7536e059fcae1cdf44c81305d8f17e7d322a4bd7a6733	2
fck-01177	0	sha256:e144cd2f2dc532ed8b0e7deb980b1fd444e414ff34f7bd13b37917dc9379be13	2
fck-01178	0	sha256:00cdf3a0584c48da629dc2ea61ecfb3f55ad03218dc913e6ade71b04100a4e3a	2
fck-01178	0	sha256:3a0bbc8b522da62006b1a41c3446c1c60ff5ca464fb3e35d7d8133cb4c3c2f3e	2
fck-01178	0	sha256:3f1c011fa378e3c9117b0641c89abc3293c2d8b0346b52fd5355534aa2adeb8b	2
fck-01178	0	sha256:4f466d71fcefe29c88993b37e765e4477dfbcae4f8258f3a70f9b28a697c0f32	2
fck-01178	0	sha256:56bb368e900f50177bb3ce397727bfd0972be9a28f7a93a1d9c9d481467ea53b	2
fck-01178	0	sha256:6822c58af9d211041cf4fe14a863ac8647afcbd1afdc022897304dbfdcacd762	2
fck-01178	0	sha256:92cb644c5c661aa560390c0002f5de388b2f71e759d7da938ef7fad32519f2f7	2
fck-01178	0	sha256:a951f20be0ba4ed329ee388776ab0a17e8027c68c0a0ffb44bc69c73268e6bc6	2
fck-01178	0	sha256:a993e06cd999eb4a71e7dfac3bc60a0d3267db065a7142fd560c25919a1d2ff1	2
fck-01178	0	sha256:b3c3a7c79ab56dc948cce0060b1cddd3ed9d21355abf09112659b3fd03078081	2
fck-01178	0	sha256:dc253b048b179d31c049d71faa2cee9277abb6e0605a74bb0408c016191d116a	2
fck-01178	0	sha256:e40e385b332b767cd0bcc42d9c40b4fe0ccdc51fa2290a2566964a4d360b09e7	2
fck-01178	0	sha256:eeb43141548383a01bec51f0f1634968231a221bf46c8f8922641392e1829058	2
fck-01191	0	sha256:3061a13d0ef0ca1313aa02f3db63419b1f8f57334b1f4c3956686054258682ad	2
fck-01191	0	sha256:a5c021f15c77da01d7d41da1ec93e995807e2f2aacf74debdef06bef46b7e7f3	2
fck-01193	0	sha256:95f7684c68fd005d50b8d1141c502d7dba3b88b55b5292b34fbc02cdf3196f9c	2
fck-01193	0	sha256:d1b8e348ee90a0f8af3f0bdea5c2c0f85f9a9d9d2dc3163123dae0da9221f24b	2
fck-01193	0	sha256:d3a0e5aa330315ed1c56e70b9c93974cb0c14d01fd676470a7a705493ca1b4bf	2
fck-01196	0	sha256:268cad78333b82f5617570816486ff126958ef4367f01e61e9cfd1fef7f8efe0	2
fck-01197	0	sha256:930ab36ab753a52554932eda209c4ab470f4245a4088b30d56fc20d29145a76e	2
fck-01198	0	sha256:8500bffc2d4d5e0ce85f197d5fbef80d0a5e91e261cf124e68f48a5d45988d43	2
fck-01200	0	sha256:6f9f7899d5212a870ba7b528214066e4becdd838850e12ca91c46a6eaa59ebed	2
fck-01201	0	sha256:6273062e43f6e48f2e9c11e95c02778226b32365d36cbe8673a546500279c9fd	2
fck-01202	0	sha256:44c580fa80cdbba1db58802673888c98f3abee9b5828fbeab588968e681ae00e	2
fck-01203	0	sha256:74b388ebc9892a5e28a1feeaa50330931431afdccead3e4594dfbf12ffc547bc	2
fck-01204	0	sha256:6e66c7e59a412556b44e4cd7a713f80083176ea8f9c6fb9832c8260e7608e545	2
fck-01205	0	sha256:d78bbccf7d90efb2681defaed275c0104549a76b376529e50b0c5f50b739d25e	2
fck-01206	0	sha256:18b5fd45d93cb7b607347c7f42f7a7112006b95113f70c2b6bf37a0336d4748f	2
fck-01207	0	sha256:45c1856655011190668289f26aa7033cf870b918a6a754ba8b06eaa9a14c8ce5	2
fck-01208	0	sha256:b726b736f44c9b1202b2944f6df3ed2dbe1897f583f933d8a1fe72109c7ac142	2
fck-01209	0	sha256:6be3d59d9702072f932dfd27668e508a1d93679cd4fb08ed6fa99394db92aa4e	2
fck-01210	0	sha256:53d95b24bab74b4c50b5d10637c7b53fee631b54bacc4e09c3b3f1783fc217e4	2
fck-01211	0	sha256:bc596ea7edb2446c45bcfe8a32b2d290bbc027042007cc483b56a50fd0524f6e	2
fck-01212	0	sha256:634646d0950c442470253efebf6aaed1ae691a947024cb4050f890b114c42240	2
fck-01213	0	sha256:a7dbaaf2d2eb2d1dd6c35803fc112abd73960a96d3222c077fac19b00b6e380f	2
fck-01214	0	sha256:3b756bdd8cb5bcd46d359f2d696619aa0376d31e3595e38cf34e2c37594b49ad	2
fck-01215	0	sha256:b9dda4d2fdec54cfc880f9e060858e8e8f354cc155730de01cae627088057cb9	2
fck-01216	0	sha256:39d8a276e9c6a5e45fcdff3a65dd3e142b8799515abc54478e1c1a453b786762	2
fck-01217	0	sha256:90efa1ad7bd64247595b973bb1b15ab087f1182116088872d1ec0962aa01567c	2
fck-01218	0	sha256:95d9cf6319096402f0f663fbf80103affca5c919900cde83d01448894b3e2e95	2
fck-01219	0	sha256:ab17264eeb2d3e7ee79519f4a8e260dca8b0f995ff5761e6056867f6a323abca	2
fck-01220	0	sha256:52a88828875cc410750d386bd1dde4d4bbfc5267717e5914614615c934f19559	2
fck-01221	0	sha256:a9f6474c2f6558adcf5ec0b0b0e5cea8700abb48b8f44ae20cbb18746f2d9047	2
fck-01222	0	sha256:cb27a80a3d98473088b8afc6159dc89c33db748f0dcef563b388bf47830430df	2
fck-01223	0	sha256:1d7945ea606430bdc98c7a4281508c4709b9f0d3a4e4877c68ea43dc66c3a389	2
fck-01224	0	sha256:7e07931df949a1dadde43d36759051291d8d43745c03290c3f045026e01b5225	2
fck-01225	0	sha256:2f1b8d6d12a98f9303f927c96b27da6fcd7d4f44a9786023a1710a35f63c8bf9	2
fck-01226	0	sha256:56420dea5dd333fce95b519dc74d225cee52593edff8e753798697bb046219bc	2
fck-01227	0	sha256:f61c03cd31856e5a41bfa3dfad8b716cb3774beabca2a8417d416d4b9187b7e1	2
fck-01228	0	sha256:e755cff1be20bdd4c35d43b689c3ab1b31847fb3920fb8de9b43c013588b6401	2
fck-01229	0	sha256:0d2301ff77b40ea814ce46b605edc48024e1000a8d7c2c29130ce3b39a4e7af6	2
fck-01230	0	sha256:5581134df826f98748bb9b84d75fc34889c9ca20add49596d352288bfdcf933b	2
fck-01231	0	sha256:1aaa7853790e969d33eca738247985f618f7444968fb45198a227a95719b5dfb	2
fck-01231	0	sha256:25b30876e1ce2153188db6ec9854e5a48fd4194f8c1db2e23382dfe8648c09c8	2
fck-01231	0	sha256:ce5c27529d8ff892b2dcf0960f211c4c30a1dd6fdf62b912f7dfaf65bf86f7ec	2
fck-01234	0	sha256:45e8091648e7d3fde49ddcebfa6e06544e151d0b918ad9999cd47ef843efde8e	2
fck-01234	0	sha256:b898c0a2e01a86c77c45702b45d88e8302ffe1cd4670518969e72541f8fc5b25	2
fck-01236	0	sha256:f48a027b6b7cbc33708e60ce3e6a81305c917d474551e41868da35820fd00359	2
fck-01237	0	sha256:396aa7687cd662b86ccaaa7a90f4bf460048bc12c1136e546a5638fe1e60e362	2
fck-01238	0	sha256:8744cde2c5becfd9db2b0cb911e96d9ddb012fbd813881ae7d52e72ebcb99384	2
fck-01239	0	sha256:117737a30ef1b008e0f2f2ac22c1f6a35e182d8b7511e2d00ee0b27f94f2d555	2
fck-01239	0	sha256:1809d678b871c97fdd2801e877c92c5ab9d99284d8ef3f923798f94e133f2371	2
fck-01241	0	sha256:489750cdc9ad6777dc27afd4f1d133ad7a1d8d40ba0bd0687c523792d87e89b2	2
fck-01242	0	sha256:ac3a7c7027b463249e0ebb95f9b79b871627def0522e2ed7635dcd507d2705f1	2
fck-01243	0	sha256:53309b671be0d13af5702f793a8433887d013dad6afd2e09fd35c7451a72f549	2
fck-01244	0	sha256:05e8b575ab9fd5740d1af79d7fdfe8b89df5caf26e884a6e9ac445c11ca8b94b	2
fck-01245	0	sha256:2bcdd6c94e850a21c8840957613ce560715980a322b098cd4e357354a996208c	2
fck-01246	0	sha256:c4248d1b7be969f298f4f5558ab9035c96c98f738fe2fa43e8a1dc553bcc6478	2
fck-01247	0	sha256:cdc639f76cab7511594062cc5a6691289c8391dbb59ac1c907dbda7ce4e891d6	2
fck-01248	0	sha256:e962e7ffa2319cbd6bdfee8ab693f708e07d141cf2ddf0dcf80268914bf2816f	2
fck-01249	0	sha256:4c435335e9ff5030497f750b7509f8528db14a7e2a27016ba5a08397be4287a4	2
fck-01250	0	sha256:26b7ee1068afe08cd7ca33585f8a9db971f7b165f75f7b8f1a8fdff3b485591d	2
fck-01251	0	sha256:3ecff8c21fcf0cf9548487510bc80454fc421c1ad93a75ea18fc4c68902c63c6	2
fck-01252	0	sha256:59477890121066e09005e54902bdfdc6cc734c74f66bcd7d19604d89a571be8d	2
fck-01253	0	sha256:60d431ccc16f69b7e30bb2a28808966ecbbd1a4d93a00b7a6458e8a64001dd28	2
fck-01255	0	sha256:46ac7b4914b8ab35c47a2d0e537cef38e041ac3bbe4db184a76a09d17db76074	2
fck-01255	0	sha256:70f5d59339cb5507f86b9ba7b5c706c329a97774794cd1570e200c3b7cf7c845	2
fck-01255	0	sha256:79c6efae8db661a9a70e1b3ef049a4f36ce1773ae939c9f40ad6a2aeb6e85de7	2
fck-01255	0	sha256:d843efc9755e4fbb0ed06e15eb74ceee188d041c1be0b8dbb8e9867209e0a065	2
fck-01262	0	sha256:2d0f283e8f4b3de28eaee1cb162c01897a548b0353b589d4fa0e7742a4b7829f	2
fck-01263	0	sha256:6d2fca40169b2aadba8659b19be9a94223334d394dde8311a31195c24e63c511	2
fck-01264	0	sha256:af3f140e00878ef061060b6ba76be9c78f9fbe24b4d02b64474855ff1b34a0ce	2
fck-01265	0	sha256:6547a9facbcabad6558e8e59e8eefe61ef4b7d09dbd72815b196719e080b555d	2
fck-01266	0	sha256:112eb19cb1e329cb7ea2815d2c0d13fc0201ca436798763b0c616cd51cb8e1de	2
fck-01266	0	sha256:3f0d923276aa059596d1eaed2ec6f8b69150d12b1230ae985451d78c128eee08	2
fck-01266	0	sha256:7104ae758fd0353b8caa1fb150e9dd64816a2fc57022cb36334358ca4c9e6ac0	2
fck-01266	0	sha256:f5323b38e90c65a7b24e19b85a2aa04c2ae6e809b6d9fcc354f2cf29ee763aa3	2
fck-01270	0	sha256:03b10f41632c9264952515ceda0bcc34d5318c823e833dfa0bbf1866e9042e81	2
fck-01271	0	sha256:5c25110966639a6709bb8f7d0706758176f263a43c8777bee32a03c0d20f7940	2
fck-01273	0	sha256:50bc4cc08b37e07bb89b286d58dc7a3bba1a36b777f3d67d5bf9824f242c02f2	2
fck-01274	0	sha256:d49614db428065a32237a7ba1abb5867d5897beca52bdefc3cda77fcc286b1b7	2
fck-01275	0	sha256:0b41806ed744c945abd852df44b277873dbe314407d8cabe5c61fce77cf594f1	2
fck-01277	0	sha256:96ec471fc40e5d14341d9602c4fed85fd2c5646587ace29f7a7c032d684091fc	2
fck-01278	0	sha256:464be43d797101ccc64730fa97ed7a700749bf9374e6ef9b6ed113a81818e9e5	2
fck-01278	0	sha256:8947b4a698bef41cd333f3c4752d07626d83da5ee85fb8f971f4900068245dcd	2
fck-01280	0	sha256:2360b0ad8209247ce1f8cac23bfc6620463ce943c7f3a9ba423906a2488ed743	2
fck-01281	0	sha256:39de6cfb7a11adc753507bc8a7c57805f050f1cbbfb8afd32cfe42ee51268ae3	2
fck-01282	0	sha256:36328beecc7af7dbe783a96fb04e8b868d0d32a383b26b69491f05460ca51aac	2
fck-01283	0	sha256:ba170fa20e6aa8acf5b03b30e1ab191c314715723ff4a2155e2736591527bd14	2
fck-01284	0	sha256:4198587e6ff7f1eabb332c1c1b9d13fa38d265b89d0a152ba84424dc3124dffe	2
fck-01285	0	sha256:e49899fe69e9684ae97eab9cfcc96c0178bf0a850fd4b7737e3305a3846b8a36	2
fck-01286	0	sha256:252d82daa58eb74b41b75443e2c21ab6a8f2f783b8fbf3497b9db85c6da57c2a	2
fck-01287	0	sha256:8928b79e3c10b58b29ad84eb01ea05e0d99c117f3dfad2c5f4a9f7664d1e1f81	2
fck-01288	0	sha256:2e50ea29986780b3e565905c0f6de315cb6410ef985b9496f43ac69619fb67bf	2
fck-01289	0	sha256:93fe3c57f4352b8fa111d45a6709583232b76e952701e66476ff4e8210ba4e5e	2
fck-01291	0	sha256:1ba51c6688c3706b27f6646be211d51c5f147970fa9290eeace4265ef68767b8	2
fck-01292	0	sha256:ccd7c6d7c7702f2680482f57ff2e262adcd494f07418f10e791e346bb5564f20	2
fck-01293	0	sha256:fde43d0f63e4a3d2d531e9dd53d03d7889df178c86b4b30ea5215c263bbe045d	2
fck-01294	0	sha256:309576f9266f89d962c74f945c3e1f12a3c60c344aab21085f6cb0919eb35354	2
fck-01295	0	sha256:13096b89cb732417e84f95ff7c0fe470903f7df78bb51126676dbd4dfa9edc09	2
fck-01295	0	sha256:2e8e20bd732ef0793750e06e4a07303bd41335dc653870aef6811684c8d2b8fc	2
fck-01297	0	sha256:1c2325572d6871f1fbe6cef3d85e7e64e0970ebd99bc19a2a5f4eadff5f4d841	2
fck-01298	0	sha256:5a590d96cb68c886b83aeaec7655838c5cef29c1a18c4213bec97e3765167a1d	2
fck-01299	0	sha256:1306fcd65db77bfca94d9d763fcec7a878986c6c0290521af5db838a5650cd60	2
fck-01300	0	sha256:3e105741587b0f9995a9e3cadda27e006bd39409f719fdfc86590eca2231740b	2
fck-01301	0	sha256:a9714af8bbcc388863af815437fc81bdda2d14e03a2cb2bd7c9d709a1421f3f8	2
fck-01302	0	sha256:f95bdd1f7ca5e3de750406ee0ad1e08abb0d1e018ec6c61f7f44bd618f242abf	2
fck-01303	0	sha256:5d67c7c495b359797569a6efee652181580fc4292bbdee7bd9737cc24b8e7198	2
fck-01304	0	sha256:161ca133e38ffb822dbaa8dce451eba302af5a361072c7c4c711dfb9991d4296	2
fck-01305	0	sha256:4f322b7e4349a8debb2885b34b5f774e7e28f9251092f43bc0fb87e316fe03bd	2
fck-01305	0	sha256:7307b88fe5c8e6838857525bfbd0623e1f2485386cc08b0ec7360006c5d0efa8	2
fck-01305	0	sha256:8dae578ea29be29dce330112f681f3b20c601ed69330f335697d1a989e7eff12	2
fck-01308	0	sha256:4c4ed59438b4767ede74b7add05e970257417d2bb7f83d1285cccbc7d3b8e654	2
fck-01309	0	sha256:2fa19aa25ac62d8acc76961e41070a256c002bbc0263e92a855b45035c62e2c7	2
fck-01310	0	sha256:58cd6aefdc61f723316b2f34ab4eb52a64a49100fd9ef8336f74f85de4d5512b	2
fck-01311	0	sha256:25085bf2bb2df24176d29fa7be42d83854558cc694d8a795ca8b5e17648f8f2a	2
fck-01311	0	sha256:a348cd0dfef1ee25fca5c1277b8d7db8b8c9defc2bfc925754cad1a214544074	2
